Iteration	Posterior	Likelihood	Prior	beta_scale	matrix_probs[1]	matrix_probs[2]	matrix_probs[3]	matrix_probs[4]	rate_log_sd	tree_length
0	-3800.02	-3947.837	147.8167	3.17369	0.365573	0.0996111	0.193788	0.341027	1.044371	4.454202
6	-3785.537	-3932.243	146.706	2.898759	0.330519	0.0758431	0.285977	0.307661	1.044371	5.165379
12	-3795.631	-3941.241	145.6097	1.669286	0.310769	0.118674	0.274926	0.295631	0.8464775	6.349211
18	-3791.545	-3936.117	144.572	2.016605	0.203093	0.102405	0.401284	0.293217	0.8216277	6.777021
24	-3795.082	-3939.703	144.6212	2.00678	0.314813	0.0699815	0.191466	0.423739	0.7797755	6.777021
30	-3796.142	-3941.341	145.1989	2.00678	0.294378	0.105126	0.308985	0.291512	0.912884	6.392417
36	-3788.837	-3933.831	144.9944	2.00678	0.271551	0.096974	0.362568	0.268907	0.8270813	6.549724
42	-3791.588	-3936.569	144.9807	2.11399	0.192821	0.240448	0.322091	0.24464	0.7614326	6.549724
48	-3797.948	-3942.237	144.289	1.981405	0.217606	0.271355	0.234953	0.276085	0.8880968	6.908074
54	-3799.158	-3945.113	145.9545	1.76083	0.165658	0.238599	0.352984	0.242758	0.951189	6.064395
60	-3807.719	-3956.562	148.8435	1.189317	0.221875	0.224925	0.472771	0.0804295	1.039505	4.696674
66	-3816.437	-3966.737	150.2995	1.251946	0.0755446	0.317968	0.340632	0.265855	1.129496	3.786608
72	-3797.533	-3943.983	146.4501	2.808698	0.263571	0.144742	0.337536	0.254151	1.108146	5.30229
78	-3788.103	-3934.338	146.2354	2.089653	0.149367	0.14339	0.403457	0.303787	0.9360797	5.781572
84	-3783.147	-3930.161	147.0144	1.784548	0.293554	0.134605	0.326215	0.245626	0.8741866	5.516083
90	-3787.924	-3935.257	147.3338	2.054767	0.173063	0.24635	0.402261	0.178325	0.8907669	5.216501
96	-3781.835	-3928.631	146.7963	2.119408	0.148676	0.178456	0.24213	0.430738	0.90603	5.47834
102	-3778.248	-3925.148	146.8991	1.609795	0.167841	0.110039	0.566512	0.155608	0.9621932	5.609308
108	-3778.267	-3924.932	146.6649	1.50551	0.244411	0.0945454	0.434445	0.226598	0.886973	5.827361
114	-3787.169	-3933.433	146.2645	2.630411	0.368311	0.113267	0.209291	0.309131	0.8704881	5.59754
120	-3787.117	-3929.889	142.7718	5.089456	0.35442	0.108996	0.188976	0.347608	0.8577113	6.80798
126	-3788.053	-3934.06	146.007	3.042636	0.217891	0.284582	0.0699519	0.427575	0.8782239	5.59451
132	-3789.805	-3933.636	143.8313	3.581768	0.294557	0.0835026	0.0835992	0.538342	0.8558052	6.62605
138	-3778.965	-3924.381	145.4158	1.940474	0.273971	0.156731	0.253542	0.315756	0.9141839	6.301163
144	-3787.292	-3934.666	147.374	2.795981	0.316676	0.053821	0.521073	0.10843	1.059673	4.820931
150	-3789.561	-3936.426	146.8657	2.947896	0.285397	0.140697	0.116079	0.457828	1.154994	4.998888
156	-3790.721	-3938.872	148.1512	2.65436	0.203008	0.325396	0.0825691	0.389026	1.021961	4.45678
162	-3790.85	-3938.256	147.4061	2.278563	0.16486	0.256951	0.192008	0.386181	1.085779	4.978903
168	-3802.176	-3950.318	148.1424	2.278563	0.160698	0.148408	0.314463	0.376431	1.057493	4.583538
174	-3792.775	-3940.705	147.9305	2.235502	0.2501	0.159519	0.206846	0.383535	0.9608571	4.773234
180	-3794.604	-3939.237	144.6335	2.17542	0.173181	0.249237	0.184468	0.393114	0.7789313	6.703969
186	-3797.765	-3943.741	145.9754	1.554799	0.0617064	0.394583	0.308239	0.235472	0.8362909	6.207998
192	-3789.029	-3934.48	145.4504	1.261526	0.0789263	0.273898	0.483445	0.16373	0.8956375	6.60158
198	-3794.56	-3938.758	144.198	3.459274	0.203137	0.453381	0.073387	0.270096	0.829358	6.477875
204	-3789.836	-3934.294	144.4576	2.397861	0.241812	0.26972	0.0948148	0.393653	0.8308799	6.686871
210	-3784.253	-3929.584	145.3317	2.378459	0.19445	0.300463	0.109488	0.395598	0.7479588	6.265345
216	-3795.37	-3940.756	145.386	1.652656	0.186697	0.303355	0.110542	0.399406	0.7203015	6.546248
222	-3792.974	-3937.906	144.9319	2.080742	0.207975	0.288531	0.123605	0.379889	0.841053	6.546248
228	-3797.235	-3944.294	147.0586	2.085603	0.171822	0.260519	0.235326	0.332334	0.9444009	5.326311
234	-3787.378	-3934.809	147.4308	1.920025	0.336581	0.15772	0.262259	0.24344	0.968609	5.175924
240	-3786.257	-3934.438	148.1808	1.352907	0.193265	0.0774177	0.556092	0.173225	0.847323	5.088631
246	-3790.746	-3936.025	145.2784	1.915298	0.235703	0.0494949	0.579867	0.134935	0.8410409	6.425901
252	-3794.38	-3941.251	146.8706	2.186957	0.265141	0.133777	0.411573	0.189509	0.8968361	5.415657
258	-3797.475	-3942.359	144.8841	2.060437	0.283839	0.131805	0.405505	0.178851	0.8925925	6.552324
264	-3794.249	-3940.449	146.2	1.274304	0.118003	0.138797	0.515732	0.227467	0.942937	6.162816
270	-3802.829	-3950.416	147.5873	2.145318	0.265016	0.115831	0.503615	0.115538	1.07824	4.935109
276	-3797.93	-3946.281	148.3503	1.744049	0.121188	0.180911	0.559257	0.138644	0.9898272	4.729606
282	-3787.937	-3936.429	148.4921	2.325328	0.190229	0.138704	0.428782	0.242285	1.110825	4.338228
288	-3791.605	-3939.868	148.2633	2.310072	0.167888	0.291425	0.300479	0.240208	1.030502	4.518451
294	-3794.983	-3943.133	148.1503	2.278381	0.179566	0.377345	0.202486	0.240602	1.036183	4.591136
300	-3799.602	-3943.324	143.7219	2.051778	0.209614	0.433466	0.0455445	0.311376	0.7002935	7.285809
306	-3800.885	-3946.025	145.1399	2.662132	0.24296	0.245217	0.137535	0.374288	0.7517839	6.265357
312	-3792.744	-3937.098	144.3539	3.380233	0.252858	0.22005	0.163551	0.363542	0.8567553	6.402206
318	-3801.34	-3946.005	144.6653	3.313134	0.191492	0.211041	0.196708	0.400759	0.9031976	6.2283
324	-3806.11	-3952.07	145.9598	1.822579	0.233176	0.365444	0.122894	0.278486	0.9095312	6.057484
330	-3794.245	-3940.894	146.6493	1.735252	0.175152	0.350321	0.207567	0.266961	0.8904343	5.729187
336	-3792.286	-3937.705	145.4193	2.196711	0.23264	0.158124	0.379346	0.22989	0.8457639	6.233693
342	-3792.317	-3939.197	146.88	1.842034	0.20514	0.237491	0.235292	0.322077	0.8641986	5.570493
348	-3788.055	-3932.029	143.9747	2.464921	0.192938	0.251977	0.252164	0.302921	0.7489525	6.967153
354	-3789.627	-3936.031	146.4041	2.542643	0.12972	0.412985	0.333953	0.123342	1.017212	5.471649
360	-3789.399	-3936.094	146.6948	2.542643	0.181547	0.242235	0.195879	0.380339	1.111997	5.259114
366	-3790.805	-3938.902	148.097	2.216755	0.187746	0.151563	0.42272	0.237972	1.111997	4.602943
372	-3789.924	-3938.293	148.369	2.079299	0.236865	0.400859	0.0620455	0.300231	1.228593	4.440343
378	-3784.9	-3933.588	148.6877	1.481702	0.114967	0.391329	0.241851	0.251854	1.127879	4.585984
384	-3788.946	-3936.289	147.3427	1.884771	0.188101	0.187322	0.410894	0.213683	1.003335	5.220481
390	-3806.639	-3954.089	147.4496	2.012421	0.208637	0.0915055	0.493673	0.206185	1.003685	5.10729
396	-3804.9	-3949.92	145.02	3.730835	0.309041	0.0460266	0.352546	0.292387	0.9040497	5.910924
402	-3804.978	-3949.608	144.6299	1.851874	0.261188	0.0315476	0.526779	0.180485	0.8805794	6.781881
408	-3799.899	-3945.781	145.8821	1.851874	0.231485	0.032343	0.553869	0.182303	0.8316433	6.129723
414	-3793.624	-3939.41	145.7858	2.222133	0.129401	0.224576	0.219705	0.426319	1.241886	5.807912
420	-3785.588	-3934.514	148.9258	1.811076	0.122489	0.241155	0.390336	0.24602	1.182882	4.267142
426	-3802.188	-3950.604	148.4161	1.111309	0.126994	0.273623	0.481378	0.118005	1.152467	4.913823
432	-3798.974	-3946.008	147.0335	1.028818	0.148296	0.250938	0.446284	0.154482	0.8928558	5.863753
438	-3790.074	-3935.406	145.3318	1.044226	0.107179	0.293336	0.431715	0.16777	0.883465	6.784569
444	-3780.363	-3926.266	145.9036	1.369487	0.10687	0.298866	0.427955	0.166309	0.9439606	6.276383
450	-3780.882	-3926.973	146.0911	1.300251	0.165711	0.252169	0.427095	0.155025	0.81911	6.276383
456	-3791.283	-3937.295	146.0116	1.300251	0.0745808	0.362574	0.382101	0.180744	0.8479967	6.303878
462	-3782.314	-3927.997	145.6835	2.069827	0.132774	0.244481	0.424416	0.198329	0.8570944	6.13393
468	-3779.406	-3926.43	147.0233	1.209361	0.202306	0.205248	0.425943	0.166503	0.7975092	5.826063
474	-3787.352	-3933.947	146.5958	1.394621	0.0846509	0.296874	0.447602	0.170873	0.7870201	5.972702
480	-3784.1	-3930.255	146.155	1.851684	0.149302	0.403281	0.160649	0.286768	0.8208029	5.986949
486	-3780.717	-3927.848	147.1313	1.745439	0.0809526	0.380469	0.164643	0.373936	0.9113942	5.448526
492	-3775.455	-3922.162	146.7069	1.745439	0.134811	0.44754	0.0506819	0.366966	0.8615779	5.708932
498	-3780.995	-3926.946	145.9514	2.278847	0.12687	0.46143	0.0522549	0.359445	0.8782391	5.89435
504	-3784.571	-3929.58	145.0086	1.95948	0.242215	0.395166	0.0162291	0.346389	0.9510023	6.494224
510	-3790.83	-3935.614	144.7843	2.972442	0.264674	0.2504	0.13531	0.349616	0.953919	6.243925
516	-3784.361	-3930.79	146.4291	2.897008	0.264978	0.236587	0.168103	0.330331	0.9856177	5.351428
522	-3787.231	-3933.516	146.2849	2.424475	0.255846	0.422877	0.0162624	0.305015	1.076229	5.548185
528	-3790.596	-3939.424	148.8279	1.797357	0.136153	0.375925	0.209153	0.27877	1.076229	4.388925
534	-3793.11	-3941.81	148.7	1.701686	0.13404	0.251833	0.371475	0.242652	1.047928	4.520173
540	-3794.98	-3943.101	148.1212	2.690818	0.151636	0.333125	0.149952	0.365288	1.092562	4.420779
546	-3783.098	-3929.747	146.6492	2.028067	0.137833	0.307958	0.169029	0.38518	0.9723339	5.559806
552	-3780.911	-3926.937	146.0257	2.794517	0.22318	0.310445	0.192396	0.273979	0.9211746	5.643593
558	-3774.434	-3921.396	146.9625	1.732883	0.23208	0.377871	0.0471329	0.342916	0.8557537	5.577453
564	-3779.286	-3923.603	144.3173	1.98681	0.188191	0.345631	0.0424255	0.423753	0.9734824	6.844584
570	-3784.404	-3930.186	145.7818	1.954709	0.210362	0.38635	0.0801916	0.323096	0.9153101	6.095608
576	-3792.895	-3937.221	144.3261	2.479344	0.226811	0.259282	0.0605725	0.453335	0.7271658	6.784203
582	-3784.877	-3931.381	146.5032	2.551669	0.157858	0.299062	0.155314	0.387766	0.8801982	5.489251
588	-3783.128	-3929.479	146.3512	2.348588	0.23964	0.313736	0.0553774	0.391247	1.020541	5.570825
594	-3787.482	-3933.582	146.1	2.245517	0.146396	0.247164	0.206796	0.399643	0.9921521	5.763603
600	-3788.198	-3933.645	145.4476	2.196788	0.119178	0.437395	0.118085	0.325342	0.9453179	6.164124
606	-3783.849	-3929.002	145.1531	2.488695	0.137544	0.380997	0.10009	0.381369	0.935359	6.220064
612	-3789.784	-3935.283	145.4987	2.581097	0.137789	0.381678	0.0984832	0.38205	0.953401	5.98882
618	-3786.297	-3931.426	145.1288	2.8135	0.211372	0.445487	0.0152554	0.327885	0.8926602	6.142749
624	-3791.621	-3938.395	146.774	2.091626	0.0571208	0.571859	0.0171556	0.353864	1.009829	5.444652
630	-3795.522	-3941.645	146.1229	2.091626	0.0552338	0.58103	0.00419743	0.359539	0.9967633	5.809127
636	-3792.529	-3937.72	145.191	2.422064	0.0221329	0.675086	0.00980044	0.292981	0.8471972	6.271738
642	-3791.796	-3938.351	146.555	2.109317	0.177764	0.332618	0.156308	0.333309	1.028943	5.5475
648	-3796.444	-3942.776	146.3323	2.109317	0.176871	0.406161	0.163889	0.253079	0.9988802	5.686242
654	-3791.118	-3938.907	147.7891	2.590634	0.15921	0.462914	0.0614822	0.316394	1.15298	4.609877
660	-3781.852	-3929.974	148.1222	1.734478	0.0729775	0.521709	0.0659463	0.339367	1.027836	4.840036
666	-3789.151	-3936.199	147.0481	1.734478	0.168056	0.417703	0.0954781	0.318762	1.216736	5.330925
672	-3799.946	-3949.023	149.0764	1.407232	0.059862	0.463182	0.225003	0.251954	0.9408783	4.50935
678	-3803.375	-3950.964	147.5884	1.188034	0.0491856	0.468442	0.227558	0.254815	0.9800156	5.426823
684	-3790.323	-3935.916	145.5935	1.398228	0.155356	0.334178	0.303517	0.206949	0.853643	6.479686
690	-3793.091	-3938.212	145.1202	2.088155	0.0495708	0.429674	0.254669	0.266087	1.02751	6.340147
696	-3793.806	-3940.822	147.0165	1.870255	0.0566897	0.620985	0.0475508	0.274775	1.071492	5.369158
702	-3793.612	-3940.236	146.6244	1.733948	0.199691	0.31117	0.216978	0.272161	0.770521	5.809042
708	-3786.144	-3933.474	147.3302	1.523564	0.194141	0.302522	0.235992	0.267345	0.9584007	5.414503
714	-3786.63	-3934.228	147.5979	1.550197	0.267011	0.284721	0.197019	0.251249	0.9961855	5.233349
720	-3782.969	-3931.479	148.5103	2.027374	0.203592	0.217095	0.38774	0.191573	0.9961855	4.513286
726	-3785.925	-3933.679	147.754	2.655687	0.204437	0.141283	0.285628	0.368652	1.057455	4.659437
732	-3784.286	-3932.584	148.2983	1.679617	0.233557	0.219317	0.212006	0.33512	1.032245	4.764152
738	-3783.375	-3931.857	148.4826	2.353649	0.242661	0.0896037	0.311004	0.356731	1.048948	4.3675
744	-3778.373	-3927.169	148.7964	1.969798	0.175952	0.249962	0.331381	0.242704	1.012131	4.3675
750	-3786.649	-3935.776	149.1269	1.902988	0.231308	0.124221	0.51437	0.130101	1.140501	4.136358
756	-3789.291	-3937.641	148.35	2.348286	0.191702	0.148156	0.426297	0.233845	0.9237263	4.514858
762	-3785.526	-3933.336	147.8099	1.592008	0.0857471	0.2469	0.496301	0.171053	1.146739	5.012917
768	-3783.406	-3930.206	146.7993	1.348458	0.152482	0.396656	0.176058	0.274804	0.9175066	5.812849
774	-3790.046	-3937.271	147.2255	1.657805	0.227847	0.296235	0.243946	0.231972	0.9700794	5.403612
780	-3780.764	-3925.474	144.7104	1.660316	0.115184	0.307065	0.356095	0.221656	0.7754218	6.878046
786	-3782.51	-3928.582	146.072	1.990861	0.0845946	0.303504	0.392817	0.219085	0.8629157	5.951065
792	-3784.622	-3931.662	147.0402	1.052795	0.0770959	0.358231	0.352407	0.212266	0.8044499	5.895443
798	-3786.619	-3933.445	146.8259	1.033349	0.137671	0.334718	0.329277	0.198334	1.037999	5.895443
804	-3793.454	-3939.268	145.8142	2.250811	0.0619859	0.311411	0.306349	0.320254	0.8580216	5.991058
810	-3802.916	-3948.041	145.1253	3.870878	0.302779	0.0982614	0.252841	0.346119	0.9930196	5.765041
816	-3803.846	-3949.437	145.5907	2.711144	0.299462	0.20115	0.157061	0.342327	0.8578745	5.945016
822	-3800.315	-3945.911	145.5966	3.230548	0.292472	0.153895	0.107201	0.446432	0.8691379	5.764483
828	-3792.553	-3940.914	148.3606	3.121148	0.302539	0.181914	0.174232	0.341314	1.09103	4.137314
834	-3785.563	-3932.737	147.1737	2.010254	0.211295	0.302698	0.106523	0.379484	1.00223	5.261677
840	-3795.277	-3941.109	145.8319	2.622971	0.217935	0.0980114	0.441376	0.242677	0.8330569	5.85769
846	-3796.547	-3942.572	146.0252	2.488361	0.235499	0.180871	0.366994	0.216635	0.8181276	5.808524
852	-3806.092	-3951.347	145.2552	4.083322	0.215698	0.0257393	0.517426	0.241137	0.9772223	5.643987
858	-3797.107	-3944.19	147.0833	1.735278	0.221189	0.193333	0.328793	0.256684	0.9549701	5.455421
864	-3803.567	-3949.419	145.8517	3.164372	0.18672	0.245116	0.31095	0.257214	0.765874	5.702151
870	-3795.18	-3940.795	145.6154	1.72967	0.160645	0.357279	0.267527	0.214548	0.919537	6.279711
876	-3795.922	-3942.308	146.3861	2.965995	0.174671	0.313177	0.196148	0.316004	0.8115558	5.447983
882	-3792.826	-3938.934	146.1079	2.74076	0.21711	0.37035	0.017503	0.395037	0.9041024	5.626356
888	-3789.356	-3935.758	146.4019	2.984598	0.26707	0.337445	0.0492886	0.346196	0.9226112	5.371924
894	-3791.079	-3937.221	146.1418	2.348439	0.176973	0.221639	0.294654	0.306734	0.8420906	5.783516
900	-3793.909	-3939.338	145.4291	2.112903	0.197709	0.286914	0.118307	0.397071	0.7621313	6.306656
906	-3790.538	-3935.319	144.7806	2.633273	0.216282	0.219926	0.129421	0.434372	0.8860198	6.397605
912	-3785.939	-3933.454	147.5154	2.829371	0.216526	0.234627	0.142356	0.406491	0.9003914	4.819338
918	-3800.853	-3948.114	147.261	3.230578	0.302172	0.260696	0.0550007	0.382131	0.9524161	4.798939
924	-3799.778	-3946.05	146.272	3.230578	0.194692	0.3724	0.0067131	0.426195	0.7988955	5.432174
930	-3788.398	-3932.933	144.535	1.804671	0.0460557	0.539118	0.0147698	0.400057	0.7421042	6.927783
936	-3787.888	-3934.445	146.5571	1.77227	0.0565776	0.537684	0.0691648	0.336573	0.8501013	5.785513
942	-3786.956	-3934.319	147.3635	1.653552	0.0850291	0.484029	0.163138	0.267804	0.9711502	5.328854
948	-3788.968	-3937.738	148.7706	1.63728	0.0931405	0.530203	0.0833057	0.293351	1.040293	4.514522
954	-3790.775	-3940.398	149.6233	1.956204	0.105904	0.455742	0.186201	0.252154	1.239455	3.772261
960	-3799.676	-3949.65	149.9743	1.500997	0.158328	0.272074	0.225749	0.343849	1.256741	3.772261
966	-3799.484	-3947.657	148.1723	2.735347	0.291164	0.169115	0.242851	0.296869	1.079669	4.383235
972	-3790.746	-3936.543	145.7971	1.936757	0.174098	0.396197	0.232438	0.197267	0.839709	6.135914
978	-3799.831	-3945.975	146.1437	2.811499	0.188055	0.251998	0.206876	0.353072	0.8492412	5.612471
984	-3788.525	-3934.002	145.4772	1.862989	0.155116	0.193839	0.379458	0.271586	0.8234166	6.349554
990	-3797.199	-3943.07	145.8704	1.569186	0.20742	0.240608	0.382965	0.169007	1.030263	6.152947
996	-3786.784	-3932.957	146.1734	1.872757	0.127029	0.255532	0.356218	0.261221	0.8202069	5.968314
1002	-3786.552	-3932.371	145.8194	1.684845	0.184327	0.301317	0.206331	0.308025	0.7231089	6.295411
1008	-3794.137	-3941.575	147.4383	1.138375	0.150744	0.295846	0.371414	0.181996	0.7931564	5.638105
1014	-3775.032	-3921.32	146.2874	2.008559	0.147975	0.307451	0.375311	0.169263	0.9158099	5.797155
1020	-3795.188	-3941.196	146.0081	2.240416	0.246994	0.302437	0.154028	0.296541	0.93935	5.844722
1026	-3800.531	-3947.682	147.1507	2.322262	0.270239	0.286696	0.212414	0.23065	0.9627611	5.171916
1032	-3785.727	-3930.974	145.2473	1.877097	0.183692	0.285866	0.267479	0.262963	0.8463347	6.455859
1038	-3787.76	-3934.539	146.7782	2.302141	0.245447	0.316431	0.0867541	0.351368	0.9738269	5.379285
1044	-3789.846	-3935.148	145.3016	2.432411	0.158387	0.304812	0.234475	0.302326	0.866634	6.197263
1050	-3790.583	-3934.838	144.2552	1.4179	0.124929	0.417703	0.213578	0.24379	0.7921715	7.225317
1056	-3791.171	-3934.477	143.3059	2.47457	0.178708	0.272924	0.256072	0.292296	0.9313459	7.225317
1062	-3787.182	-3932.954	145.7721	2.377158	0.0820184	0.558097	0.117525	0.24236	0.8731516	5.957857
1068	-3791.816	-3938.154	146.3379	1.571705	0.122414	0.429238	0.146414	0.301935	0.9186428	5.957857
1074	-3797.375	-3944.399	147.0246	1.555848	0.26887	0.0499516	0.422913	0.258265	0.7735938	5.668878
1080	-3797.499	-3941.247	143.7482	1.335917	0.178505	0.161503	0.488527	0.171464	0.7610239	7.553266
1086	-3797.174	-3940.895	143.7208	2.330568	0.265307	0.191372	0.371247	0.172073	0.8085392	7.120989
1092	-3789.375	-3934.522	145.1462	2.841923	0.290004	0.0965401	0.406078	0.207377	0.8502681	6.146743
1098	-3779.676	-3922.581	142.9049	1.707881	0.295078	0.0982291	0.395687	0.211006	0.845769	7.788331
1104	-3785.188	-3930.332	145.1437	2.335405	0.293217	0.138834	0.269271	0.298678	0.8141329	6.347611
1110	-3788.298	-3932.476	144.1783	2.335405	0.269385	0.163128	0.280337	0.287149	0.7180925	6.921614
1116	-3780.721	-3924.217	143.4964	3.081657	0.309642	0.0755092	0.348707	0.266142	0.9244013	6.921614
1122	-3791.291	-3936.92	145.6294	2.80733	0.306727	0.0228364	0.45921	0.211226	0.888887	5.873896
1128	-3799.672	-3945.838	146.1662	2.093747	0.354782	0.0330963	0.512344	0.0997779	0.8271258	5.877378
1134	-3802.152	-3949.382	147.2294	1.279489	0.203115	0.176769	0.511789	0.108327	0.9291575	5.605221
1140	-3790.878	-3935.726	144.8483	1.66514	0.23217	0.168118	0.431829	0.167883	0.9695084	6.696758
1146	-3782.024	-3927.208	145.1846	1.66514	0.26561	0.160796	0.413022	0.160572	0.8868702	6.55956
1152	-3779.941	-3926.062	146.1202	1.66514	0.0780786	0.493888	0.30821	0.119824	0.9652456	6.0087
1158	-3775.562	-3922.703	147.1415	1.655305	0.132481	0.41739	0.195513	0.254617	0.9947921	5.437381
1164	-3773.004	-3918.6	145.5959	1.317592	0.0740142	0.532613	0.251123	0.142249	0.8682194	6.509815
1170	-3788.717	-3935.847	147.1307	1.465943	0.0986497	0.536588	0.221452	0.143311	0.9702592	5.545121
1176	-3792.308	-3938.91	146.6018	1.465943	0.086807	0.448858	0.239105	0.22523	1.032041	5.801254
1182	-3793.316	-3941.269	147.9529	1.788608	0.114325	0.384014	0.326512	0.175149	1.032041	4.907858
1188	-3783.769	-3931.758	147.9885	1.96431	0.18688	0.274257	0.35093	0.187932	1.003578	4.827891
1194	-3802.576	-3950.573	147.9973	1.117175	0.131402	0.352063	0.335855	0.180679	1.074085	5.186598
1200	-3796.641	-3943.531	146.8908	1.370088	0.111986	0.124038	0.610514	0.153462	0.9887493	5.713072
1206	-3791.566	-3939.346	147.7798	2.01754	0.152575	0.264422	0.364751	0.218252	1.113612	4.860562
1212	-3792.178	-3938.848	146.6701	1.673475	0.0920119	0.347001	0.219967	0.341021	1.004002	5.683113
1218	-3798.915	-3946.56	147.6444	1.586802	0.12343	0.123137	0.440018	0.313415	1.040541	5.165961
1224	-3792.346	-3939.788	147.4421	1.674714	0.151276	0.457841	0.196996	0.193887	0.9525027	5.286146
1230	-3795.049	-3942.181	147.1321	2.141919	0.142901	0.502282	0.104376	0.250441	1.008425	5.227661
1236	-3785.01	-3932.012	147.0015	2.350567	0.159674	0.273547	0.308751	0.258028	0.9915768	5.227661
1242	-3787.289	-3934.426	147.1362	2.085034	0.236472	0.191229	0.236588	0.335712	0.9941225	5.256226
1248	-3785.491	-3932.809	147.3189	2.093715	0.204936	0.333215	0.230005	0.231843	0.86979	5.220442
1254	-3789.115	-3936.396	147.2819	1.765656	0.138348	0.327606	0.306105	0.22794	1.051083	5.279515
1260	-3794.618	-3941.264	146.6463	2.497435	0.0770858	0.279641	0.384202	0.259071	1.153513	5.279515
1266	-3786.72	-3933.086	146.3659	1.944901	0.211438	0.257571	0.21645	0.314541	0.8966148	5.790993
1272	-3793.8	-3939.779	145.9781	2.355445	0.263844	0.151217	0.270099	0.314841	0.8966148	5.840617
1278	-3800.628	-3946.732	146.1035	1.887416	0.242284	0.237439	0.248028	0.27225	0.8966148	5.958543
1284	-3816.656	-3963.364	146.7088	1.41963	0.213367	0.163024	0.440008	0.183601	0.8013072	5.891121
1290	-3798.036	-3944.901	146.8651	1.14434	0.180756	0.250176	0.372755	0.196313	0.9184053	5.880232
1296	-3797.706	-3942.084	144.3772	3.108747	0.12045	0.330772	0.25282	0.295957	1.005636	6.3929
1302	-3792.546	-3937.693	145.1467	2.323273	0.251599	0.142295	0.340968	0.265138	0.8679694	6.321273
1308	-3782.512	-3927.197	144.6852	1.550326	0.2057	0.200098	0.420807	0.173395	0.7571209	6.951124
1314	-3802.96	-3950.341	147.3811	1.570954	0.244338	0.237684	0.302012	0.215966	0.9776079	5.353622
1320	-3798.4	-3945.17	146.7708	2.375426	0.156584	0.241742	0.275625	0.326049	1.022357	5.32869
1326	-3786.821	-3932.124	145.3031	2.244774	0.16865	0.270011	0.300674	0.260665	0.8092737	6.298078
1332	-3789.275	-3933.565	144.2905	1.416436	0.0823189	0.32037	0.428703	0.168608	0.7961539	7.204913
1338	-3779.916	-3926.818	146.9021	1.209813	0.09308	0.36225	0.393527	0.151143	0.8429534	5.86725
1344	-3788.075	-3936.948	148.8737	1.384511	0.212681	0.168205	0.480706	0.138408	1.01933	4.590488
1350	-3784.338	-3931.952	147.6144	1.565218	0.184995	0.0438375	0.635769	0.135398	1.06767	5.17765
1356	-3777.93	-3923.775	145.845	1.565218	0.278877	0.073801	0.485114	0.162209	0.9324961	6.221767
1362	-3774.305	-3922.001	147.6959	1.79576	0.262897	0.0182894	0.54104	0.177774	1.057912	5.033222
1368	-3775.087	-3919.907	144.8197	2.647714	0.264898	0.0143738	0.41004	0.310688	0.8991571	6.364213
1374	-3784.835	-3931.937	147.1018	1.796977	0.219863	0.169309	0.428556	0.182272	0.8159293	5.49464
1380	-3793.041	-3939.696	146.6549	1.600251	0.137175	0.137844	0.541143	0.183838	0.9344075	5.76281
1386	-3787.824	-3933.43	145.6061	1.786264	0.173871	0.174423	0.419083	0.232623	0.8638068	6.290398
1392	-3773.534	-3920.849	147.3144	1.786264	0.203172	0.203818	0.321185	0.271825	0.9311625	5.318681
1398	-3785.662	-3932.856	147.1939	1.536594	0.14879	0.138756	0.553798	0.158656	0.9329244	5.497398
1404	-3786.576	-3932.442	145.8665	1.878782	0.227493	0.112254	0.502834	0.157419	0.8979781	6.090686
1410	-3792.863	-3938.119	145.2559	2.163307	0.236807	0.243725	0.152229	0.367238	1.074899	6.21099
1416	-3791.899	-3937.847	145.9481	2.357963	0.184141	0.182606	0.272483	0.360771	0.9084765	5.849594
1422	-3782.293	-3926.728	144.4353	2.106411	0.230778	0.226472	0.228216	0.314534	0.8317435	6.809508
1428	-3780.138	-3925.65	145.5117	2.106411	0.233534	0.30275	0.0719946	0.391721	0.920036	6.17851
1434	-3782.83	-3927.877	145.0474	2.808491	0.282809	0.134818	0.0960108	0.486362	0.911435	6.17851
1440	-3794.271	-3940.74	146.4689	2.410048	0.191413	0.139187	0.492094	0.177306	0.9731777	5.509034
1446	-3807.975	-3952.516	144.5412	2.862916	0.191316	0.246099	0.204669	0.357916	1.032374	6.369543
1452	-3796.156	-3942.676	146.5199	2.560698	0.264708	0.211638	0.0930014	0.430652	0.8649391	5.485181
1458	-3799.715	-3947.512	147.7968	2.58173	0.343196	0.212866	0.0134089	0.430529	1.136602	4.618003
1464	-3790.511	-3937.416	146.9047	2.536078	0.205173	0.16421	0.427762	0.202855	1.035766	5.18762
1470	-3785.633	-3930.662	145.0285	2.913817	0.206852	0.159621	0.435479	0.198048	0.878767	6.171283
1476	-3780.356	-3926.071	145.7145	1.92082	0.158719	0.193763	0.5344	0.113118	0.878767	6.166221
1482	-3776.002	-3922.206	146.2036	2.167145	0.163984	0.173968	0.519626	0.142422	1.051105	5.705129
1488	-3784.058	-3930.844	146.7863	1.881916	0.216997	0.297281	0.255078	0.230644	0.9696688	5.54695
1494	-3789.062	-3934.9	145.8381	1.453142	0.0342182	0.510858	0.265919	0.189005	0.7946418	6.352795
1500	-3779.767	-3924.917	145.1498	1.453142	0.101129	0.245002	0.48638	0.167489	0.9079239	6.664255
1506	-3788.871	-3933.039	144.1679	0.9443658	0.127003	0.281299	0.558438	0.0332592	0.8717311	7.47057
1512	-3780.386	-3928.015	147.6288	0.8310008	0.127455	0.264581	0.576397	0.031567	1.006853	5.58551
1518	-3785.174	-3933.674	148.5002	1.195947	0.10699	0.347301	0.514138	0.0315707	0.9648275	4.926406
1524	-3784.208	-3931.306	147.0979	1.447375	0.160387	0.251977	0.497617	0.0900184	0.9237511	5.597559
1530	-3788.095	-3935.453	147.3585	1.603577	0.15607	0.252145	0.484222	0.107563	1.069322	5.30033
1536	-3785.773	-3934.248	148.4747	1.447042	0.15847	0.256023	0.491669	0.0938387	0.9908473	4.798795
1542	-3782.761	-3931.581	148.8195	1.737595	0.148781	0.311363	0.356179	0.183678	1.155073	4.376137
1548	-3783.135	-3933.426	150.2908	1.387768	0.178501	0.367325	0.239572	0.214602	1.245489	3.653244
1554	-3786.323	-3937.251	150.9279	1.532356	0.20146	0.165672	0.483721	0.149147	1.270626	3.191442
1560	-3783.276	-3933.392	150.1165	1.165808	0.200613	0.163711	0.522484	0.113192	1.314885	3.831877
1566	-3785.104	-3933.956	148.8514	1.13225	0.241736	0.19727	0.424599	0.136395	1.231192	4.615373
1572	-3785.105	-3934.327	149.2219	1.19948	0.116216	0.248767	0.463016	0.172	1.050186	4.472939
1578	-3793.74	-3942.193	148.4529	1.111412	0.121391	0.241445	0.449388	0.187776	0.9007929	5.033209
1584	-3795.034	-3942.296	147.2624	1.111412	0.212521	0.29447	0.262665	0.230343	0.892064	5.69457
1590	-3788.473	-3935.076	146.6035	1.613057	0.161748	0.341261	0.350368	0.146623	0.9177943	5.794192
1596	-3789.937	-3937.252	147.3157	1.201218	0.0581119	0.426853	0.397406	0.117628	1.040212	5.53689
1602	-3789.801	-3936.234	146.4331	1.109935	0.0990869	0.393735	0.459651	0.0475273	0.840533	6.176273
1608	-3801.498	-3946.946	145.4481	2.242541	0.21458	0.225798	0.263599	0.296022	0.7603237	6.246736
1614	-3788.542	-3934.039	145.4973	2.273641	0.226334	0.242014	0.28253	0.249122	0.955091	6.102101
1620	-3784.568	-3930.058	145.4902	2.179269	0.173451	0.328823	0.188371	0.309355	0.955091	6.142431
1626	-3787.115	-3933.424	146.3096	1.896053	0.152026	0.384735	0.0835201	0.379719	1.040863	5.76337
1632	-3789.374	-3934.763	145.3892	2.269998	0.13843	0.466271	0.14553	0.249769	0.9440453	6.168362
1638	-3785.462	-3930.114	144.6521	1.902078	0.201492	0.432143	0.134878	0.231487	0.8247315	6.779049
1644	-3784.586	-3930.627	146.0413	1.716463	0.13679	0.47995	0.0691298	0.314131	0.9199963	6.053551
1650	-3779.968	-3926.287	146.319	2.138699	0.17572	0.449719	0.0579329	0.316629	0.9453248	5.711155
1656	-3791.546	-3937.493	145.9478	1.961601	0.0683325	0.467195	0.0961129	0.368359	0.9682988	5.973366
1662	-3785.829	-3932.534	146.7052	2.934632	0.421994	0.0603814	0.112596	0.405028	0.9126782	5.226594
1668	-3777.936	-3924.524	146.5887	2.979736	0.282567	0.26178	0.0466042	0.409049	1.001937	5.226594
1674	-3779.083	-3924.871	145.7881	2.979736	0.391925	0.172205	0.0693136	0.366556	0.9413048	5.700611
1680	-3785.165	-3932.345	147.1803	1.893856	0.195181	0.32238	0.158972	0.323467	1.113184	5.245638
1686	-3779.254	-3925.242	145.9876	2.334455	0.191855	0.250877	0.220857	0.336411	0.8807485	5.852
1692	-3786.323	-3931.511	145.1884	2.033491	0.130999	0.269769	0.237489	0.361744	0.8187642	6.438279
1698	-3791.289	-3936.556	145.2676	2.033491	0.0966538	0.199041	0.437403	0.266902	0.9069619	6.347486
1704	-3781.595	-3927.154	145.559	2.180105	0.231561	0.215653	0.221123	0.331663	0.9211236	6.123137
1710	-3783.373	-3928.324	144.9506	1.969037	0.170023	0.15863	0.454992	0.216355	0.8853543	6.557235
1716	-3782.539	-3927.742	145.2037	2.433936	0.225643	0.302578	0.243481	0.228297	0.925116	6.21815
1722	-3788.737	-3935.694	146.9569	2.464207	0.198153	0.319893	0.28147	0.200484	1.014525	5.196938
1728	-3808.362	-3954.931	146.5688	3.500641	0.127031	0.390487	0.254738	0.227744	1.117339	5.008521
1734	-3787.749	-3935.497	147.7474	1.806586	0.184701	0.228648	0.347506	0.239144	1.160505	4.942811
1740	-3782.01	-3927.975	145.9656	1.930094	0.258672	0.320219	0.0861918	0.334918	0.9169625	6.004758
1746	-3777.975	-3925.048	147.0728	2.369158	0.135419	0.409477	0.205708	0.249396	0.8611148	5.253299
1752	-3782.473	-3927.626	145.153	2.355017	0.096747	0.646809	0.0255462	0.230898	0.8602289	6.310163
1758	-3794.309	-3940.856	146.547	1.797177	0.0938956	0.586912	0.0231805	0.296012	0.9855766	5.705986
1764	-3792.542	-3939.527	146.9845	2.216895	0.102971	0.544155	0.0629112	0.289962	1.001308	5.283382
1770	-3778.707	-3926.113	147.4058	1.63398	0.104566	0.552583	0.12056	0.222291	1.027384	5.283382
1776	-3785.224	-3931.793	146.5685	1.582836	0.115411	0.597478	0.123117	0.163994	0.9738378	5.796507
1782	-3783.676	-3928.524	144.8484	1.640379	0.139143	0.552459	0.0375566	0.270841	0.9013811	6.744543
1788	-3792.71	-3938.47	145.7606	1.873973	0.191946	0.513097	0.0434135	0.251544	0.9173301	6.139835
1794	-3804.453	-3949.88	145.4265	1.948175	0.178661	0.356707	0.014171	0.450461	1.00844	6.24099
1800	-3795.154	-3942.946	147.7919	2.698294	0.0717003	0.662914	0.0100689	0.255317	1.024353	4.641498
1806	-3798.998	-3947.485	148.4872	2.471982	0.146251	0.380033	0.0640804	0.409635	1.027044	4.331896
1812	-3788.911	-3934.814	145.9024	2.675425	0.199472	0.282093	0.195963	0.322472	0.8853829	5.772042
1818	-3789.838	-3936.612	146.774	2.795284	0.247054	0.179564	0.173884	0.399498	0.9237188	5.229834
1824	-3795.079	-3939.512	144.4333	3.819749	0.304671	0.146067	0.207724	0.341537	0.9492917	6.180878
1830	-3788.163	-3933.876	145.7127	3.005822	0.313384	0.0587238	0.331619	0.296273	0.8360936	5.790973
1836	-3784.196	-3929.528	145.3316	3.483969	0.425247	0.044896	0.189911	0.339946	0.8370708	5.849438
1842	-3772.889	-3919.19	146.301	2.011081	0.218392	0.156933	0.317263	0.307413	1.024483	5.729146
1848	-3784.649	-3930.068	145.419	2.573937	0.270662	0.268231	0.101134	0.359973	0.9868556	6.016566
1854	-3793.884	-3938.778	144.8943	2.399055	0.251247	0.287336	0.054994	0.406423	1.039338	6.33701
1860	-3798.403	-3944.891	146.4877	2.05414	0.259875	0.297203	0.0225407	0.420381	1.048459	5.596014
1866	-3786.981	-3933.214	146.2333	1.829681	0.259339	0.278406	0.0684619	0.393793	0.9148388	5.902299
1872	-3779.437	-3927.463	148.0265	3.115614	0.177829	0.350099	0.0834813	0.388591	1.075111	4.337569
1878	-3778.309	-3926.372	148.063	1.957646	0.0318223	0.584693	0.0708961	0.312588	1.057566	4.758986
1884	-3791.752	-3937.21	145.4581	2.048364	0.143229	0.513206	0.0691953	0.27437	0.9779649	6.199436
1890	-3789.58	-3934.352	144.7719	4.050017	0.121593	0.513712	0.0563275	0.308367	0.8772871	5.972119
1896	-3789.904	-3935.24	145.336	2.567068	0.109874	0.514476	0.0254845	0.350166	0.9824879	6.066636
1902	-3785.554	-3932.452	146.8975	2.028256	0.120356	0.499318	0.0258017	0.354524	0.9676774	5.425671
1908	-3785.004	-3930.457	145.4522	2.548682	0.168018	0.297281	0.185212	0.349489	0.9579	6.023307
1914	-3804.113	-3950.251	146.1383	2.011289	0.147059	0.328371	0.212003	0.312566	0.9049369	5.883479
1920	-3794.61	-3940.76	146.15	1.51713	0.146825	0.263767	0.390126	0.199282	0.8407312	6.12807
1926	-3797.413	-3944.245	146.8316	1.688108	0.104237	0.514103	0.0980978	0.283562	0.9290434	5.629058
1932	-3794.098	-3940.727	146.6286	1.688108	0.117193	0.286417	0.277583	0.318808	0.9989402	5.702038
1938	-3798.866	-3945.418	146.5521	1.620747	0.219685	0.188005	0.245993	0.346317	1.056177	5.74303
1944	-3786.472	-3933.175	146.7029	1.89135	0.089449	0.473574	0.166166	0.270811	0.9202432	5.61588
1950	-3785.301	-3930.308	145.0074	1.89135	0.114865	0.518658	0.0798138	0.286663	0.9268109	6.536259
1956	-3784.174	-3929.069	144.8952	1.555103	0.205688	0.246664	0.289265	0.258383	0.8689423	6.77538
1962	-3792.825	-3938.029	145.2035	2.758324	0.131639	0.292215	0.270048	0.306098	0.8372106	6.151068
1968	-3787.41	-3932.552	145.1422	2.32074	0.199241	0.205985	0.379001	0.215772	0.8579458	6.330128
1974	-3778.919	-3926.197	147.2779	2.625946	0.299692	0.0888361	0.286916	0.324556	1.068033	4.930037
1980	-3787.097	-3933.405	146.3077	1.828417	0.27292	0.170232	0.261286	0.295563	1.000146	5.815531
1986	-3782.648	-3929.395	146.7468	2.400938	0.268497	0.167473	0.257052	0.306978	0.9788974	5.356266
1992	-3785.935	-3933.577	147.6416	2.152651	0.216875	0.305837	0.21752	0.259768	1.036049	4.925419
1998	-3792.534	-3941.31	148.7757	1.906659	0.228948	0.214514	0.436977	0.119561	1.099515	4.357047
2004	-3787.666	-3935.58	147.9136	1.906659	0.125044	0.373798	0.231711	0.269448	1.086373	4.848057
2010	-3782.484	-3929.914	147.4297	2.498854	0.135602	0.40536	0.201648	0.25739	1.086373	4.881722
2016	-3786.957	-3931.543	144.5862	2.348795	0.168056	0.2599	0.253052	0.318992	0.9653614	6.562794
2022	-3785.852	-3931.42	145.5676	2.970267	0.225953	0.243584	0.0939004	0.436563	0.8518125	5.873409
2028	-3789.068	-3933.639	144.5711	4.895814	0.228491	0.214872	0.228656	0.32798	0.8454243	5.883501
2034	-3786.494	-3933.044	146.5492	2.033524	0.188454	0.339813	0.106882	0.36485	0.8378581	5.686218
2040	-3775.92	-3922.534	146.6142	1.443442	0.114708	0.441207	0.309894	0.13419	0.8916265	5.881979
2046	-3792.499	-3941.604	149.1051	1.505849	0.104098	0.4004	0.334974	0.160528	1.219982	4.287139
2052	-3801.164	-3951.03	149.8651	1.72943	0.171301	0.182231	0.341222	0.305246	1.219982	3.746526
2058	-3789.494	-3937.955	148.461	1.907989	0.110695	0.312867	0.29887	0.277569	1.100218	4.533394
2064	-3803.202	-3947.422	144.2206	1.855845	0.119205	0.258624	0.338804	0.283367	0.8805223	7.000934
2070	-3798.775	-3944.812	146.0368	2.31349	0.156508	0.338036	0.153588	0.351869	0.907354	5.818507
2076	-3800.927	-3947.968	147.041	2.306584	0.224494	0.215707	0.111943	0.447856	1.167734	5.125179
2082	-3791.866	-3938.702	146.8356	2.754545	0.280185	0.197358	0.112696	0.409761	1.003523	5.165765
2088	-3790.427	-3937.25	146.8237	2.65008	0.11203	0.335904	0.212904	0.339162	1.057304	5.179372
2094	-3800.013	-3945.448	145.4352	1.627811	0.0648306	0.482118	0.19318	0.259871	0.7884124	6.493894
2100	-3781.567	-3926.345	144.778	1.632046	0.0210141	0.504283	0.202885	0.271819	0.8411798	6.818768
2106	-3783.869	-3928.312	144.4435	1.604099	0.0795835	0.476968	0.187309	0.256139	0.8519265	7.005821
2112	-3786.406	-3931.611	145.2057	1.90655	0.0477444	0.414163	0.250235	0.287858	0.8965301	6.438872
2118	-3786.065	-3931.718	145.6529	1.368003	0.127217	0.488792	0.174416	0.209575	0.8965794	6.438872
2124	-3781.205	-3928.595	147.3897	2.204134	0.101852	0.391336	0.217923	0.288889	1.041863	5.041628
2130	-3790.591	-3937.761	147.1707	2.717638	0.185565	0.478436	0.0486143	0.287385	1.046464	4.968958
2136	-3795.295	-3941.386	146.0901	2.103627	0.168985	0.393517	0.0600452	0.377452	0.929605	5.859018
2142	-3799.138	-3946.577	147.4392	1.592344	0.161041	0.451418	0.0278347	0.359707	0.9112843	5.348193
2148	-3797.011	-3942.586	145.575	1.99556	0.200955	0.313324	0.223729	0.261991	0.7825072	6.263575
2154	-3787.104	-3934.158	147.0544	1.74249	0.131129	0.423938	0.0596018	0.385331	1.00468	5.440785
2160	-3782.201	-3928.25	146.0491	1.94003	0.129875	0.344653	0.255499	0.269972	0.9038141	5.962251
2166	-3787.265	-3932.446	145.1801	2.198818	0.236875	0.278005	0.199424	0.285696	0.882122	6.343026
2172	-3799.362	-3943.514	144.1526	1.881103	0.143695	0.238497	0.427573	0.190235	0.8739601	7.030477
2178	-3798.75	-3943.433	144.6833	1.429033	0.137471	0.247105	0.409053	0.206372	0.8063204	6.982162
2184	-3786.891	-3932.27	145.3792	2.726922	0.17209	0.293112	0.275781	0.259016	0.9656798	5.996134
2190	-3779.443	-3925.054	145.6105	2.392035	0.162404	0.276615	0.260259	0.300721	0.9656798	5.989966
2196	-3787.926	-3933.217	145.291	2.328737	0.096385	0.294588	0.299505	0.309522	0.9828629	6.178357
2202	-3782.612	-3927.27	144.658	1.948875	0.086963	0.509569	0.124203	0.279265	0.9205008	6.704755
2208	-3785.947	-3930.37	144.4224	2.579038	0.169558	0.366018	0.111937	0.352486	0.960004	6.570689
2214	-3800.731	-3947.758	147.0278	1.298623	0.112825	0.519007	0.1685	0.199668	0.8764852	5.735003
2220	-3786.249	-3932.515	146.2663	2.200315	0.205943	0.173284	0.387188	0.233586	0.9101748	5.735003
2226	-3787.316	-3934.419	147.1028	1.020572	0.0943803	0.477124	0.315393	0.113103	0.9351616	5.807211
2232	-3785.679	-3930.778	145.099	2.025275	0.123221	0.343529	0.239128	0.294122	0.8191588	6.489876
2238	-3782.711	-3928.144	145.4327	1.534245	0.112349	0.418528	0.218028	0.251095	0.8770889	6.489876
2244	-3787.122	-3932.648	145.5252	2.46697	0.163909	0.403417	0.0663417	0.366331	0.9031376	6.042966
2250	-3782.874	-3930.372	147.4987	1.786204	0.165355	0.507526	0.00638476	0.320734	0.9261543	5.219682
2256	-3778.693	-3925.549	146.8557	2.395124	0.174124	0.501693	0.00713423	0.317048	0.8407381	5.374573
2262	-3798.07	-3946.364	148.2941	2.187409	0.145361	0.425626	0.00538597	0.423627	1.186404	4.46213
2268	-3797.562	-3944.479	146.9175	2.096308	0.136119	0.543773	0.0550186	0.26509	1.151921	5.285297
2274	-3789.041	-3936.479	147.4379	1.883314	0.204271	0.391411	0.0065013	0.397817	1.008652	5.165487
2280	-3793.158	-3940.629	147.4711	1.883314	0.155131	0.465016	0.0301095	0.349743	0.9754381	5.165487
2286	-3800.106	-3943.785	143.6792	5.168838	0.155054	0.464784	0.0305921	0.349569	0.8993355	6.275893
2292	-3793.239	-3941.515	148.2756	2.586975	0.122336	0.423509	0.0278754	0.426279	1.012071	4.416882
2298	-3802.254	-3949.83	147.5763	3.598748	0.180219	0.395579	0.026037	0.398166	1.141108	4.401875
2304	-3809.509	-3957.202	147.694	3.598748	0.25432	0.121467	0.0983566	0.525856	0.9367306	4.450714
2310	-3794.916	-3941.364	146.4481	3.598748	0.218455	0.245355	0.084491	0.451699	0.9498324	5.138994
2316	-3789.523	-3934.57	145.0464	2.235008	0.22992	0.420777	0.055042	0.294261	0.9007206	6.391507
2322	-3791.264	-3935.323	144.0584	2.881822	0.214632	0.200191	0.249946	0.335231	0.8572637	6.719405
2328	-3785.838	-3931.243	145.4049	2.70839	0.191339	0.212394	0.240602	0.355665	0.882395	6.033935
2334	-3792.844	-3937.017	144.1726	1.603741	0.0847678	0.35282	0.226941	0.335471	0.8909335	7.130754
2340	-3796.965	-3942.733	145.768	2.60377	0.0950438	0.394052	0.196324	0.31458	0.9899963	5.813609
2346	-3793.22	-3939.828	146.6086	2.60377	0.141846	0.166049	0.432842	0.259264	0.9456177	5.376416
2352	-3787.222	-3932.247	145.025	1.579459	0.229463	0.141969	0.404902	0.223667	0.9087938	6.672608
2358	-3794.664	-3940.327	145.6626	1.769087	0.170928	0.216522	0.373203	0.239348	0.9671367	6.211011
2364	-3798.183	-3942.722	144.5385	2.180794	0.169176	0.216979	0.373991	0.239853	0.8646103	6.706926
2370	-3780.969	-3926.948	145.9791	1.796806	0.226312	0.29308	0.235023	0.245586	0.8350785	6.098599
2376	-3800.27	-3944.029	143.759	2.104022	0.210934	0.154259	0.347855	0.286952	0.7402601	7.223798
2382	-3791.316	-3935.478	144.1623	2.104022	0.173799	0.41214	0.156724	0.257337	0.7668965	6.992553
2388	-3796.253	-3942.933	146.6798	2.616206	0.15473	0.366922	0.1699	0.308448	1.069459	5.264336
2394	-3791.464	-3938.576	147.1124	2.27344	0.165903	0.24026	0.263116	0.330721	0.8679517	5.264336
2400	-3791.42	-3937.21	145.7896	2.792338	0.377113	0.090675	0.26635	0.265863	1.081665	5.685802
2406	-3779.827	-3926.039	146.2118	2.752485	0.206565	0.107199	0.365395	0.320841	0.8847609	5.575888
2412	-3792.047	-3938.26	146.2132	2.703995	0.0995137	0.232549	0.292123	0.375813	0.9140862	5.575888
2418	-3796.092	-3942.165	146.0733	1.631533	0.161587	0.29418	0.397657	0.146576	0.88876	6.09108
2424	-3788.533	-3934.786	146.2533	1.351441	0.10008	0.310301	0.45569	0.133928	0.8788113	6.130435
2430	-3797.715	-3944.733	147.0179	1.484743	0.139902	0.326487	0.458574	0.0750365	0.9808541	5.592273
2436	-3794.732	-3940.878	146.1463	1.318242	0.171133	0.399371	0.267623	0.161874	0.8276807	6.232809
2442	-3789.052	-3937.039	147.9869	1.28226	0.135015	0.357176	0.403987	0.103823	0.9008965	5.202001
2448	-3794.235	-3940.085	145.8504	1.21513	0.0949706	0.431229	0.348452	0.125348	0.8553267	6.43024
2454	-3795.703	-3940.934	145.231	1.336347	0.12086	0.359188	0.290239	0.229713	0.7409626	6.766692
2460	-3794.307	-3938.544	144.2365	2.548415	0.165314	0.17139	0.349089	0.314206	0.8137195	6.761086
2466	-3785.447	-3929.598	144.151	3.122005	0.193084	0.176667	0.237549	0.392699	0.8258377	6.608609
2472	-3782.348	-3927.162	144.8133	2.803426	0.257439	0.192397	0.29337	0.256794	0.7948483	6.370751
2478	-3780.245	-3926.038	145.7937	2.158139	0.286541	0.1976	0.219061	0.296798	0.8533841	6.04079
2484	-3772.081	-3920.063	147.9813	1.590249	0.175624	0.265878	0.343029	0.215469	0.9535787	5.025823
2490	-3783.827	-3932.07	148.2437	2.087283	0.208165	0.289099	0.349311	0.153426	0.9569964	4.660042
2496	-3783.961	-3930.664	146.7021	1.488443	0.179693	0.185249	0.44125	0.193808	1.075099	5.71204
2502	-3787.76	-3936.105	148.3442	1.419165	0.149885	0.217431	0.538126	0.0945589	0.9540834	4.905675
2508	-3799.958	-3948.019	148.0608	1.125934	0.185125	0.177845	0.561641	0.0753893	1.069024	5.149544
2514	-3792.124	-3939.259	147.135	1.456715	0.149179	0.338412	0.382409	0.13	0.8162015	5.631763
2520	-3796.301	-3943.415	147.1138	1.82164	0.0882512	0.324396	0.331182	0.256171	0.9392812	5.409408
2526	-3799.534	-3946.441	146.9073	1.940233	0.167734	0.453982	0.166121	0.212163	0.9277034	5.478821
2532	-3790.353	-3938.178	147.8249	1.613565	0.0613371	0.42442	0.201676	0.312567	0.9875343	5.082938
2538	-3793.02	-3938.184	145.164	1.949996	0.0479973	0.332116	0.375298	0.244589	0.9415404	6.419034
2544	-3795.873	-3942.901	147.0277	1.870939	0.0883378	0.205236	0.46873	0.237696	0.9717603	5.417695
2550	-3787.292	-3936.812	149.5194	1.796689	0.202714	0.368591	0.171165	0.25753	1.1043	3.980565
2556	-3791.149	-3939.794	148.6456	2.505162	0.13765	0.410885	0.0607528	0.390712	1.085074	4.196745
2562	-3782.431	-3931.429	148.9987	1.687368	0.100732	0.428475	0.0633537	0.407439	1.137503	4.307835
2568	-3787.433	-3935.101	147.6684	2.530061	0.141531	0.505472	0.115324	0.237673	0.9877554	4.792116
2574	-3781.056	-3928.889	147.8331	2.047587	0.0446749	0.508344	0.176185	0.270796	1.049768	4.853959
2580	-3783.295	-3930.23	146.9353	2.487248	0.0962692	0.53506	0.0836429	0.285028	1.054283	5.178378
2586	-3796.49	-3943.969	147.4789	3.451464	0.304759	0.27678	0.0744125	0.344048	1.109676	4.519378
2592	-3791.958	-3940.143	148.1843	3.054126	0.20642	0.27736	0.025285	0.490936	1.065461	4.274253
2598	-3789.79	-3937.669	147.8789	2.842292	0.167228	0.361218	0.125503	0.346051	1.091823	4.504041
2604	-3786.664	-3934.776	148.112	2.121914	0.178232	0.452544	0.0833843	0.28584	1.084647	4.648112
2610	-3788.104	-3934.929	146.8248	1.415678	0.144928	0.366443	0.209215	0.279414	1.020003	5.709901
2616	-3792.103	-3939.101	146.9973	1.462843	0.0567538	0.255599	0.492752	0.194895	0.9079332	5.65402
2622	-3789.185	-3935.644	146.4598	1.462843	0.15059	0.276107	0.36627	0.207033	0.9314752	5.935321
2628	-3791.472	-3936.858	145.3858	2.243015	0.326308	0.245787	0.21659	0.211315	0.9789611	6.161547
2634	-3791.683	-3937.55	145.8675	1.851036	0.257461	0.181906	0.257051	0.303582	0.9761161	6.059301
2640	-3792.234	-3939.387	147.1527	1.931541	0.182827	0.0760386	0.446697	0.294438	0.9624392	5.328172
2646	-3790.991	-3936.743	145.7528	1.803954	0.239797	0.242549	0.29715	0.220504	0.9221626	6.171332
2652	-3798.843	-3944.105	145.2616	1.423282	0.13438	0.302633	0.287861	0.275126	0.8971588	6.623757
2658	-3804.093	-3949.185	145.0922	1.693542	0.227228	0.34746	0.151512	0.2738	0.8373607	6.623757
2664	-3796.711	-3943.682	146.9704	2.307836	0.201377	0.218217	0.337755	0.242651	0.9346067	5.292681
2670	-3802.039	-3948.633	146.5939	1.505221	0.20561	0.183781	0.342699	0.26791	0.7300651	5.952002
2676	-3802.451	-3949.072	146.6206	2.346849	0.161664	0.26661	0.28987	0.281856	1.038143	5.413616
2682	-3793.806	-3941.007	147.2006	2.404438	0.170312	0.371411	0.161341	0.296935	1.111156	5.030705
2688	-3789.563	-3935.444	145.8803	1.886603	0.188018	0.306063	0.178114	0.327805	0.9134219	6.071443
2694	-3784.065	-3929.891	145.826	2.204169	0.113909	0.373607	0.19516	0.317323	0.7318454	6.071443
2700	-3784.928	-3930.786	145.8585	1.876504	0.145006	0.415822	0.0352214	0.403951	0.9430817	6.071443
2706	-3782.334	-3928.756	146.4215	2.511217	0.0873328	0.448657	0.0281613	0.435849	0.8992435	5.538411
2712	-3778.399	-3923.503	145.1038	2.868895	0.216837	0.352047	0.0435977	0.387518	0.8456438	6.1633
2718	-3782.145	-3925.707	143.5619	2.806519	0.251601	0.234244	0.0645097	0.449645	0.9342727	6.970765
2724	-3788.003	-3935.427	147.4241	2.612146	0.191151	0.389159	0.0780757	0.341614	1.038562	4.869999
2730	-3797.093	-3945.426	148.3331	1.407702	0.0732435	0.327411	0.158951	0.440394	1.038562	4.87046
2736	-3798.865	-3944.299	145.4333	1.825613	0.0922282	0.39367	0.169099	0.345003	1.048432	6.267106
2742	-3794.341	-3940.687	146.3462	2.100965	0.121533	0.399757	0.0965437	0.382166	0.9646658	5.700701
2748	-3782.081	-3928.51	146.4291	2.074249	0.237213	0.332013	0.0625489	0.368226	1.079817	5.60284
2754	-3781.428	-3927.237	145.8084	2.740128	0.310603	0.0773586	0.134034	0.478005	0.9806584	5.748778
2760	-3784.611	-3929.952	145.3418	2.65843	0.311388	0.217912	0.102562	0.368139	0.912194	6.06949
2766	-3781.846	-3927.931	146.0845	2.591169	0.213233	0.290278	0.227741	0.268747	0.912194	5.687409
2772	-3785.761	-3933.556	147.7951	1.451601	0.170466	0.375006	0.370344	0.0841844	1.005595	5.166076
2778	-3796.869	-3941.772	144.9029	1.874676	0.182023	0.301272	0.138369	0.378336	0.8038627	6.666262
2784	-3794.433	-3938.715	144.2815	3.093718	0.260797	0.302935	0.116169	0.320099	0.8500977	6.533851
2790	-3796.585	-3941.604	145.0195	1.981784	0.18126	0.248851	0.190041	0.379848	0.8500977	6.533851
2796	-3781.454	-3927.099	145.6443	2.65671	0.229281	0.276017	0.118076	0.376626	0.9738701	5.871335
2802	-3783.966	-3928.223	144.2573	2.65671	0.201416	0.155912	0.358144	0.284529	0.9375809	6.644869
2808	-3772.433	-3916.704	144.2712	1.615594	0.176674	0.266562	0.314149	0.242615	0.8198589	7.110629
2814	-3783.583	-3928.911	145.3272	2.056323	0.124883	0.518531	0.0600208	0.296565	0.8070901	6.360145
2820	-3784.92	-3930.17	145.2496	1.917807	0.133972	0.449474	0.135173	0.281382	1.080286	6.310641
2826	-3774.162	-3919.803	145.6405	1.949896	0.151592	0.492757	0.0372621	0.318389	0.853118	6.208329
2832	-3781.277	-3927.079	145.8013	2.478944	0.114068	0.447458	0.141268	0.297206	0.9125451	5.882742
2838	-3771.25	-3917.967	146.7173	1.613492	0.123305	0.301417	0.299778	0.2755	0.9510795	5.713457
2844	-3781.274	-3926.432	145.1578	2.025911	0.128537	0.276727	0.313204	0.281532	0.8056862	6.465021
2850	-3776.989	-3921.825	144.8359	1.511758	0.16881	0.266216	0.392898	0.172076	0.8367834	6.844709
2856	-3776.003	-3921.051	145.0477	1.624243	0.17883	0.367363	0.21635	0.237456	0.9169192	6.635651
2862	-3791.012	-3936.967	145.955	2.70055	0.190202	0.251936	0.185438	0.372424	0.9234345	5.713566
2868	-3778.785	-3925.597	146.8117	2.976476	0.241422	0.184317	0.22611	0.348151	0.9939416	5.108638
2874	-3778.381	-3924.241	145.8603	1.905015	0.175598	0.158639	0.344271	0.321492	1.014147	6.019709
2880	-3773.678	-3920.463	146.7842	1.236514	0.193427	0.158908	0.502465	0.1452	0.8425186	5.918209
2886	-3774.382	-3921.979	147.5965	1.562418	0.171714	0.0845043	0.577034	0.166748	1.061615	5.192208
2892	-3782.859	-3930.126	147.2673	2.956613	0.234933	0.0404235	0.504901	0.219742	1.088169	4.809582
2898	-3776.779	-3923.016	146.237	3.363448	0.293124	0.0327719	0.378254	0.295851	0.9997082	5.299304
2904	-3787.257	-3933.794	146.5365	3.255493	0.339856	0.0316602	0.370619	0.257865	0.913337	5.215203
2910	-3786.888	-3933.898	147.01	1.76	0.337669	0.050981	0.377409	0.233941	0.9116154	5.508676
2916	-3793.444	-3937.889	144.4445	2.609315	0.36164	0.13858	0.292408	0.207372	0.8354927	6.615418
2922	-3788.854	-3932.42	143.5659	2.404733	0.305215	0.116958	0.337713	0.240114	0.8118056	7.175179
2928	-3795.623	-3940.566	144.9428	2.216802	0.160712	0.229532	0.37854	0.231216	0.7513425	6.535609
2934	-3790.32	-3937.112	146.7912	2.070664	0.182988	0.25917	0.294578	0.263264	0.9224422	5.491804
2940	-3796.207	-3942.081	145.8744	2.690112	0.182004	0.348907	0.204529	0.26456	0.8692978	5.790982
2946	-3792.991	-3939.151	146.16	1.814577	0.189499	0.358747	0.176301	0.275453	0.8818178	5.966825
2952	-3795.784	-3939.175	143.3909	2.333705	0.166757	0.471773	0.145249	0.216221	0.8730398	7.262442
2958	-3795.146	-3938.191	143.0457	3.042364	0.188409	0.210352	0.309741	0.291498	0.7647558	7.262442
2964	-3785.822	-3930.687	144.8655	2.077715	0.185915	0.19431	0.23969	0.380085	0.8621373	6.571975
2970	-3789.2	-3936.306	147.106	2.24633	0.227409	0.129107	0.293185	0.350299	0.9978283	5.20663
2976	-3791.663	-3936.968	145.3046	2.257527	0.158586	0.153926	0.385846	0.301642	0.8487236	6.27094
2982	-3802.228	-3946.464	144.2359	2.295008	0.107933	0.454884	0.112571	0.324612	0.8053369	6.858664
2988	-3799.672	-3946.238	146.5652	1.482368	0.139907	0.455341	0.0757732	0.328979	0.7949834	5.942982
2994	-3788.353	-3935.94	147.5871	2.327089	0.148002	0.474164	0.0352562	0.342578	0.9579834	4.930544
3000	-3786.134	-3932.292	146.1585	1.928965	0.165628	0.358627	0.188422	0.287323	0.9686129	5.871745
3006	-3791.531	-3938.006	146.4755	2.064918	0.0972352	0.489231	0.182284	0.23125	0.9686129	5.642161
3012	-3786.202	-3933.148	146.9462	1.480814	0.19435	0.173258	0.436116	0.196275	0.9650866	5.642161
3018	-3795.04	-3942.406	147.3655	1.815459	0.151069	0.433385	0.26797	0.147577	0.9595633	5.262022
3024	-3788.803	-3937.915	149.1121	1.361784	0.108015	0.309871	0.476596	0.105518	1.142633	4.398478
3030	-3786.277	-3934.546	148.2691	1.361784	0.132654	0.224864	0.560083	0.0823997	1.055982	4.919248
3036	-3794.215	-3942.093	147.8777	2.256757	0.247497	0.0472016	0.553174	0.152127	1.130747	4.699395
3042	-3788.184	-3936.849	148.6657	1.973591	0.357105	0.0131429	0.432669	0.197083	1.049593	4.418505
3048	-3785.779	-3932.791	147.0126	2.397926	0.309326	0.0113844	0.43766	0.24163	0.9864113	5.206459
3054	-3784.971	-3931.931	146.9597	2.539378	0.233387	0.0011662	0.421247	0.344199	1.04421	5.1513
3060	-3786.716	-3933.245	146.529	3.589714	0.340075	0.000526125	0.345399	0.314	0.9141929	5.116625
3066	-3791.038	-3937.01	145.9724	2.930178	0.38592	0.00230008	0.25545	0.356329	1.012232	5.577033
3072	-3794.508	-3940.626	146.1183	2.359657	0.279782	0.00103907	0.4146	0.304578	0.9574958	5.728978
3078	-3797.246	-3943.782	146.5358	2.074865	0.302515	0.000787642	0.492081	0.204616	1.003156	5.586117
3084	-3798.396	-3944.603	146.207	1.87598	0.234663	0.240459	0.226067	0.298811	0.8004734	5.959353
3090	-3788.008	-3934.465	146.4561	1.30211	0.215043	0.240438	0.270691	0.273828	0.9598449	6.000174
3096	-3788.294	-3934.319	146.0252	1.437497	0.204315	0.209136	0.424134	0.162416	0.8703319	6.217483
3102	-3786.331	-3932.131	145.8007	1.584115	0.221027	0.152717	0.481134	0.145121	0.8915452	6.259441
3108	-3779.243	-3924.646	145.4033	1.637981	0.211099	0.145858	0.545386	0.0976575	0.8486799	6.473928
3114	-3798.154	-3942.129	143.9751	1.3423	0.232387	0.14911	0.417812	0.200691	0.753315	7.432747
3120	-3794.037	-3939.034	144.9978	1.869711	0.19839	0.0996746	0.356689	0.345247	0.8012365	6.61846
3126	-3799.718	-3944.405	144.6873	2.923732	0.208891	0.10495	0.26775	0.418409	0.9263078	6.327626
3132	-3785.422	-3931.341	145.919	2.857811	0.152396	0.243447	0.18014	0.424017	0.856628	5.715942
3138	-3790.867	-3935.524	144.657	2.187934	0.305048	0.162978	0.309331	0.222642	0.735256	6.710055
3144	-3789.28	-3933.718	144.4387	2.380306	0.313232	0.16735	0.308825	0.210593	0.9177348	6.656629
3150	-3781.441	-3927.859	146.4174	2.133195	0.205512	0.261627	0.20363	0.329231	0.9597961	5.651432
3156	-3785.179	-3931.821	146.6416	1.836125	0.132201	0.31261	0.313272	0.241917	0.9597961	5.651432
3162	-3785.963	-3931.65	145.6865	1.461015	0.177804	0.313128	0.239667	0.269402	0.8048188	6.42577
3168	-3779.23	-3926.053	146.823	1.938046	0.164699	0.290049	0.222003	0.323249	0.8987072	5.542073
3174	-3788.265	-3934.358	146.0935	1.879116	0.215122	0.309326	0.176212	0.29934	0.7556233	6.044384
3180	-3790.507	-3935.376	144.8684	2.098922	0.243336	0.313525	0.229673	0.213466	0.8061974	6.592252
3186	-3787.538	-3934.41	146.8715	2.766932	0.208686	0.176542	0.327538	0.287234	0.9119499	5.192249
3192	-3802.613	-3947.494	144.8817	2.102595	0.281952	0.122424	0.361149	0.234475	0.8428707	6.563732
3198	-3800.813	-3947.064	146.2512	2.673175	0.235843	0.251827	0.358858	0.153471	0.9833302	5.527719
3204	-3799.011	-3943.749	144.7379	1.646624	0.255117	0.0500023	0.373993	0.320887	0.6830547	6.91911
3210	-3793.343	-3937.24	143.8969	2.256205	0.222732	0.0857999	0.411316	0.280152	0.8201311	7.047941
3216	-3798.693	-3944.413	145.7206	1.899916	0.164692	0.160071	0.456745	0.218492	0.7636029	6.234307
3222	-3796.797	-3940.361	143.5638	2.63551	0.319828	0.077993	0.267016	0.335163	0.7410405	7.132129
3228	-3799.167	-3943.331	144.1638	2.838097	0.295655	0.203487	0.239283	0.261574	0.7855551	6.715761
3234	-3792.217	-3936.445	144.2277	2.88244	0.259527	0.249349	0.189155	0.301969	0.8154381	6.65033
3240	-3805.695	-3948.871	143.1759	2.044816	0.255999	0.245959	0.186584	0.311457	0.7220784	7.569617
3246	-3792.454	-3938.959	146.5047	1.429977	0.213897	0.219883	0.259093	0.307127	0.8976681	5.944961
3252	-3780.69	-3926.589	145.8995	1.777141	0.175381	0.31938	0.253415	0.251823	0.9329144	6.097214
3258	-3782.306	-3928.888	146.5813	1.916932	0.175381	0.31938	0.253415	0.251823	0.8825935	5.69245
3264	-3787.619	-3936.578	148.9589	1.834789	0.255923	0.110713	0.379428	0.253936	1.035052	4.321537
3270	-3783.07	-3929.161	146.0905	2.044397	0.27729	0.119956	0.411107	0.191647	0.864241	5.918346
3276	-3790.02	-3936.615	146.5959	1.25477	0.269309	0.0502962	0.5013	0.179096	0.8229549	6.022391
3282	-3794.563	-3941.794	147.2308	1.353874	0.280297	0.0772392	0.521754	0.12071	0.7944295	5.641223
3288	-3795.387	-3941.073	145.6867	1.854974	0.225663	0.0845545	0.581301	0.108482	0.865907	6.216029
3294	-3782.499	-3928.834	146.3354	1.44316	0.107426	0.304574	0.321532	0.266468	0.9117867	6.023314
3300	-3780.573	-3927.408	146.8353	1.858501	0.213877	0.145184	0.400418	0.240521	0.9512805	5.54011
3306	-3784.803	-3931.948	147.1447	1.602385	0.198101	0.151457	0.457904	0.192539	0.8437733	5.542908
3312	-3775.177	-3921.775	146.5984	1.568593	0.186277	0.169329	0.367295	0.277098	0.9164281	5.818148
3318	-3772.158	-3918.42	146.2618	1.924264	0.259871	0.248193	0.253634	0.238302	0.9064079	5.8512
3324	-3774.955	-3921.087	146.1319	2.252836	0.161485	0.232908	0.238014	0.367594	0.8373965	5.827963
3330	-3787.603	-3933.621	146.018	2.384996	0.220513	0.184155	0.171239	0.424093	0.9270421	5.791065
3336	-3783.498	-3929.814	146.316	1.792737	0.175288	0.183849	0.206866	0.433998	0.980301	5.83727
3342	-3784.228	-3932.172	147.9447	1.501048	0.186733	0.195853	0.396399	0.221015	0.9441194	5.093513
3348	-3778.783	-3925.524	146.7407	1.74665	0.27919	0.292826	0.142513	0.285471	0.9428294	5.645315
3354	-3787.952	-3931.139	143.1868	2.249681	0.23496	0.0851737	0.439621	0.240245	0.8623379	7.409178
3360	-3788.689	-3933.729	145.0399	3.133556	0.26264	0.0738467	0.453143	0.21037	0.902696	6.080762
3366	-3785.28	-3930.113	144.833	3.530033	0.401084	0.0105698	0.299297	0.28905	0.8976503	6.074781
3372	-3791.611	-3936.689	145.0783	3.009366	0.37515	0.0115597	0.34293	0.27036	0.9486062	6.074781
3378	-3798.722	-3945.392	146.6693	2.275146	0.350673	0.0138296	0.43153	0.203967	0.9637109	5.455222
3384	-3799.86	-3946.245	146.3858	2.003168	0.398369	0.0413112	0.380481	0.179839	0.8887927	5.760282
3390	-3809.18	-3955.88	146.6999	2.365065	0.307771	0.103037	0.347338	0.241854	0.9929376	5.387933
3396	-3794.544	-3941.268	146.7247	2.552959	0.183171	0.156199	0.416276	0.244355	1.010356	5.295003
3402	-3801.348	-3946.079	144.7307	2.552959	0.232269	0.144387	0.235546	0.387798	0.9332862	6.427446
3408	-3796.458	-3942.631	146.1726	2.292399	0.225384	0.383652	0.0558281	0.335136	1.14505	5.621914
3414	-3794.869	-3942.509	147.6401	1.803406	0.108035	0.201009	0.422942	0.268014	0.9923856	5.097154
3420	-3796.045	-3941.174	145.1285	2.130935	0.127511	0.303673	0.183121	0.385694	0.9264585	6.373488
3426	-3780.884	-3925.826	144.9424	1.826154	0.0919412	0.508716	0.128562	0.270781	0.9264585	6.599124
3432	-3784.833	-3928.094	143.2613	2.245903	0.131523	0.365912	0.139717	0.362848	0.8042199	7.401838
3438	-3790.31	-3935.54	145.2302	2.177904	0.151626	0.3326	0.0974664	0.418308	0.9206312	6.303074
3444	-3783.444	-3930.107	146.6631	2.317845	0.235672	0.305125	0.0754491	0.383753	0.9614129	5.443526
3450	-3793.65	-3940.651	147.001	2.096763	0.109575	0.401931	0.120177	0.368317	0.9367489	5.357768
3456	-3794.947	-3940.573	145.6259	3.106445	0.237263	0.201193	0.246784	0.31476	0.8431454	5.802024
3462	-3788.682	-3935.005	146.3232	1.975586	0.306052	0.0271389	0.375923	0.290886	0.9130395	5.792666
3468	-3794.208	-3939.523	145.3144	3.132923	0.321618	0.145355	0.198075	0.334952	0.8338857	5.968827
3474	-3791.69	-3937.54	145.85	1.879936	0.24371	0.222732	0.280958	0.2526	0.8505869	6.124997
3480	-3786.249	-3932.263	146.0142	2.14705	0.266099	0.100348	0.333613	0.29994	0.8590283	5.92176
3486	-3791.521	-3937.499	145.9774	1.884055	0.272484	0.176571	0.171061	0.379884	0.9265724	6.012434
3492	-3791.994	-3938.14	146.1454	1.884055	0.248472	0.183081	0.177367	0.39108	0.9278222	5.920051
3498	-3791.636	-3937.282	145.6465	1.785384	0.175462	0.144861	0.40351	0.276167	0.9346474	6.230321
3504	-3777.783	-3922.739	144.9557	1.777695	0.281698	0.0474329	0.42956	0.241309	0.8626695	6.647177
3510	-3781.196	-3926.907	145.7114	1.777695	0.249482	0.155449	0.381357	0.213712	0.9452536	6.192617
3516	-3780.64	-3926.766	146.1266	1.279636	0.220911	0.201377	0.452176	0.125535	0.9980026	6.170133
3522	-3776.499	-3922.68	146.1816	1.356755	0.245853	0.111209	0.503229	0.139709	0.9418055	6.132574
3528	-3778.167	-3924.019	145.852	1.121241	0.258278	0.157203	0.475445	0.109074	0.8572487	6.476763
3534	-3781.668	-3928.046	146.3781	1.80545	0.170894	0.196056	0.455251	0.177799	0.9277785	5.826511
3540	-3782.903	-3930.43	147.5274	1.687092	0.132507	0.167367	0.563459	0.136668	1.04186	5.183973
3546	-3779.37	-3926.614	147.2439	1.474396	0.142508	0.325665	0.316014	0.215812	0.9459705	5.492159
3552	-3782.823	-3929.935	147.1125	1.474396	0.155852	0.440295	0.203196	0.200657	1.001829	5.533711
3558	-3776.69	-3922.382	145.6915	2.330982	0.251626	0.383102	0.0762387	0.289033	1.021016	5.938481
3564	-3777.523	-3922.638	145.1148	2.230503	0.151557	0.36274	0.221841	0.263862	1.098517	6.248699
3570	-3779.351	-3925.68	146.3288	1.886697	0.175477	0.194279	0.324736	0.305508	0.9998853	5.779258
3576	-3781.352	-3929.43	148.0783	1.38479	0.125068	0.450483	0.206705	0.217744	1.021462	5.033038
3582	-3792.715	-3940.839	148.1231	1.298697	0.11104	0.411535	0.156057	0.321368	1.054457	5.033038
3588	-3786.415	-3933.959	147.5438	1.643073	0.0949186	0.408074	0.222297	0.274711	1.089317	5.168656
3594	-3775.059	-3921.262	146.2032	1.643073	0.165542	0.305534	0.345834	0.183089	0.9775844	5.966628
3600	-3784.916	-3931.488	146.5727	1.289344	0.155832	0.238758	0.507018	0.098392	0.9013111	5.974895
3606	-3780.987	-3927.68	146.6926	1.733789	0.176801	0.359838	0.308659	0.154701	0.9106011	5.69506
3612	-3788.602	-3934.153	145.551	1.733789	0.110086	0.442661	0.225428	0.221824	0.7164463	6.423093
3618	-3792.907	-3938.484	145.5764	2.198548	0.161441	0.443879	0.0615669	0.333113	0.7060315	6.223498
3624	-3790.505	-3933.837	143.3321	4.020653	0.198392	0.391387	0.0335754	0.376645	0.8989945	6.749628
3630	-3778.548	-3924.01	145.462	2.499295	0.15789	0.367335	0.172472	0.302303	0.9366355	6.047357
3636	-3784.031	-3928.494	144.4633	3.522172	0.28072	0.0846595	0.132163	0.502457	0.888036	6.283466
3642	-3784.94	-3929.966	145.0263	1.660958	0.279165	0.230102	0.234161	0.256573	0.8686732	6.656864
3648	-3780.366	-3926.211	145.8453	2.983758	0.227071	0.252839	0.226922	0.293168	0.916512	5.681527
3654	-3783.322	-3929.902	146.5797	1.770701	0.218524	0.314661	0.184681	0.282134	1.01858	5.681527
3660	-3782.141	-3927.867	145.7263	2.588845	0.21011	0.328934	0.0681381	0.392818	0.8194785	5.934906
3666	-3801.487	-3944.887	143.3995	3.973852	0.227928	0.0585812	0.416717	0.296774	0.8386993	6.758497
3672	-3791.851	-3937.188	145.3378	2.20089	0.179287	0.359657	0.203218	0.257838	0.8780836	6.258797
3678	-3782.084	-3926.628	144.5437	2.20089	0.236546	0.234231	0.28336	0.245864	0.9542685	6.647887
3684	-3783.97	-3928.002	144.032	2.529399	0.277511	0.178785	0.252792	0.290911	0.8812427	6.841817
3690	-3790.595	-3934.554	143.9596	2.677424	0.322092	0.096294	0.279739	0.301875	0.8573001	6.841817
3696	-3780.23	-3925.282	145.0527	3.619342	0.331988	0.187409	0.116338	0.364266	0.9201061	5.91652
3702	-3784.397	-3930.021	145.6237	2.109354	0.273614	0.232255	0.238631	0.2555	0.9261929	6.113039
3708	-3788.373	-3934.014	145.6409	2.901356	0.243864	0.207002	0.212685	0.336449	0.9261929	5.815476
3714	-3788.588	-3934.378	145.79	2.435815	0.294578	0.129211	0.265883	0.310329	0.7907753	5.971261
3720	-3792.359	-3937.242	144.8832	2.055122	0.239283	0.248725	0.279274	0.232718	0.8737408	6.565117
3726	-3806.816	-3951.248	144.4314	3.234648	0.212911	0.246397	0.278334	0.262358	0.8913831	6.385961
3732	-3794.255	-3939.619	145.364	2.062068	0.19025	0.220173	0.355141	0.234435	0.9270601	6.27275
3738	-3799.533	-3945.453	145.9205	1.544775	0.180564	0.440392	0.0881677	0.290876	0.7885094	6.268433
3744	-3784.588	-3931.918	147.3296	1.544775	0.126679	0.509555	0.102014	0.261751	0.9124576	5.430127
3750	-3795.712	-3940.873	145.1612	1.958597	0.12454	0.467638	0.0698892	0.337933	0.8153535	6.485393
3756	-3791.897	-3936.362	144.4641	3.053655	0.129175	0.485042	0.0724903	0.313293	0.8435489	6.451267
3762	-3794.53	-3940.038	145.5074	1.679024	0.152085	0.451547	0.027509	0.368858	0.7525918	6.451267
3768	-3782.45	-3927.576	145.1257	1.679024	0.112819	0.334963	0.278595	0.273623	0.9554506	6.548164
3774	-3795.371	-3941.465	146.0942	1.255898	0.102268	0.328178	0.301473	0.268081	0.866569	6.27116
3780	-3791.761	-3937.741	145.9797	1.429306	0.161377	0.357626	0.217751	0.263246	0.8243286	6.27116
3786	-3790.108	-3936.152	146.0443	1.654284	0.119916	0.375561	0.23564	0.268883	0.8138716	6.137395
3792	-3785.184	-3932.028	146.8448	1.412439	0.101068	0.512715	0.180385	0.205832	0.9117754	5.759768
3798	-3794.29	-3940.744	146.4541	1.442229	0.113671	0.46614	0.124632	0.295558	0.9077072	5.961208
3804	-3785.532	-3933.422	147.8892	1.725406	0.117035	0.464937	0.116883	0.301145	0.9939246	4.99266
3810	-3783.555	-3932.252	148.6969	1.824633	0.121253	0.396848	0.188165	0.293734	1.17697	4.393844
3816	-3784.567	-3932.739	148.172	1.835801	0.243396	0.332237	0.200925	0.223442	0.9955046	4.785322
3822	-3785.818	-3932.207	146.3889	1.980841	0.211124	0.213063	0.295791	0.280022	0.8703121	5.777883
3828	-3786.355	-3933.666	147.3113	2.222383	0.181143	0.340439	0.103795	0.374624	1.170727	5.006418
3834	-3783.041	-3931.878	148.837	1.429845	0.11546	0.40448	0.184389	0.295671	1.070943	4.559572
3840	-3789.429	-3934.941	145.5124	1.74272	0.173884	0.342116	0.185902	0.298098	0.9286839	6.324979
3846	-3789.463	-3935.154	145.6916	1.542274	0.109712	0.507781	0.153752	0.228755	0.9154519	6.324979
3852	-3809.786	-3957.454	147.6688	1.217268	0.213146	0.201568	0.502728	0.0825588	0.8900558	5.416894
3858	-3805.003	-3953.587	148.5848	1.438429	0.213146	0.201568	0.502728	0.0825588	0.9936319	4.739934
3864	-3793.555	-3940.776	147.2215	3.359637	0.238958	0.359312	0.0993578	0.302372	1.059225	4.720554
3870	-3779.19	-3925.995	146.8055	2.2134	0.278167	0.301379	0.0684679	0.351986	1.0196	5.373427
3876	-3775.178	-3922.882	147.7038	2.132542	0.197124	0.114297	0.391384	0.297196	1.078107	4.875486
3882	-3784.318	-3931.472	147.1541	1.309003	0.0626069	0.367438	0.377725	0.192231	0.928289	5.63214
3888	-3782.862	-3928.429	145.5675	1.302538	0.0739633	0.301652	0.440304	0.18408	0.962118	6.481734
3894	-3784.131	-3931.205	147.0746	1.014523	0.2031	0.335543	0.325341	0.136017	0.9662349	5.808912
3900	-3789.534	-3935.937	146.4026	1.437574	0.139846	0.205947	0.494627	0.15958	1.075864	5.899786
3906	-3781.455	-3929.347	147.8916	1.304124	0.177868	0.398746	0.303759	0.119627	1.134836	5.114152
3912	-3790.803	-3937.884	147.0809	1.426526	0.177062	0.338815	0.301168	0.182954	0.9887433	5.581305
3918	-3797.409	-3945.249	147.8398	2.046559	0.180671	0.28868	0.256604	0.274045	0.9887433	4.884676
3924	-3786.625	-3932.793	146.1678	2.046559	0.21424	0.342316	0.294052	0.149392	0.8947649	5.858584
3930	-3791.682	-3940.041	148.3592	0.9590168	0.159181	0.304921	0.403668	0.13223	0.891776	5.173794
3936	-3781.364	-3928.659	147.2949	0.9948795	0.0857555	0.310755	0.532253	0.0712365	0.9642638	5.700079
3942	-3794.121	-3939.764	145.644	0.9948795	0.0408709	0.419502	0.393231	0.146396	0.8126936	6.680723
3948	-3786.868	-3932.471	145.6026	1.47783	0.125718	0.441172	0.173524	0.259585	0.9055546	6.408705
3954	-3788.607	-3934.928	146.3208	1.693197	0.0970523	0.516534	0.0368335	0.34958	0.9761267	5.880686
3960	-3791.64	-3938.341	146.7017	1.776365	0.0186297	0.630857	0.105705	0.244808	0.8835173	5.686206
3966	-3780.521	-3926.132	145.6107	2.082162	0.0831548	0.399048	0.249247	0.268551	0.890104	6.150629
3972	-3783.886	-3929.387	145.5008	1.424607	0.0743469	0.520919	0.164629	0.240105	0.8901464	6.497455
3978	-3788.569	-3932.971	144.4014	1.738942	0.0849616	0.332818	0.379291	0.20293	0.867697	6.960342
3984	-3787.039	-3933.592	146.5532	1.416774	0.135213	0.38582	0.23444	0.244527	0.8218121	5.966235
3990	-3789.034	-3935.562	146.5284	1.671542	0.147208	0.384183	0.255237	0.213372	0.8481663	5.846847
3996	-3773.788	-3920.676	146.8872	1.862243	0.178181	0.186291	0.207854	0.427674	0.9883572	5.489591
4002	-3771.603	-3917.251	145.6475	3.003318	0.324584	0.246147	0.0310994	0.39817	0.8577047	5.815646
4008	-3774.507	-3920.884	146.3763	1.58187	0.264993	0.339687	0.227303	0.168017	0.8769414	5.95498
4014	-3774.714	-3920.307	145.5928	2.020742	0.105961	0.531586	0.113001	0.249452	0.8787255	6.191346
4020	-3772.989	-3918.771	145.7815	1.775136	0.0865688	0.4343	0.1808	0.298331	0.8795437	6.191346
4026	-3776.479	-3923.883	147.404	1.612234	0.119428	0.463472	0.249427	0.167674	0.913685	5.357109
4032	-3790.359	-3937.14	146.7812	1.308491	0.129194	0.330975	0.479777	0.0600546	0.8006465	5.906453
4038	-3779.393	-3927.784	148.3907	1.725703	0.107831	0.39873	0.326934	0.166505	0.9958674	4.711904
4044	-3797.763	-3945.254	147.4907	1.974175	0.211044	0.2409	0.197523	0.350532	1.000664	5.10216
4050	-3791.099	-3938.514	147.415	2.63477	0.221192	0.130251	0.28952	0.359036	0.9890989	4.894479
4056	-3786.008	-3932.182	146.1739	2.175978	0.185113	0.0814059	0.50759	0.225892	0.9686407	5.763091
4062	-3777.796	-3924.702	146.9065	1.799235	0.179543	0.109046	0.492317	0.219095	1.000007	5.49981
4068	-3784.938	-3932.553	147.6149	1.884147	0.154557	0.260237	0.383011	0.202195	1.088049	5.022973
4074	-3782.032	-3929.682	147.6506	1.795463	0.157731	0.387226	0.210357	0.244686	0.9226668	5.133433
4080	-3770.336	-3915.653	145.3173	1.918791	0.107411	0.263792	0.41843	0.210367	0.9198089	6.360632
4086	-3782.372	-3928.38	146.0076	1.978029	0.154981	0.133787	0.466024	0.245208	0.9592015	5.938907
4092	-3773.151	-3919.226	146.0754	1.20518	0.22491	0.278546	0.338358	0.158187	0.9538414	6.259681
4098	-3786.378	-3934.384	148.0056	1.410663	0.216191	0.267748	0.364006	0.152055	1.133247	4.998552
4104	-3788.182	-3937.462	149.2796	1.661977	0.0989815	0.244935	0.460986	0.195098	1.20922	4.119576
4110	-3793.576	-3942.151	148.5755	1.661977	0.136885	0.234104	0.44	0.189011	1.028776	4.619101
4116	-3785.384	-3933.201	147.817	1.156756	0.133631	0.243456	0.445553	0.17736	0.9502559	5.333602
4122	-3788.919	-3935.003	146.0841	2.197157	0.25175	0.197573	0.321693	0.228984	0.9315165	5.82425
4128	-3784.877	-3930.505	145.6286	2.341883	0.212982	0.118669	0.386692	0.281658	0.8308478	6.072394
4134	-3787.121	-3932.697	145.5758	4.107334	0.409257	0.0489817	0.231293	0.310468	0.874114	5.518016
4140	-3795.144	-3939.851	144.7068	3.962185	0.198254	0.342473	0.234073	0.2252	0.8364988	6.053825
4146	-3791.437	-3938.111	146.6738	1.797531	0.0753346	0.55473	0.200683	0.169252	0.9073474	5.679191
4152	-3785.355	-3934.168	148.8125	1.329612	0.0545718	0.462759	0.330089	0.15258	0.9127958	4.712149
4158	-3778.287	-3926.186	147.8984	1.227243	0.090644	0.461596	0.283635	0.164125	1.024122	5.211025
4164	-3795.048	-3941.114	146.0657	1.76412	0.15798	0.359056	0.235169	0.247795	0.9115697	6.023919
4170	-3807.331	-3952.793	145.4622	2.181038	0.148138	0.231608	0.36294	0.257314	0.7641502	6.260786
4176	-3793.291	-3939.392	146.101	1.255285	0.0902905	0.337312	0.368564	0.203833	0.7460368	6.333237
4182	-3798.136	-3943.511	145.375	1.954008	0.307394	0.266106	0.114979	0.31152	0.8856418	6.333237
4188	-3801.581	-3947.152	145.5715	2.987286	0.255633	0.16845	0.0328611	0.543056	0.9655282	5.803483
4194	-3788.928	-3935.909	146.9803	2.987286	0.32745	0.272522	0.0125915	0.387437	0.9810548	5.018653
4200	-3778.961	-3925.354	146.3922	2.560103	0.164788	0.419374	0.0853715	0.330467	1.069312	5.443193
4206	-3782.568	-3925.904	143.3355	2.148282	0.250184	0.356417	0.0858277	0.307571	0.8053295	7.398879
4212	-3779.993	-3924.721	144.7286	2.334328	0.172819	0.427329	0.0167906	0.383061	0.8555326	6.550544
4218	-3778.396	-3922.802	144.4061	2.866999	0.234872	0.325478	0.147889	0.291761	0.8652678	6.53198
4224	-3781.877	-3927.374	145.4973	1.217775	0.0834752	0.452377	0.205549	0.258599	0.8302894	6.633632
4230	-3790.156	-3935.866	145.7097	1.820011	0.0517874	0.578984	0.0382564	0.330973	0.9755602	6.158802
4236	-3782.009	-3926.959	144.9505	2.413803	0.229965	0.275832	0.0855921	0.408611	0.9067077	6.373057
4242	-3775.354	-3921.065	145.7112	2.243401	0.192572	0.344124	0.122418	0.340886	0.9936348	5.976093
4248	-3776.179	-3924.856	148.6764	1.847578	0.178119	0.430202	0.0763777	0.315301	1.063449	4.459271
4254	-3780.387	-3927.742	147.3549	2.607768	0.229562	0.272281	0.207757	0.290401	1.062398	4.896849
4260	-3788.467	-3934.181	145.7148	2.273963	0.180931	0.342835	0.209221	0.267013	1.045087	5.934305
4266	-3806.127	-3952.568	146.4408	2.453235	0.143219	0.413422	0.137811	0.305549	0.9002755	5.548526
4272	-3799.812	-3944.319	144.5072	3.77503	0.325187	0.272885	0.0447878	0.35714	0.8443175	6.21037
4278	-3796.747	-3940.578	143.8314	2.941304	0.299609	0.31625	0.0315328	0.352609	0.8304255	6.836898
4284	-3791.416	-3936.508	145.0917	3.331559	0.21995	0.296291	0.0304232	0.453336	0.7955484	6.049163
4290	-3782.649	-3928.323	145.6738	3.331559	0.288082	0.301409	0.0309487	0.37956	1.029594	5.602744
4296	-3794.378	-3942.085	147.7063	2.741854	0.252061	0.251914	0.0386186	0.457407	1.033864	4.668614
4302	-3797.226	-3944.493	147.2662	1.744256	0.0721024	0.334273	0.447748	0.145877	1.063707	5.290681
4308	-3796.281	-3944.585	148.3042	1.560571	0.238056	0.250835	0.370531	0.140577	1.112244	4.77159
4314	-3796.161	-3944.663	148.5018	1.842121	0.193753	0.242826	0.404176	0.159245	1.084814	4.547857
4320	-3792.79	-3941.662	148.8715	1.857947	0.228781	0.313081	0.275072	0.183065	1.084814	4.332547
4326	-3796.972	-3943.264	146.2923	2.39735	0.196257	0.156425	0.286761	0.360556	0.8474387	5.67983
4332	-3785.159	-3930.043	144.8836	1.951137	0.22915	0.167424	0.321663	0.281763	0.8557785	6.616892
4338	-3779.522	-3924.333	144.8103	2.085756	0.21305	0.220151	0.241011	0.325788	0.8557785	6.602081
4344	-3788.748	-3936.46	147.7115	2.085756	0.232012	0.235844	0.18223	0.349914	1.089394	4.883961
4350	-3788.914	-3933.635	144.7209	2.947593	0.170151	0.172962	0.324301	0.332587	1.030691	6.244813
4356	-3781.488	-3928.271	146.7832	1.655317	0.21703	0.185648	0.279869	0.317453	0.9937379	5.634912
4362	-3780.865	-3928.135	147.2696	1.655317	0.121125	0.189641	0.5208	0.168434	1.047558	5.337702
4368	-3787.915	-3934.569	146.6539	1.612878	0.174057	0.258357	0.325543	0.242042	1.052438	5.692918
4374	-3782.918	-3928.532	145.6137	2.200608	0.109382	0.325914	0.2836	0.281104	0.8424194	6.128221
4380	-3785.673	-3931.301	145.6278	1.912287	0.133392	0.4672	0.121298	0.27811	1.041847	6.128221
4386	-3790.913	-3937.446	146.5327	1.956666	0.0983752	0.341751	0.311942	0.247932	1.058001	5.606258
4392	-3788.403	-3934.944	146.5408	1.889039	0.253916	0.322755	0.210148	0.213181	0.9478042	5.690683
4398	-3789.879	-3938.276	148.3974	1.889039	0.256868	0.355271	0.174429	0.213432	0.9557902	4.658292
4404	-3797.064	-3943.271	146.2072	2.231446	0.371091	0.0596532	0.236904	0.332351	1.01115	5.69989
4410	-3810.089	-3953.767	143.6773	2.845912	0.337301	0.102882	0.316108	0.243709	0.9966701	6.861806
4416	-3796.475	-3941.829	145.3547	2.762831	0.271461	0.172722	0.0805711	0.475246	0.8800539	6.04382
4422	-3794.723	-3939.211	144.4877	2.727544	0.216661	0.378121	0.0418719	0.363346	0.8041486	6.567996
4428	-3798.095	-3943.031	144.9368	2.727544	0.190736	0.331486	0.159245	0.318533	0.9799276	6.229049
4434	-3793.419	-3941.012	147.5939	2.080012	0.0464872	0.456379	0.179344	0.31779	1.09362	4.949395
4440	-3780.772	-3928.582	147.81	1.901493	0.216064	0.261527	0.277927	0.244482	1.02096	4.944402
4446	-3785.482	-3931.78	146.2976	1.743466	0.166906	0.245611	0.398624	0.188859	0.8750396	5.926366
4452	-3775.481	-3920.907	145.4258	1.876507	0.252449	0.131757	0.33014	0.285653	0.9161707	6.321414
4458	-3786.766	-3932.679	145.9129	1.790608	0.181259	0.401786	0.256336	0.16062	1.045023	6.022966
4464	-3775.298	-3920.307	145.009	1.790608	0.146935	0.224989	0.216404	0.411671	0.9144961	6.584784
4470	-3785.785	-3932.011	146.226	1.647968	0.221495	0.324283	0.31191	0.142312	0.9019096	5.993288
4476	-3788.793	-3936.231	147.4381	1.623736	0.190228	0.435947	0.18251	0.191315	1.053623	5.255749
4482	-3791.399	-3937.985	146.5857	1.275496	0.120009	0.406543	0.373458	0.0999905	0.7609668	6.051293
4488	-3787.856	-3934.448	146.5924	1.404985	0.134005	0.393606	0.274353	0.198036	0.9178183	5.898104
4494	-3790.597	-3935.478	144.8811	1.123165	0.13041	0.279411	0.395693	0.194485	0.8721174	6.992148
4500	-3791.067	-3935.945	144.8783	1.37046	0.188929	0.295357	0.361111	0.154603	0.707448	6.958423
4506	-3782.044	-3930.309	148.2654	1.315893	0.140571	0.153829	0.600223	0.105377	0.9622885	4.99652
4512	-3798.909	-3945.541	146.6318	1.736222	0.120052	0.36348	0.31786	0.198609	0.9229634	5.720514
4518	-3792.733	-3939.474	146.7415	1.615945	0.180183	0.0618713	0.477069	0.280877	0.9229634	5.714458
4524	-3795.789	-3941.191	145.402	1.850826	0.273357	0.0233121	0.482109	0.221222	0.8562583	6.377709
4530	-3787.98	-3933.954	145.9742	1.850826	0.297414	0.00232389	0.524539	0.175722	0.8152283	6.08891
4536	-3795.107	-3939.944	144.8367	2.575466	0.254093	0.00501697	0.355617	0.385272	0.8441482	6.410297
4542	-3790.284	-3937.102	146.8172	2.833762	0.321055	0.00317799	0.449334	0.226432	1.028469	5.13475
4548	-3794.353	-3941.291	146.9381	2.415326	0.294423	0.00152785	0.450918	0.253132	1.178592	5.13475
4554	-3789.424	-3937.393	147.9688	2.138522	0.311365	0.00168816	0.476865	0.210082	0.9513528	4.795979
4560	-3787.088	-3934.51	147.4217	2.682216	0.187443	0.0198697	0.550268	0.24242	1.128616	4.795979
4566	-3802.457	-3950.259	147.8025	2.121187	0.196241	0.21253	0.201318	0.389911	1.130218	4.795979
4572	-3796.578	-3944.721	148.143	1.717611	0.12377	0.393609	0.21142	0.271201	1.141552	4.772557
4578	-3788.849	-3937.27	148.421	1.615367	0.12377	0.393609	0.21142	0.271201	1.042064	4.719812
4584	-3794.108	-3941.702	147.5935	1.059742	0.0682539	0.388166	0.276129	0.267451	0.9197934	5.525292
4590	-3785.769	-3930.858	145.089	1.457192	0.0983151	0.425185	0.183541	0.292958	0.9704923	6.661357
4596	-3791.116	-3937.602	146.4858	1.704271	0.0946085	0.416106	0.146212	0.343074	0.9430887	5.803602
4602	-3787.878	-3935.281	147.4031	1.244179	0.111951	0.302047	0.42268	0.163322	0.891139	5.548679
4608	-3785.738	-3932.718	146.9796	1.506006	0.129589	0.217469	0.443509	0.209433	0.9181401	5.637665
4614	-3795.452	-3943.213	147.7611	2.028424	0.104639	0.460418	0.0271207	0.407822	1.151883	4.845162
4620	-3788.834	-3937.323	148.4892	1.674288	0.112278	0.450317	0.0572042	0.380201	1.09852	4.622676
4626	-3795.54	-3944.348	148.8079	2.34512	0.162148	0.290412	0.135227	0.412213	1.202896	4.099084
4632	-3792.39	-3939.426	147.0363	2.585537	0.155991	0.410933	0.0168068	0.416269	1.055711	5.085675
4638	-3797.731	-3943.606	145.8747	1.805926	0.0891164	0.375084	0.23074	0.30506	1.032469	6.044013
4644	-3795.263	-3940.68	145.4167	1.958424	0.11037	0.343003	0.220666	0.325962	0.9071978	6.297062
4650	-3797.483	-3941.624	144.1415	2.356777	0.22465	0.298941	0.192319	0.284089	0.9635186	6.801119
4656	-3785.913	-3931.422	145.5089	1.743791	0.203239	0.27045	0.168326	0.357985	0.8501382	6.369045
4662	-3789.177	-3933.615	144.438	1.744559	0.156384	0.304458	0.187615	0.351543	1.020921	6.855592
4668	-3793.809	-3941.516	147.7075	1.898276	0.133319	0.340181	0.218325	0.308176	0.9667246	5.032885
4674	-3799.643	-3947.522	147.8787	1.44825	0.105383	0.324507	0.326508	0.243602	1.052159	5.095605
4680	-3792.065	-3940.26	148.1946	1.44773	0.0785873	0.331172	0.359311	0.230929	1.005218	4.946506
4686	-3786.905	-3935.236	148.3313	1.43173	0.101376	0.269625	0.341237	0.287762	1.056359	4.849712
4692	-3784.215	-3931.713	147.4976	1.370004	0.105294	0.282428	0.354424	0.257854	0.9856378	5.381386
4698	-3794.899	-3941.228	146.3293	1.451515	0.146705	0.393505	0.100523	0.359267	0.8012453	6.082882
4704	-3781.312	-3927.937	146.6253	1.451515	0.0864875	0.3502	0.340067	0.223246	0.9167051	5.858345
4710	-3792.85	-3939.112	146.2623	1.362965	0.117607	0.387338	0.388022	0.107033	0.8480668	6.136632
4716	-3793.483	-3939.408	145.9246	1.462432	0.170428	0.386404	0.265535	0.177634	0.8793342	6.255408
4722	-3779.128	-3924.568	145.4402	1.679605	0.157912	0.36903	0.325753	0.147305	0.9023576	6.406242
4728	-3784.657	-3931.693	147.0364	1.191898	0.0950466	0.209949	0.478588	0.216417	0.8759334	5.784993
4734	-3781.805	-3927.852	146.0472	1.470625	0.183414	0.275126	0.412024	0.129436	0.9374486	6.153239
4740	-3782.233	-3929.66	147.4262	1.584013	0.147192	0.273346	0.330654	0.248808	0.9948412	5.313157
4746	-3790.679	-3937.443	146.7634	1.991258	0.18006	0.21776	0.307649	0.294531	0.8574316	5.575317
4752	-3803.209	-3950.337	147.1285	2.436511	0.265312	0.187815	0.279393	0.26748	1.058431	5.087897
4758	-3800.449	-3947.175	146.7264	2.224355	0.162385	0.283216	0.17897	0.375428	1.002834	5.422004
4764	-3807.575	-3954.555	146.9798	1.889653	0.190445	0.29053	0.183592	0.335434	1.014374	5.412606
4770	-3802.545	-3950.446	147.9016	3.064363	0.213779	0.115554	0.203901	0.466766	1.139543	4.388778
4776	-3797.44	-3942.385	144.9441	2.999921	0.132241	0.374925	0.149719	0.343115	1.038757	6.101824
4782	-3794.597	-3941.124	146.5266	1.605376	0.169104	0.381982	0.220636	0.228278	0.8577297	5.872573
4788	-3794.666	-3941.495	146.8287	2.008106	0.183647	0.321505	0.212121	0.282728	0.9199956	5.498112
4794	-3790.143	-3935.446	145.3021	3.8724	0.222207	0.179042	0.25666	0.342092	0.8912483	5.723552
4800	-3784.106	-3929.796	145.6899	2.665122	0.366004	0.0530791	0.279921	0.300997	0.8969634	5.88551
4806	-3785.838	-3931.013	145.1753	2.665122	0.309288	0.0466967	0.372829	0.271186	0.8298524	6.202599
4812	-3777.032	-3922.85	145.8173	2.309919	0.315984	0.0562578	0.3809	0.246858	0.8727472	5.958721
4818	-3777.9	-3924.762	146.8624	1.967492	0.141061	0.194349	0.329625	0.334966	0.999054	5.452866
4824	-3768.743	-3915.602	146.8585	1.662738	0.260836	0.185421	0.309653	0.24409	0.9608618	5.60826
4830	-3774.626	-3920.903	146.2771	1.749688	0.136452	0.266298	0.244101	0.35315	0.9869252	5.873725
4836	-3780.562	-3927.375	146.8132	1.82978	0.123729	0.266597	0.242055	0.36762	0.9778176	5.55004
4842	-3789.943	-3938.026	148.0831	1.614641	0.166881	0.225717	0.326473	0.28093	0.9285063	4.971822
4848	-3785.731	-3932.935	147.2044	1.766043	0.0627799	0.531083	0.287139	0.118999	1.077074	5.307754
4854	-3790.215	-3936.394	146.1791	1.139093	0.0500831	0.423675	0.431309	0.0949321	0.9437474	6.243012
4860	-3784.238	-3929.525	145.287	1.139093	0.152775	0.252409	0.480919	0.113897	0.871214	6.765477
4866	-3778.477	-3924.38	145.9031	1.852133	0.172507	0.151751	0.479653	0.19609	0.799632	6.135611
4872	-3776.126	-3920.57	144.4439	2.142526	0.221961	0.216236	0.30571	0.256093	0.8518762	6.779796
4878	-3786.402	-3931.229	144.827	2.887076	0.247042	0.271974	0.166037	0.314948	0.8925527	6.28222
4884	-3794.454	-3939.295	144.8411	2.315715	0.247258	0.272212	0.0410232	0.439506	0.8094898	6.521555
4890	-3792.349	-3937.101	144.7524	3.502953	0.166817	0.293252	0.100191	0.43974	0.8729575	6.140159
4896	-3783.794	-3930.69	146.8953	2.725459	0.285823	0.192671	0.269506	0.251999	0.8620626	5.221155
4902	-3788.027	-3931.143	143.1155	2.905202	0.223992	0.275534	0.302988	0.197485	0.878949	7.207964
4908	-3791.091	-3935.879	144.7886	3.556335	0.233068	0.223328	0.173848	0.369756	0.9204739	6.078822
4914	-3795.157	-3937.028	141.8708	2.252136	0.223769	0.234282	0.354276	0.187672	0.6367455	8.231781
4920	-3780.484	-3926.548	146.0641	1.621018	0.168697	0.299614	0.34757	0.184119	0.9908327	6.045261
4926	-3776.309	-3922.143	145.8334	1.937661	0.253721	0.13807	0.373373	0.234837	0.9691001	6.045261
4932	-3791.712	-3937.696	145.9841	1.814021	0.264955	0.0146627	0.518596	0.201786	0.9143733	6.045261
4938	-3789.927	-3936.377	146.4506	1.846258	0.286831	0.0128214	0.484889	0.215459	0.9549649	5.754396
4944	-3792.449	-3939.85	147.4011	1.75008	0.2249	0.0674447	0.546889	0.160767	1.054954	5.218391
4950	-3790.716	-3937.737	147.0215	1.771913	0.204977	0.0882163	0.555617	0.151189	1.054954	5.418254
4956	-3784.813	-3930.727	145.9142	2.036857	0.16717	0.167937	0.477104	0.187789	0.8590725	6.020432
4962	-3801.31	-3947.642	146.3316	2.589958	0.324476	0.157392	0.168732	0.3494	0.8590725	5.581422
4968	-3796.059	-3941.813	145.7537	3.173353	0.319331	0.0625169	0.329996	0.288156	0.9555505	5.649061
4974	-3795.369	-3941.876	146.5077	2.190856	0.307131	0.145269	0.270452	0.277148	0.8323337	5.649061
4980	-3804.801	-3949.748	144.9478	2.632347	0.262061	0.151082	0.256297	0.330559	0.9499407	6.272489
4986	-3793.017	-3937.689	144.6716	2.455546	0.193779	0.199831	0.250775	0.355615	0.7973153	6.56817
4992	-3800.659	-3949.451	148.7917	1.490086	0.168138	0.0602967	0.632672	0.138893	1.037636	4.574208
4998	-3791.06	-3937.519	146.4596	1.863807	0.214174	0.0768058	0.532099	0.176921	0.9205869	5.760787
5004	-3793.186	-3937.71	144.5233	1.32258	0.267086	0.0957808	0.566955	0.0701787	0.8514434	7.095295
5010	-3790.574	-3936.968	146.3939	2.013788	0.204495	0.195648	0.339784	0.260074	0.8482538	5.773683
5016	-3798.698	-3944.888	146.1901	1.844493	0.158525	0.395231	0.159044	0.287199	0.732049	6.019319
5022	-3802.512	-3949.505	146.9927	1.655794	0.195015	0.386441	0.0595267	0.359018	0.9758277	5.529435
5028	-3805.765	-3952.568	146.8031	1.931264	0.172324	0.410755	0.0996771	0.317245	0.9637605	5.520082
5034	-3802.159	-3948.741	146.5819	1.931264	0.200481	0.207908	0.420534	0.171077	0.9007805	5.676112
5040	-3791.909	-3937.603	145.6939	1.577125	0.225518	0.209917	0.391835	0.17273	0.930967	6.299235
5046	-3793.403	-3938.484	145.0811	1.577125	0.158523	0.196915	0.438219	0.206343	0.8172563	6.692839
5052	-3784.431	-3929.722	145.2914	1.960697	0.182178	0.223866	0.403814	0.190142	0.9132174	6.360908
5058	-3783.512	-3927.009	143.4974	3.617755	0.196661	0.241664	0.271916	0.289759	0.8683813	6.78922
5064	-3788.162	-3932.139	143.9771	2.003617	0.189351	0.132786	0.305185	0.372677	0.8520008	7.086479
5070	-3791.907	-3937.92	146.0132	2.250087	0.376055	0.100701	0.220886	0.302357	1.031522	5.787751
5076	-3805.007	-3953.031	148.0248	1.306336	0.256937	0.14242	0.389446	0.211197	1.138949	5.03686
5082	-3797.872	-3945.409	147.5372	1.755511	0.230021	0.27799	0.336528	0.155461	1.112361	5.108841
5088	-3792.962	-3939.945	146.9837	2.022225	0.277741	0.1239	0.382646	0.215712	1.163141	5.272843
5094	-3799.93	-3947.093	147.1626	2.778529	0.394144	0.0208576	0.280441	0.304557	1.022132	4.965633
5100	-3798.645	-3944.665	146.0192	3.230309	0.438535	0.0178894	0.177045	0.366531	0.9412764	5.493018
5106	-3807.656	-3953.965	146.3095	3.221543	0.296176	0.0311664	0.421558	0.251099	0.9465206	5.333004
5112	-3806.152	-3952.312	146.1599	2.330244	0.308895	0.0150933	0.439661	0.23635	0.9534434	5.719541
5118	-3798.593	-3944.337	145.7446	2.679673	0.296302	0.0163562	0.325439	0.361903	0.9169647	5.839596
5124	-3797.626	-3943.952	146.3266	1.985528	0.17313	0.307348	0.209402	0.31012	0.9476581	5.767715
5130	-3784.944	-3931.22	146.2757	1.985528	0.199719	0.357471	0.155639	0.287171	0.8898921	5.82717
5136	-3786.665	-3933.051	146.3864	2.064632	0.163579	0.406002	0.10426	0.326159	0.9041071	5.726525
5142	-3779.086	-3924.714	145.6273	1.820759	0.275038	0.139415	0.173746	0.411801	0.8685311	6.261505
5148	-3787.076	-3932.372	145.2962	2.283302	0.185021	0.204829	0.169345	0.440805	0.856412	6.261505
5154	-3795.967	-3941.016	145.0492	2.759208	0.380573	0.174912	0.101265	0.343251	0.9054929	6.197532
5160	-3796.734	-3944.116	147.382	2.083367	0.18772	0.24619	0.393554	0.172537	1.024494	5.104097
5166	-3788.484	-3933.981	145.4964	2.083367	0.211986	0.112936	0.379127	0.295951	0.9546784	6.177168
5172	-3787.746	-3934.544	146.7981	2.346512	0.342365	0.0459464	0.298122	0.313567	1.032915	5.318776
5178	-3792.45	-3940.118	147.6676	2.833285	0.216327	0.0276919	0.40206	0.353921	1.018857	4.666726
5184	-3781.825	-3928.06	146.2346	2.280126	0.184451	0.170963	0.342816	0.30177	0.9929799	5.676069
5190	-3790.928	-3937.875	146.9471	1.626687	0.150491	0.248351	0.354947	0.246211	0.9274306	5.594338
5196	-3783.156	-3929.962	146.8053	1.626687	0.170274	0.273264	0.258396	0.298066	0.9160406	5.678388
5202	-3782.065	-3927.74	145.6753	2.819133	0.196111	0.183725	0.346953	0.27321	0.9750528	5.797658
5208	-3778.644	-3922.858	144.2141	1.747088	0.172151	0.381264	0.223679	0.222905	0.8201618	7.083247
5214	-3779.153	-3923.363	144.2109	1.968978	0.11823	0.306819	0.259337	0.315613	0.7087675	7.051782
5220	-3777.939	-3924.141	146.2021	2.187089	0.111644	0.280447	0.309876	0.298033	0.8649737	5.800039
5226	-3782.417	-3929.68	147.2635	1.263634	0.112026	0.469959	0.17046	0.247556	0.9806989	5.566215
5232	-3792.679	-3939.443	146.7632	1.839638	0.115451	0.280335	0.357882	0.246333	0.8471176	5.644999
5238	-3799.845	-3946.128	146.2829	2.393976	0.163515	0.209549	0.206432	0.420503	1.007024	5.598665
5244	-3794.356	-3938.584	144.2281	2.285139	0.24445	0.347404	0.185898	0.222249	1.033	6.74371
5250	-3783.957	-3929.962	146.0049	1.126409	0.185917	0.315755	0.332354	0.165975	0.9108538	6.362073
5256	-3781.906	-3927.228	145.3224	1.674111	0.211415	0.35906	0.305299	0.124226	0.8229022	6.51557
5262	-3785.184	-3931.587	146.4034	1.025437	0.0590558	0.363034	0.385235	0.192675	0.9580816	6.173622
5268	-3791.844	-3937.622	145.7777	1.487888	0.0699755	0.430161	0.359305	0.140559	0.8631168	6.332017
5274	-3797.286	-3942.84	145.5535	1.744209	0.202436	0.359325	0.33233	0.10591	0.8734153	6.332017
5280	-3798.313	-3946.353	148.0402	1.637026	0.0524146	0.502906	0.299598	0.145082	1.055383	4.914761
5286	-3791.578	-3939.695	148.1175	2.039108	0.113361	0.268405	0.272353	0.345882	1.08266	4.680243
5292	-3785.719	-3934.055	148.3365	1.614323	0.182572	0.320402	0.218957	0.27807	1.053733	4.760987
5298	-3785.267	-3934.118	148.8508	1.583347	0.0593914	0.381649	0.213647	0.345312	1.114022	4.453261
5304	-3792.297	-3940.026	147.7298	1.602086	0.139741	0.403199	0.297808	0.159252	0.8498058	5.217166
5310	-3795.368	-3943.058	147.6906	2.118292	0.274954	0.242798	0.31422	0.168028	0.9486064	4.960679
5316	-3798.192	-3946.662	148.4698	1.371797	0.291523	0.197167	0.333156	0.178154	0.904141	4.887041
5322	-3799.004	-3943.509	144.5047	1.615645	0.176788	0.119567	0.482664	0.220981	0.7885794	7.001748
5328	-3798.698	-3944.286	145.588	1.930155	0.282256	0.0938659	0.448276	0.175602	0.9078761	6.215307
5334	-3790.327	-3938.191	147.8642	2.008136	0.232779	0.187201	0.415095	0.164924	0.9593806	4.903404
5340	-3793.445	-3940.149	146.7046	2.45849	0.27815	0.228459	0.18585	0.307541	0.8927597	5.40556
5346	-3794.283	-3942.127	147.8447	1.794395	0.186302	0.295561	0.199601	0.318536	0.8985685	5.039659
5352	-3795.173	-3940.711	145.5377	2.473957	0.338436	0.106356	0.25035	0.304858	0.9655164	5.99956
5358	-3788.782	-3933.733	144.9505	2.163935	0.236742	0.235051	0.238175	0.290032	0.8693138	6.488038
5364	-3794.763	-3942.315	147.5518	1.556198	0.212377	0.347896	0.196223	0.243504	0.9100394	5.303622
5370	-3792.453	-3938.776	146.3232	1.556198	0.177368	0.334575	0.250618	0.237439	0.9085779	5.978502
5376	-3792.571	-3939.955	147.3839	1.577998	0.116055	0.499134	0.0408163	0.343994	1.023086	5.323697
5382	-3786.906	-3934.722	147.8154	1.812236	0.16484	0.348098	0.284982	0.20208	1.045073	4.966734
5388	-3794.88	-3940.215	145.3352	2.448228	0.317937	0.27451	0.149506	0.258047	0.9912097	6.105345
5394	-3791.952	-3938.291	146.3395	1.739019	0.10832	0.545177	0.146086	0.200417	0.9388048	5.870609
5400	-3801.656	-3950.817	149.1612	1.513655	0.0646359	0.560791	0.133079	0.241494	1.110087	4.313724
5406	-3792.643	-3939.986	147.3429	1.720568	0.19844	0.42031	0.275407	0.105842	1.039797	5.272098
5412	-3798.067	-3943.879	145.812	2.274419	0.120463	0.473061	0.202202	0.204273	0.9362007	5.940482
5418	-3801.403	-3946.993	145.5897	1.589112	0.1301	0.510903	0.138383	0.220614	0.9308402	6.350425
5424	-3801.537	-3948.327	146.7906	1.589112	0.105054	0.412549	0.277999	0.204398	0.813596	5.759796
5430	-3797.385	-3941.915	144.5301	1.589112	0.0518087	0.333043	0.47487	0.140278	0.8263924	6.979675
5436	-3788.956	-3936.059	147.1026	1.491177	0.154631	0.109905	0.528639	0.206825	0.9761787	5.545259
5442	-3789.523	-3936.174	146.6515	2.84801	0.172791	0.111654	0.591328	0.124227	1.078278	5.194029
5448	-3785.551	-3932.455	146.9041	2.111923	0.163226	0.160828	0.558595	0.117351	1.027786	5.35492
5454	-3789.885	-3938.146	148.2605	1.555763	0.147717	0.352782	0.24718	0.252322	1.198407	4.750166
5460	-3789.959	-3938.132	148.1727	1.442047	0.0684041	0.480453	0.253442	0.197701	1.087644	4.915612
5466	-3798.748	-3947.647	148.8989	1.768795	0.133034	0.447937	0.234708	0.184321	1.086829	4.355694
5472	-3794.863	-3942.33	147.4671	2.069849	0.114125	0.384266	0.201346	0.300263	1.226414	4.95022
5478	-3786.44	-3933.313	146.8733	1.3992	0.0909482	0.458897	0.210869	0.239286	1.022807	5.689758
5484	-3793.871	-3938.582	144.7111	2.084909	0.109703	0.439408	0.16226	0.288629	0.9168719	6.623037
5490	-3797.399	-3941.713	144.314	1.60294	0.144783	0.261864	0.214147	0.379207	0.9271453	7.035555
5496	-3790.809	-3936.855	146.0463	1.59812	0.146751	0.277343	0.392626	0.18328	0.9879177	6.066969
5502	-3801.314	-3949.713	148.3989	1.409422	0.12308	0.296362	0.413897	0.166661	0.9610111	4.876178
5508	-3790.232	-3936.994	146.762	1.651143	0.152509	0.156539	0.484442	0.206511	0.9172643	5.690331
5514	-3789.298	-3935.674	146.3764	2.09472	0.151727	0.249925	0.268638	0.32971	0.9579448	5.690331
5520	-3784.651	-3932.692	148.0407	1.622849	0.242967	0.216045	0.322329	0.218659	1.040933	4.929097
5526	-3797.06	-3943.967	146.9076	1.454165	0.233688	0.0665841	0.489419	0.210308	0.8646977	5.731046
5532	-3789.845	-3936.478	146.6329	1.454165	0.104852	0.314616	0.351037	0.229496	0.8720201	5.877355
5538	-3789.373	-3935.019	145.6458	1.67328	0.119451	0.206947	0.324056	0.349546	0.9679903	6.261799
5544	-3787.858	-3932.978	145.1196	2.107819	0.11989	0.161748	0.445159	0.273203	0.843182	6.432644
5550	-3793.409	-3938.317	144.9081	2.392358	0.334229	0.112075	0.133077	0.420619	0.8957279	6.409939
5556	-3791.14	-3937.753	146.6126	2.84279	0.248155	0.114041	0.209806	0.427998	0.8549303	5.340686
5562	-3787.432	-3931.577	144.1451	2.405312	0.300098	0.120756	0.19051	0.388636	0.7633662	6.889235
5568	-3783.825	-3930.287	146.4618	2.757519	0.200193	0.229592	0.0481415	0.522074	0.781318	5.493567
5574	-3788.913	-3934.517	145.6036	5.984844	0.246131	0.27229	0.0583515	0.423228	0.9891298	4.989693
5580	-3779.901	-3925.26	145.3594	3.703522	0.307082	0.276518	0.0359259	0.380474	0.9804423	5.691285
5586	-3785.574	-3933.17	147.5962	2.887012	0.202608	0.226182	0.252355	0.318855	1.000961	4.698162
5592	-3787.052	-3933.689	146.6365	1.404972	0.158792	0.334173	0.288429	0.218606	0.9242896	5.870527
5598	-3779.777	-3925.87	146.0926	1.64766	0.128805	0.411734	0.190117	0.269344	0.870884	6.083026
5604	-3785.442	-3932.202	146.76	1.675534	0.166288	0.288582	0.286567	0.258563	0.8195317	5.733999
5610	-3796.617	-3944.761	148.1443	2.101505	0.144301	0.37286	0.318254	0.164585	0.9969724	4.687433
5616	-3800.275	-3948.386	148.1116	1.85166	0.313906	0.0350485	0.483172	0.167874	1.065723	4.77291
5622	-3791.507	-3939.162	147.6558	1.300319	0.215678	0.0112246	0.606037	0.167061	0.9178177	5.366366
5628	-3784.434	-3931.425	146.9907	1.536542	0.221366	0.0385417	0.66057	0.079522	0.9906679	5.577371
5634	-3790.772	-3936.516	145.7445	1.515773	0.229351	0.062952	0.625306	0.0823907	0.8581299	6.339681
5640	-3797.993	-3943.832	145.8391	1.515773	0.211038	0.0579254	0.575377	0.155659	0.8022178	6.318663
5646	-3798.759	-3945.055	146.2956	1.515773	0.215014	0.203599	0.478045	0.103343	0.7166324	6.116979
5652	-3792.524	-3938.304	145.7796	1.841516	0.170644	0.161584	0.379396	0.288375	0.8551567	6.177084
5658	-3789.451	-3933.375	143.9233	1.770257	0.256532	0.126241	0.343504	0.273723	0.8014106	7.239684
5664	-3788.345	-3935.574	147.2289	1.770257	0.215388	0.149446	0.29619	0.338976	0.8789225	5.401655
5670	-3782.731	-3928.653	145.9219	1.770257	0.15013	0.329457	0.270879	0.249534	0.9757105	6.064662
5676	-3782.975	-3928.784	145.8092	1.562028	0.0764533	0.347638	0.346671	0.229239	0.8737767	6.274646
5682	-3773.291	-3919.034	145.7432	1.810816	0.158824	0.267425	0.266681	0.307069	0.7526198	6.265778
5688	-3777.816	-3923.368	145.552	1.92675	0.139785	0.19679	0.380152	0.283273	0.9185662	6.230474
5694	-3775.554	-3922.533	146.9782	1.93933	0.186344	0.318381	0.102088	0.393187	0.8942262	5.458637
5700	-3785.93	-3931.156	145.2263	2.692842	0.240664	0.246455	0.117578	0.395303	0.851964	6.153197
5706	-3780.248	-3924.75	144.5025	3.952871	0.254903	0.186774	0.117761	0.440563	0.86306	6.153197
5712	-3775.031	-3920.729	145.698	2.614954	0.234926	0.410488	0.0744202	0.280165	0.8862799	5.904601
5718	-3780.265	-3926.351	146.086	1.972869	0.183736	0.235284	0.0770911	0.503889	0.9709556	5.891807
5724	-3784.116	-3928.503	144.3864	2.619905	0.189426	0.24257	0.0485104	0.519493	0.9474832	6.582528
5730	-3782.798	-3927.914	145.1162	3.132957	0.194892	0.375842	0.0691588	0.360107	0.8605092	6.062381
5736	-3774.12	-3921.044	146.9243	1.74203	0.208092	0.205016	0.243689	0.343203	0.9760938	5.528293
5742	-3779.684	-3926.886	147.2023	1.471865	0.165625	0.163177	0.492502	0.178696	1.023512	5.473617
5748	-3784.925	-3932.609	147.6842	1.232241	0.0740169	0.30184	0.435661	0.188481	1.012466	5.333205
5754	-3786.169	-3932.596	146.427	1.269869	0.119392	0.316796	0.338404	0.225408	1.09441	5.95881
5760	-3784.539	-3931.08	146.5407	1.276337	0.107847	0.37889	0.243673	0.26959	0.9747577	5.95881
5766	-3775.945	-3922.572	146.6275	1.932116	0.0773558	0.26953	0.304442	0.348672	0.9681165	5.613821
5772	-3774.678	-3920.387	145.7083	1.786846	0.143832	0.418499	0.185352	0.252317	0.8657483	6.233578
5778	-3778.035	-3925.233	147.1984	1.786846	0.11884	0.345779	0.321875	0.213506	1.076157	5.302429
5784	-3776.293	-3924.773	148.4798	1.760661	0.102357	0.365122	0.208518	0.324003	1.076157	4.601271
5790	-3772.726	-3920.191	147.4652	2.471445	0.186259	0.169642	0.166302	0.477797	1.171474	4.824708
5796	-3781.472	-3929.293	147.8204	1.690006	0.188153	0.332864	0.171609	0.307374	1.18795	4.939037
5802	-3782.285	-3931.245	148.9596	2.134641	0.180636	0.157573	0.211403	0.450389	1.100323	4.155883
5808	-3791.205	-3937.931	146.7266	4.244768	0.363822	0.178798	0.137419	0.319961	0.991535	4.778464
5814	-3792.166	-3937.066	144.8996	3.917925	0.346259	0.106601	0.0820271	0.465113	0.9921492	5.875869
5820	-3788.764	-3932.791	144.0262	4.483202	0.411445	0.124769	0.0744388	0.389346	0.8525911	6.278101
5826	-3790.675	-3935.845	145.1706	2.890821	0.28776	0.104641	0.406059	0.201541	0.912752	6.083053
5832	-3789.969	-3935.03	145.0615	1.707236	0.160443	0.0755373	0.651649	0.112371	0.762422	6.674833
5838	-3785.831	-3932.038	146.207	3.03167	0.244621	0.127252	0.225865	0.402263	0.9536916	5.446664
5844	-3792.932	-3938.988	146.0566	4.537805	0.264701	0.0776013	0.0781844	0.579513	0.9471318	5.098953
5850	-3784.187	-3929.276	145.0897	3.117761	0.215526	0.22209	0.163448	0.398935	0.9597004	6.027566
5856	-3783.088	-3928.048	144.9602	2.014103	0.151081	0.371546	0.134536	0.342838	0.7829378	6.589155
5862	-3784.79	-3929.796	145.0057	1.503736	0.198347	0.303667	0.217782	0.280204	0.8447248	6.752486
5868	-3790.97	-3937.308	146.338	1.926564	0.123041	0.352017	0.228081	0.296861	0.9167178	5.802931
5874	-3798.854	-3944.607	145.753	1.926564	0.105242	0.42319	0.189254	0.282314	0.9169912	6.122053
5880	-3777.094	-3921.614	144.52	2.183663	0.110464	0.431172	0.133515	0.324849	0.8551479	6.720923
5886	-3780.11	-3926.257	146.1464	2.183663	0.125224	0.424114	0.0400331	0.410629	0.9175659	5.803082
5892	-3780.501	-3926.09	145.5898	1.532982	0.120784	0.53295	0.0178234	0.328442	0.817031	6.437871
5898	-3777.577	-3924.178	146.6004	1.716216	0.104422	0.500078	0.0165381	0.378962	0.904562	5.7567
5904	-3781.783	-3927.505	145.7216	1.980087	0.123425	0.412923	0.0157286	0.447924	0.9174576	6.116786
5910	-3788.662	-3935.044	146.3821	1.980087	0.184324	0.444436	0.0257513	0.345488	0.9666152	5.72918
5916	-3786.718	-3934.399	147.6808	2.439745	0.191339	0.500519	0.0636874	0.244455	1.135252	4.736485
5922	-3790.385	-3939.347	148.9615	1.396132	0.193722	0.259927	0.343769	0.202581	1.063434	4.510604
5928	-3800.847	-3949.032	148.1846	1.919589	0.232132	0.101692	0.411928	0.254248	0.9692109	4.756675
5934	-3798.643	-3945.755	147.1117	1.238467	0.162406	0.346031	0.260993	0.23057	0.866324	5.725087
5940	-3789.482	-3937.546	148.0646	1.50245	0.1443	0.307454	0.271844	0.276401	0.9949333	4.998083
5946	-3784.264	-3932.085	147.8203	1.798079	0.195032	0.184079	0.416987	0.203902	0.9949333	4.998083
5952	-3788.563	-3936.599	148.0363	1.858708	0.0435876	0.378509	0.31903	0.258874	1.0229	4.835777
5958	-3787.934	-3936.645	148.711	1.945376	0.161731	0.233892	0.3612	0.243177	1.180991	4.330821
5964	-3791.834	-3938.982	147.1478	2.073243	0.220062	0.300605	0.168678	0.310655	1.094484	5.199146
5970	-3798.905	-3945.261	146.3559	1.859813	0.180118	0.321581	0.215577	0.282724	0.9066417	5.826899
5976	-3799.004	-3947.086	148.0818	1.490469	0.261166	0.292446	0.196045	0.250343	1.115126	4.927411
5982	-3777.896	-3924.757	146.861	1.948231	0.0939372	0.496711	0.0337902	0.375561	0.9553996	5.485701
5988	-3782.125	-3928.422	146.2966	1.613259	0.1675	0.441492	0.10797	0.283038	0.9509858	5.943688
5994	-3782.299	-3928.17	145.8713	1.611157	0.183873	0.32554	0.328783	0.161805	0.8867376	6.211389
6000	-3779.439	-3926.959	147.5204	1.425451	0.147049	0.191088	0.426913	0.234951	0.9632906	5.353918
6006	-3785.952	-3933.845	147.8939	1.761106	0.177952	0.292613	0.245107	0.284328	1.085411	4.92322
6012	-3780.949	-3927.938	146.989	2.212832	0.272476	0.191304	0.207245	0.328975	0.8944457	5.341525
6018	-3783.56	-3929.9	146.3399	3.228611	0.381881	0.199054	0.154387	0.264678	0.8966004	5.341525
6024	-3783.154	-3930.562	147.4079	2.236209	0.177059	0.215498	0.320901	0.286543	1.042736	5.018414
6030	-3779.082	-3927.105	148.0233	2.236209	0.161428	0.261513	0.284229	0.29283	1.219462	4.576218
6036	-3780.858	-3930.5	149.6412	1.54377	0.136647	0.352405	0.306247	0.204701	1.256283	3.942807
6042	-3792.786	-3942.169	149.3826	1.86839	0.165448	0.308836	0.182854	0.342863	1.250768	3.942807
6048	-3781.641	-3929.45	147.8087	2.244544	0.197512	0.202069	0.27642	0.323999	1.218903	4.693534
6054	-3775.087	-3922.701	147.614	2.195501	0.186092	0.248206	0.260437	0.305265	1.150071	4.860171
6060	-3780.616	-3928.192	147.5755	1.455687	0.179824	0.245261	0.26842	0.306496	1.110628	5.227492
6066	-3780.64	-3928.935	148.2948	1.679471	0.138734	0.33108	0.192124	0.338063	1.095526	4.730814
6072	-3790.878	-3938.948	148.0705	2.362751	0.204304	0.286664	0.184458	0.324574	1.162946	4.531891
6078	-3800.97	-3947.947	146.9778	2.540483	0.21136	0.182457	0.190828	0.415356	0.9290844	5.204575
6084	-3786.484	-3933.364	146.8799	2.540483	0.145368	0.449663	0.119297	0.285672	1.026983	5.204575
6090	-3789.129	-3936.087	146.9575	1.693602	0.133415	0.351049	0.298158	0.217378	0.9997534	5.518592
6096	-3786.222	-3934.635	148.4131	1.753016	0.114317	0.417114	0.282308	0.186261	0.9771553	4.69753
6102	-3794.383	-3941.145	146.7621	1.888609	0.126691	0.422026	0.300702	0.150581	0.9518636	5.567166
6108	-3785.899	-3932.12	146.2204	1.966891	0.0696631	0.56356	0.165696	0.201081	0.8468907	5.888628
6114	-3796.643	-3942.275	145.6319	1.388041	0.104632	0.582093	0.105581	0.207693	0.7853065	6.500837
6120	-3796.659	-3942.186	145.5275	2.38068	0.180336	0.422665	0.075339	0.32166	0.7686451	6.146807
6126	-3792.457	-3936.132	143.6752	3.142446	0.206153	0.192906	0.179426	0.421516	0.8022943	6.871857
6132	-3794.775	-3938.932	144.1564	2.499452	0.288276	0.254495	0.131664	0.325565	0.7210183	6.871857
6138	-3799.373	-3945.152	145.7786	2.499452	0.180495	0.200761	0.256649	0.362095	0.9236052	5.881676
6144	-3795.152	-3941.296	146.1448	2.101442	0.196031	0.380515	0.109357	0.314096	0.8350664	5.881676
6150	-3783.685	-3929.005	145.3202	2.695602	0.128823	0.443217	0.207085	0.220875	0.8359688	6.109841
6156	-3790.523	-3935.174	144.6509	1.871504	0.156696	0.322746	0.251892	0.268666	0.8585277	6.774213
6162	-3795.006	-3940.678	145.6722	2.101961	0.154896	0.386482	0.186467	0.272155	0.844186	6.134227
6168	-3791.497	-3936.575	145.0783	2.81482	0.114024	0.405173	0.195485	0.285317	0.8358902	6.200677
6174	-3783.417	-3928.369	144.9516	2.96613	0.18634	0.306985	0.0666164	0.440059	0.8699281	6.200677
6180	-3778.828	-3923.751	144.9227	1.83838	0.121919	0.306021	0.244441	0.32762	0.8812866	6.629002
6186	-3776.226	-3922.762	146.5364	2.141862	0.148889	0.29326	0.191542	0.36631	0.9907615	5.565658
6192	-3782.109	-3928.624	146.5149	2.305727	0.187065	0.291562	0.228236	0.293137	1.030457	5.491727
6198	-3784.655	-3932.073	147.4186	2.305727	0.213969	0.193994	0.25917	0.332868	1.032803	4.990899
6204	-3788.888	-3935.546	146.657	2.162288	0.105121	0.443765	0.171852	0.279262	0.9385659	5.519959
6210	-3779.815	-3926.647	146.8314	2.503823	0.173639	0.310442	0.182622	0.333298	0.9754314	5.273288
6216	-3790.148	-3937.296	147.1477	2.503823	0.193924	0.295007	0.190205	0.320864	0.9567923	5.108573
6222	-3799.595	-3946.392	146.7969	2.492062	0.145631	0.267387	0.296158	0.290824	1.023872	5.269925
6228	-3795.608	-3943.681	148.0728	2.973158	0.172843	0.407609	0.131467	0.288081	0.9760843	4.415055
6234	-3781.848	-3929.259	147.4109	1.811242	0.0546358	0.397381	0.23074	0.317243	0.9381948	5.250592
6240	-3780.156	-3924.666	144.5095	1.97039	0.0546485	0.45497	0.0832903	0.407092	0.9204	6.776219
6246	-3781.486	-3926.1	144.6133	1.97039	0.161358	0.300259	0.305109	0.233274	0.7894367	6.790883
6252	-3774.986	-3919.884	144.8983	1.559918	0.171448	0.412318	0.214145	0.202089	0.8329743	6.790883
6258	-3772.563	-3917.893	145.3295	1.463719	0.124464	0.362453	0.335436	0.177648	0.8760254	6.579311
6264	-3776.024	-3921.184	145.1595	1.835301	0.130279	0.352258	0.326001	0.191462	0.9210964	6.480606
6270	-3780.444	-3926.359	145.9148	1.764212	0.134674	0.336083	0.239032	0.290211	0.8853091	6.120389
6276	-3793.874	-3940.641	146.7663	1.875627	0.149852	0.37396	0.191052	0.285136	0.9754848	5.557415
6282	-3802.744	-3948.263	145.5186	2.309882	0.0743954	0.515021	0.0183153	0.392269	0.9687661	6.06928
6288	-3780.913	-3925.099	144.1863	2.111238	0.100598	0.451955	0.0149479	0.432499	0.7655628	6.977499
6294	-3773.854	-3917.659	143.8049	2.826161	0.108306	0.465369	0.0112321	0.415093	0.8334123	6.887624
6300	-3772.462	-3918.485	146.0227	1.970307	0.221556	0.356683	0.103612	0.318149	0.9392274	5.944774
6306	-3790.23	-3936.686	146.4564	2.527648	0.126056	0.369094	0.105534	0.399315	0.8584434	5.535664
6312	-3786.697	-3932.754	146.0561	2.000967	0.11818	0.525699	0.0989407	0.257181	0.8374445	5.969483
6318	-3781.187	-3927.476	146.2892	2.341951	0.218534	0.0862824	0.401346	0.293837	0.902738	5.672006
6324	-3788.406	-3932.997	144.5909	2.320531	0.223385	0.293151	0.183103	0.30036	0.7640924	6.679634
6330	-3788.952	-3933.633	144.6811	1.844221	0.161231	0.217105	0.361025	0.260639	0.798577	6.801751
6336	-3773.321	-3919.977	146.6558	1.322962	0.189744	0.211082	0.351009	0.248164	0.9376241	5.89291
6342	-3782.085	-3927.227	145.1418	1.174238	0.136743	0.377629	0.284491	0.201136	0.8883263	6.816496
6348	-3777.854	-3925.088	147.2332	1.36622	0.0321607	0.443479	0.290681	0.233679	0.9162107	5.566956
6354	-3787.619	-3934.729	147.1098	1.02677	0.0293969	0.388831	0.322507	0.259265	0.8329752	5.855873
6360	-3789.248	-3935.777	146.529	1.074514	0.0238618	0.297038	0.517883	0.161217	0.9492241	6.083709
6366	-3788.807	-3935.288	146.481	1.721374	0.066695	0.490237	0.193214	0.249855	0.8386301	5.855801
6372	-3792.63	-3937.465	144.8355	2.268004	0.205255	0.324341	0.234386	0.236018	0.8530187	6.51904
6378	-3793.259	-3939.136	145.8772	1.108396	0.0464634	0.389823	0.281708	0.282005	0.8499618	6.473795
6384	-3798.395	-3946.172	147.7778	1.52431	0.240152	0.255135	0.320144	0.184569	0.9702293	5.16041
6390	-3789.22	-3934.866	145.6461	2.543035	0.291546	0.240457	0.243928	0.224069	0.9560884	5.92051
6396	-3802.297	-3945.999	143.7021	2.190166	0.265496	0.141596	0.309033	0.283874	0.7130699	7.235499
6402	-3790.101	-3935.422	145.3207	1.622109	0.150871	0.269836	0.413373	0.16592	0.7807728	6.562601
6408	-3791.117	-3935.843	144.7255	1.801693	0.208239	0.136083	0.403373	0.252306	0.7067468	6.845423
6414	-3790.99	-3936.957	145.9668	2.245405	0.158673	0.218622	0.347628	0.275077	0.705019	5.993344
6420	-3785.272	-3930.979	145.7069	2.474768	0.214404	0.147574	0.387645	0.250376	0.8072051	5.993344
6426	-3783.015	-3928.747	145.7323	2.06992	0.197371	0.150774	0.39605	0.255805	0.8135951	6.130998
6432	-3789.354	-3935.967	146.6127	2.700788	0.331855	0.200164	0.26998	0.198001	0.8085163	5.415334
6438	-3794.621	-3941.694	147.0724	1.667033	0.244878	0.21006	0.283328	0.261735	0.9601086	5.489179
6444	-3793.135	-3940.002	146.8674	2.005387	0.206327	0.298955	0.176369	0.31835	0.8994969	5.489179
6450	-3791.559	-3937.944	146.3849	1.790306	0.195232	0.277379	0.160708	0.366681	0.8513957	5.871145
6456	-3793.64	-3939.79	146.15	1.982661	0.158349	0.364762	0.0964995	0.38039	0.8740532	5.905753
6462	-3791.253	-3936.725	145.4725	2.207248	0.147094	0.417691	0.132646	0.302569	0.8630569	6.191262
6468	-3787.66	-3933.672	146.0121	2.293882	0.14303	0.389182	0.16436	0.303427	0.8934967	5.847045
6474	-3785.514	-3932.445	146.9315	2.623131	0.115577	0.326278	0.132812	0.425333	1.035246	5.141561
6480	-3788.972	-3935.705	146.7325	2.910808	0.234279	0.237958	0.0968616	0.430901	1.052802	5.141964
6486	-3793.486	-3938.984	145.4976	3.65813	0.228347	0.245974	0.080263	0.445416	0.9150577	5.664513
6492	-3787.669	-3934.283	146.6141	2.603297	0.238548	0.473811	0.0867069	0.200933	1.028683	5.327757
6498	-3783.296	-3929.459	146.1624	2.302005	0.0990445	0.487504	0.206711	0.20674	0.922223	5.745991
6504	-3786.768	-3932.494	145.7268	1.561548	0.112896	0.340529	0.31879	0.227785	0.88004	6.316202
6510	-3783.268	-3928.606	145.3384	1.903246	0.105679	0.296472	0.408798	0.18905	0.8782259	6.37819
6516	-3782.217	-3926.891	144.674	1.588305	0.111246	0.324494	0.260096	0.304164	0.8217699	6.904995
6522	-3784.667	-3929.474	144.8074	1.246207	0.133476	0.20654	0.44811	0.211874	1.014215	6.892474
6528	-3777.163	-3923.836	146.6735	1.429628	0.138653	0.479385	0.264529	0.117433	0.9408954	5.829301
6534	-3786.552	-3930.903	144.3505	1.00916	0.130124	0.460318	0.268418	0.141141	0.8002979	7.376004
6540	-3796.898	-3942.104	145.2065	2.014017	0.18762	0.195111	0.387021	0.230248	0.867948	6.409684
6546	-3794.158	-3941.62	147.4617	2.252088	0.299686	0.159803	0.316985	0.223527	0.9836581	5.015104
6552	-3785.643	-3931.668	146.025	2.252088	0.177374	0.335568	0.269381	0.217677	0.90123	5.851794
6558	-3787.247	-3930.873	143.6256	2.186338	0.259482	0.259155	0.260388	0.220975	0.9465544	7.152605
6564	-3791.165	-3937.253	146.0878	2.193186	0.0607219	0.39776	0.209047	0.332471	0.9329619	5.823024
6570	-3794.642	-3941.47	146.8281	2.215604	0.0933512	0.357873	0.212131	0.336644	1.075401	5.329369
6576	-3784.402	-3932.531	148.1294	1.168841	0.0892029	0.462648	0.205248	0.242901	1.138195	5.050403
6582	-3782.476	-3929.881	147.405	1.45644	0.0870899	0.418491	0.267363	0.227057	1.015548	5.373741
6588	-3789.691	-3937.578	147.8865	1.718955	0.102314	0.553477	0.175456	0.168754	0.9790676	5.005328
6594	-3796.541	-3942.004	145.4622	1.478226	0.080857	0.437404	0.305782	0.175958	0.7485311	6.569628
6600	-3783.7	-3929.175	145.4755	1.252968	0.0878344	0.388856	0.332168	0.191142	0.9375644	6.569628
6606	-3782.735	-3929.686	146.9507	1.633859	0.181176	0.286516	0.33788	0.194428	1.054413	5.519322
6612	-3777.553	-3924.077	146.524	1.634642	0.153319	0.314606	0.371006	0.161069	0.9749458	5.796575
6618	-3774.975	-3921.725	146.7498	1.427727	0.077871	0.425078	0.308566	0.188485	1.04553	5.731138
6624	-3782.125	-3927.938	145.8134	2.913945	0.118786	0.440252	0.034388	0.406574	1.007842	5.672099
6630	-3781.819	-3927.779	145.9601	2.913945	0.236514	0.39005	0.0151668	0.358269	1.007842	5.5916
6636	-3782.615	-3928.801	146.1859	2.909344	0.228822	0.339321	0.0162096	0.415647	1.011392	5.467057
6642	-3785.841	-3930.059	144.2177	2.36856	0.207529	0.400801	0.0147012	0.376969	0.9499441	6.762968
6648	-3785.872	-3930.742	144.8703	2.292276	0.0621741	0.573917	0.0422828	0.321626	0.9179183	6.455864
6654	-3781.723	-3926.611	144.8887	2.862424	0.231939	0.392552	0.0318559	0.343654	0.937629	6.23244
6660	-3788.849	-3936.963	148.1143	1.875283	0.236297	0.148955	0.380491	0.234257	0.9956418	4.800227
6666	-3790.909	-3937.493	146.584	2.057626	0.149183	0.300742	0.27967	0.270406	0.9830057	5.577652
6672	-3781.976	-3929.817	147.841	1.133672	0.180482	0.322728	0.338346	0.158444	1.127269	5.234836
6678	-3782.102	-3928.953	146.8511	1.926983	0.136145	0.417209	0.108608	0.338038	0.9378662	5.509745
6684	-3793.414	-3939.927	146.5133	1.404646	0.220988	0.416632	0.0246117	0.337769	0.8802854	5.961967
6690	-3778.453	-3924.538	146.0848	1.875347	0.208244	0.387676	0.119785	0.284295	0.918409	5.961967
6696	-3783.835	-3928.143	144.308	2.340843	0.273002	0.151756	0.288833	0.286409	0.9278953	6.736386
6702	-3792.553	-3937.72	145.1666	2.393886	0.245026	0.156106	0.216279	0.382589	0.8747652	6.280455
6708	-3788.044	-3934.574	146.5299	1.686003	0.230769	0.147022	0.312333	0.309876	0.9133708	5.803893
6714	-3790.476	-3936.053	145.5777	1.617896	0.174343	0.157635	0.41046	0.257562	0.8565455	6.384161
6720	-3786.624	-3933.65	147.0264	1.930703	0.14763	0.408657	0.25529	0.188423	0.7795601	5.498818
6726	-3786.409	-3933.634	147.2257	1.399166	0.170494	0.403148	0.221438	0.20492	1.018192	5.498818
6732	-3792.499	-3939.959	147.4593	1.271092	0.0407176	0.468944	0.254668	0.235671	0.9006178	5.498818
6738	-3801.003	-3948.431	147.4277	1.112313	0.0459623	0.531178	0.265505	0.157354	0.8824046	5.608711
6744	-3784.224	-3932.354	148.1302	0.8573771	0.170839	0.338431	0.371529	0.1192	0.9902224	5.30351
6750	-3788.916	-3935.561	146.6457	1.315838	0.182054	0.187742	0.503178	0.127026	0.9273212	5.90759
6756	-3793.041	-3939.163	146.1219	1.671121	0.187718	0.0406733	0.616081	0.155528	0.7619009	6.115905
6762	-3803.292	-3949.597	146.3056	0.9129794	0.142056	0.277418	0.437662	0.142864	0.765522	6.392932
6768	-3789.711	-3937.269	147.5582	0.9477917	0.161258	0.314916	0.361651	0.162175	0.869841	5.633497
6774	-3787.731	-3933.913	146.1814	0.9477917	0.154782	0.370216	0.347377	0.127626	0.7210024	6.465171
6780	-3787.712	-3934.762	147.0498	1.219406	0.157993	0.377897	0.333116	0.130995	0.8179874	5.795187
6786	-3785.166	-3933.127	147.9613	1.838874	0.084377	0.349001	0.307644	0.258977	0.9883105	4.905481
6792	-3785.424	-3930.641	145.2172	2.021593	0.132435	0.396769	0.201196	0.269601	1.042511	6.306094
6798	-3789.984	-3935.41	145.4259	1.917105	0.15853	0.406381	0.112365	0.322724	0.911571	6.306854
6804	-3780.518	-3926.412	145.8944	1.922111	0.172346	0.322517	0.222906	0.282231	0.9818793	6.011532
6810	-3781.096	-3926.542	145.4465	1.601865	0.109323	0.481281	0.148787	0.260609	0.8468233	6.467865
6816	-3783.011	-3929.217	146.2058	1.579874	0.126868	0.290271	0.283193	0.299668	0.9333659	6.018099
6822	-3785.234	-3932.557	147.3231	2.093944	0.110333	0.30402	0.382393	0.203254	0.9333659	5.182859
6828	-3786.327	-3931.9	145.573	2.372975	0.147217	0.399859	0.159469	0.293454	0.9048172	6.050736
6834	-3789.392	-3933.341	143.949	3.84743	0.190283	0.285837	0.338968	0.184911	0.9048172	6.460253
6840	-3783.858	-3928.777	144.9191	2.796466	0.228267	0.120256	0.319559	0.331918	0.8672645	6.276366
6846	-3785.887	-3928.843	142.956	2.486493	0.288171	0.168923	0.218233	0.324673	0.8062854	7.475832
6852	-3787.982	-3931.641	143.659	2.486493	0.296711	0.1911	0.180502	0.331687	0.7631917	7.121634
6858	-3787.117	-3932.193	145.076	2.050601	0.195922	0.0506565	0.478466	0.274955	0.934648	6.429503
6864	-3781.965	-3928.066	146.1016	1.726342	0.299174	0.0805599	0.414911	0.205355	0.8188217	6.071482
6870	-3784.893	-3929.944	145.0512	1.490346	0.0645326	0.39473	0.2266	0.314138	0.8314572	6.741338
6876	-3770.68	-3917.58	146.8998	1.490346	0.0846551	0.413645	0.199516	0.302184	0.929989	5.682331
6882	-3786.533	-3934.129	147.5955	1.490346	0.15169	0.317327	0.352999	0.177984	1.032261	5.243119
6888	-3786.075	-3933.975	147.8996	1.490346	0.143584	0.140398	0.518759	0.197259	1.114799	5.028937
6894	-3787.103	-3934.056	146.9529	1.207487	0.171661	0.318092	0.295391	0.214856	1.173651	5.659545
6900	-3787.338	-3933.426	146.0886	1.790032	0.0619594	0.372062	0.282229	0.28375	1.070316	5.913543
6906	-3786.404	-3932.534	146.1302	1.395302	0.11869	0.439528	0.196309	0.245473	0.8958555	6.166769
6912	-3798.01	-3944.363	146.3525	1.225482	0.28074	0.118616	0.334201	0.266442	0.8285305	6.166769
6918	-3802.335	-3949.967	147.6322	1.740947	0.127099	0.190737	0.404763	0.277401	0.9266664	5.165568
6924	-3792.016	-3939.295	147.279	1.42825	0.10567	0.467768	0.127126	0.299437	0.9306356	5.503523
6930	-3805.773	-3952.364	146.5906	1.746725	0.0924703	0.409338	0.19306	0.305132	1.029006	5.680366
6936	-3785.419	-3931.705	146.2859	1.776149	0.141222	0.370269	0.214929	0.27358	1.052997	5.821167
6942	-3785.946	-3931.799	145.853	2.09578	0.104014	0.351652	0.342837	0.201498	0.7764213	6.075158
6948	-3795.532	-3938.373	142.841	1.314787	0.12896	0.435991	0.235379	0.19967	0.6989817	8.081232
6954	-3790.51	-3935.254	144.7444	1.945493	0.174398	0.337902	0.20567	0.282029	0.7267762	6.764146
6960	-3780.382	-3924.841	144.4594	1.885751	0.190308	0.343625	0.1988	0.267266	0.7890929	6.908987
6966	-3782.054	-3926.674	144.6198	2.447985	0.151333	0.282626	0.353512	0.212529	0.8089843	6.592629
6972	-3778.487	-3925.376	146.8889	2.218766	0.212152	0.371297	0.153935	0.262615	1.072017	5.296418
6978	-3792.119	-3939.988	147.8688	2.016857	0.229387	0.364755	0.137128	0.268729	1.148535	4.791732
6984	-3783.239	-3930.743	147.504	2.716504	0.264796	0.355378	0.12352	0.256306	1.010684	4.803633
6990	-3780.4	-3926.899	146.4996	2.05316	0.286096	0.170209	0.266771	0.276924	1.051145	5.588428
6996	-3785.306	-3930.618	145.3122	2.060551	0.239037	0.15165	0.376647	0.232666	1.113526	6.200153
7002	-3787.863	-3933.843	145.98	2.05213	0.212468	0.19512	0.239311	0.353101	0.9669774	5.919459
7008	-3792.69	-3938.918	146.2279	1.782383	0.250854	0.141138	0.352596	0.255412	0.9262174	5.919459
7014	-3794.796	-3942.474	147.6784	1.117449	0.127145	0.349027	0.383729	0.140099	0.969607	5.420186
7020	-3791.669	-3938.555	146.886	1.641898	0.198359	0.337548	0.191937	0.272155	0.9684116	5.598444
7026	-3795.669	-3941.751	146.0823	1.718033	0.153547	0.415209	0.0964747	0.33477	0.7692873	6.112646
7032	-3789.281	-3933.994	144.7127	2.248333	0.216094	0.173205	0.324547	0.286154	0.7722771	6.636723
7038	-3792.055	-3936.915	144.8598	2.461099	0.208959	0.166348	0.403847	0.220845	0.8296328	6.446713
7044	-3788.262	-3934.032	145.7699	2.505705	0.31776	0.0203951	0.32601	0.335835	0.8271094	5.936814
7050	-3797.165	-3942.469	145.3034	2.639855	0.225644	0.210055	0.279058	0.285244	0.8506611	6.130419
7056	-3792.223	-3938.605	146.3823	2.877117	0.188144	0.273169	0.315755	0.222932	0.9762583	5.389091
7062	-3797.821	-3943.838	146.0163	2.998949	0.234655	0.117501	0.39094	0.256903	0.9073822	5.587732
7068	-3799.119	-3946.845	147.7261	1.619242	0.244356	0.164074	0.407102	0.184467	0.9936108	5.131689
7074	-3807.45	-3953.624	146.174	2.139358	0.170601	0.171669	0.482292	0.175438	0.8585843	5.837765
7080	-3803.805	-3949.401	145.5954	2.353471	0.230537	0.231981	0.353995	0.183487	0.8367994	6.082855
7086	-3799.089	-3945.088	145.9987	1.746486	0.155488	0.392658	0.274472	0.177382	0.8367994	6.108897
7092	-3797.39	-3943.452	146.0613	1.893654	0.187085	0.496099	0.117959	0.198856	0.9668617	5.940603
7098	-3787.208	-3933.41	146.2013	1.805231	0.167049	0.3097	0.405608	0.117643	0.8959246	5.940603
7104	-3783.605	-3929.655	146.0495	1.797717	0.131178	0.384416	0.314081	0.170324	0.9421631	6.001475
7110	-3780.522	-3926.283	145.7613	1.469282	0.154081	0.308304	0.411565	0.12605	0.9421631	6.306775
7116	-3780.904	-3927.075	146.1716	1.343354	0.0832542	0.311621	0.415993	0.189132	0.9938758	6.116237
7122	-3792.891	-3940.581	147.6901	1.018854	0.158893	0.364486	0.284289	0.192332	0.9598712	5.472325
7128	-3779.432	-3925.165	145.7329	1.491415	0.0661869	0.444463	0.249679	0.239671	0.9472048	6.309
7134	-3782.71	-3929.66	146.95	1.491415	0.2143	0.161564	0.352385	0.271751	0.8870832	5.67782
7140	-3787.735	-3936.197	148.4619	1.543162	0.0939673	0.575734	0.113699	0.2166	1.124333	4.684918
7146	-3782.492	-3931.503	149.0109	1.485606	0.140898	0.405714	0.179573	0.273816	1.145032	4.392585
7152	-3778.669	-3927.283	148.6141	1.935721	0.190505	0.261474	0.236721	0.3113	1.175842	4.392585
7158	-3779.695	-3928.805	149.1105	2.073928	0.131121	0.480617	0.167712	0.22055	1.250184	4.009786
7164	-3785.381	-3934.513	149.1329	1.340773	0.133895	0.41406	0.290593	0.161453	1.172791	4.380382
7170	-3783.634	-3932.502	148.8688	1.279886	0.206276	0.104566	0.517434	0.171724	1.060788	4.623209
7176	-3782.544	-3931.832	149.2881	2.077903	0.224943	0.124929	0.405627	0.244501	1.406327	3.816824
7182	-3781.909	-3930.274	148.3648	1.579862	0.237194	0.104815	0.452857	0.205135	1.162206	4.700675
7188	-3778.392	-3925.509	147.1175	2.468527	0.195064	0.177737	0.307741	0.319458	1.084664	5.067494
7194	-3772.003	-3917.801	145.7987	2.623859	0.259586	0.150471	0.215909	0.374034	0.9375818	5.818396
7200	-3771.765	-3918.967	147.2016	1.756571	0.260993	0.151286	0.444264	0.143458	0.9919415	5.360444
7206	-3778.799	-3926.2	147.4006	1.601871	0.266205	0.0283906	0.491131	0.214273	0.9197653	5.360444
7212	-3778.143	-3924.46	146.3173	1.662557	0.308597	0.0244162	0.422379	0.244608	0.9631125	5.903437
7218	-3794.421	-3938.352	143.9308	2.25251	0.281432	0.102977	0.385197	0.230394	0.9892429	6.940061
7224	-3800.626	-3946.634	146.008	1.979553	0.299183	0.0443274	0.409492	0.246998	0.9405501	5.94825
7230	-3797.362	-3945.178	147.8155	1.644956	0.23536	0.126252	0.51409	0.124298	0.9643354	5.086528
7236	-3793.288	-3940.054	146.7657	1.20526	0.194074	0.177587	0.514908	0.113431	0.8600846	5.934748
7242	-3799.205	-3946.278	147.0728	1.20526	0.194074	0.177587	0.514908	0.113431	0.9822057	5.69994
7248	-3795.021	-3941.87	146.849	1.254393	0.243594	0.153717	0.537177	0.0655123	0.811035	5.890942
7254	-3795.998	-3945.002	149.0042	1.104997	0.210109	0.120414	0.555207	0.11427	1.135269	4.59828
7260	-3798.234	-3946.913	148.6786	1.207043	0.231933	0.130572	0.612875	0.0246205	1.043112	4.777465
7266	-3799	-3946.251	147.2508	0.9201702	0.151681	0.278485	0.557364	0.0124699	1.013564	5.73863
7272	-3796.429	-3942.974	146.5453	0.5446071	0.057984	0.354517	0.571624	0.0158744	1.069807	6.307097
7278	-3807.696	-3955.689	147.9931	0.5949566	0.0534866	0.333844	0.609344	0.00332538	0.8935183	5.584331
7284	-3796.985	-3942.75	145.7655	0.3265341	0.0440346	0.436094	0.517607	0.00226485	0.7110051	7.026143
7290	-3798.239	-3945.93	147.6908	0.3558491	0.0375646	0.510818	0.441555	0.0100624	0.9678477	5.832523
7296	-3796.286	-3943.382	147.096	0.8120591	0.117836	0.378455	0.485641	0.0180686	0.9285767	5.930907
7302	-3798.764	-3943.105	144.3412	1.517863	0.153814	0.0921487	0.611417	0.142621	0.8039278	7.126001
7308	-3796.911	-3938.968	142.0564	3.227053	0.36777	0.0378903	0.276193	0.318146	0.6753992	7.782507
7314	-3795.41	-3939.899	144.4885	3.001274	0.448154	0.0742174	0.143552	0.334077	0.8625084	6.444671
7320	-3789.045	-3932.907	143.8618	4.487488	0.415221	0.078413	0.197734	0.308632	0.8760213	6.353567
7326	-3785.936	-3932.693	146.7578	3.403225	0.316415	0.00672906	0.441666	0.23519	0.9687477	5.015853
7332	-3791.173	-3939.577	148.4038	2.677656	0.336785	0.101847	0.311037	0.250331	1.058077	4.285328
7338	-3790.47	-3937.39	146.9205	3.042876	0.321913	0.052899	0.340472	0.284717	1.086808	4.974719
7344	-3780.496	-3927.144	146.6482	2.050206	0.247448	0.0152245	0.545346	0.191981	0.9185489	5.580829
7350	-3785.689	-3933.392	147.7031	1.377224	0.126984	0.184917	0.559923	0.128176	1.013209	5.249177
7356	-3791.706	-3939.719	148.0131	1.428483	0.146829	0.350924	0.326937	0.17531	0.9221266	5.102807
7362	-3800.256	-3947.694	147.4386	2.414842	0.141644	0.338531	0.260435	0.25939	0.8955755	5.014354
7368	-3794.982	-3940.825	145.8429	2.005626	0.275273	0.203422	0.301362	0.219944	0.7641143	6.123742
7374	-3786.775	-3932.58	145.8042	2.011597	0.259074	0.246553	0.21071	0.283664	0.7993433	6.123206
7380	-3782.655	-3927.303	144.6481	2.278071	0.24368	0.329255	0.238095	0.18897	0.9359491	6.571801
7386	-3787.791	-3934.544	146.753	2.138981	0.350626	0.0348789	0.34259	0.271904	0.7976403	5.553926
7392	-3789.195	-3936.651	147.456	2.138981	0.359868	0.0357982	0.325263	0.279071	1.097098	5.000185
7398	-3781.156	-3925.916	144.7598	2.270811	0.263856	0.00999436	0.351701	0.374449	0.7974525	6.58906
7404	-3781.637	-3928.181	146.5431	3.01929	0.297177	0.125802	0.250737	0.326284	0.9113524	5.288731
7410	-3788.178	-3933.05	144.8725	3.008511	0.235909	0.118906	0.207259	0.437927	0.8414948	6.245331
7416	-3792.016	-3936.343	144.327	2.622382	0.247542	0.244972	0.217478	0.290009	0.7750808	6.707003
7422	-3783.384	-3929.554	146.1705	1.839014	0.143736	0.243737	0.444211	0.168316	0.8310263	5.978355
7428	-3782.058	-3927.694	145.636	1.628291	0.186898	0.334198	0.340225	0.138678	0.7945949	6.381463
7434	-3780.468	-3925.187	144.7182	2.640577	0.32226	0.084457	0.313801	0.279482	0.9734606	6.381463
7440	-3779.379	-3925.252	145.8731	1.412518	0.175667	0.246108	0.273908	0.304317	0.9198508	6.285193
7446	-3780.218	-3925.555	145.3371	1.848236	0.226529	0.183594	0.279428	0.310449	0.9676984	6.353538
7452	-3791.961	-3937.553	145.592	1.848236	0.110951	0.491655	0.113408	0.283987	0.9270769	6.237123
7458	-3794.904	-3940.317	145.4127	1.505016	0.101591	0.450177	0.188203	0.260029	0.7810815	6.566295
7464	-3792.718	-3936.613	143.8953	1.943332	0.10199	0.521305	0.122786	0.253919	0.801469	7.182155
7470	-3785.749	-3928.366	142.6178	2.558353	0.209855	0.459904	0.0941648	0.236076	0.7943995	7.63784
7476	-3784.026	-3929.004	144.978	2.35966	0.173482	0.380192	0.0778438	0.368482	0.8240538	6.423006
7482	-3797.473	-3945.596	148.1234	2.35966	0.149426	0.327471	0.235193	0.287909	1.093387	4.542455
7488	-3784.101	-3931.289	147.1876	1.828859	0.177701	0.219816	0.260095	0.342388	1.024849	5.318367
7494	-3782.04	-3927.584	145.5442	2.146576	0.0870859	0.407027	0.245554	0.260333	1.027554	6.086396
7500	-3780.599	-3927.255	146.6562	1.691013	0.132093	0.353772	0.2784	0.235735	1.027554	5.669956
7506	-3787.738	-3934.348	146.6105	1.58621	0.0677113	0.411421	0.282045	0.238822	1.021609	5.745855
7512	-3783.563	-3930.488	146.925	1.452045	0.106934	0.415637	0.258523	0.218905	0.9664372	5.666788
7518	-3787.224	-3932.086	144.8614	1.969977	0.106706	0.414749	0.237545	0.241	0.9142424	6.589527
7524	-3784.506	-3931.254	146.7476	1.586242	0.0935212	0.363502	0.298063	0.244914	0.8951517	5.739987
7530	-3786.265	-3933.697	147.4319	1.423181	0.0923082	0.463474	0.131543	0.312675	0.9020632	5.437572
7536	-3790.668	-3937.515	146.8466	2.078932	0.165774	0.593028	0.00923721	0.231961	0.9594404	5.437572
7542	-3790.035	-3935.631	145.5962	2.56482	0.105907	0.565993	0.00165088	0.326449	0.8999789	5.970559
7548	-3783.304	-3928.32	145.016	1.938587	0.157371	0.572419	0.00277199	0.267438	0.9167437	6.517389
7554	-3780.1	-3925.339	145.2393	1.849981	0.0492386	0.698463	0.00221477	0.250083	0.7618804	6.517389
7560	-3785.561	-3932.084	146.5231	2.323567	0.0390237	0.670692	0.00072543	0.289559	0.9759903	5.510345
7566	-3783.094	-3929.74	146.646	1.610241	0.0874863	0.53302	0.000822859	0.378671	0.9064678	5.77843
7572	-3782.635	-3929.091	146.4553	1.739567	0.181586	0.403487	0.000162136	0.414764	0.9612823	5.794699
7578	-3791.78	-3938.983	147.2022	1.941407	0.132276	0.564772	0.000817287	0.302135	1.015121	5.267551
7584	-3787.022	-3935.301	148.2791	1.680121	0.148134	0.495491	0.000526095	0.355848	1.015121	4.784218
7590	-3784.14	-3931.315	147.1756	2.027494	0.0798326	0.557852	0.000864652	0.361451	0.9979209	5.25589
7596	-3780.374	-3928.227	147.8534	2.345214	0.207004	0.480453	0.00124186	0.311302	1.063053	4.71638
7602	-3792.323	-3938.997	146.6739	1.887205	0.206963	0.480359	0.00143674	0.311241	1.002849	5.588228
7608	-3794.329	-3941.97	147.6407	3.782668	0.26612	0.243207	0.00132559	0.489347	1.140608	4.310965
7614	-3799.961	-3948.053	148.0924	2.379469	0.253921	0.393753	0.00223485	0.350091	1.107557	4.544272
7620	-3793.878	-3940.7	146.8223	5.048382	0.297605	0.370687	0.0021248	0.329583	1.003374	4.513195
7626	-3804.498	-3948.335	143.8368	4.121598	0.286048	0.292073	0.00504192	0.416837	0.9035977	6.447052
7632	-3794.157	-3939.349	145.1921	2.430816	0.19103	0.331414	0.00457113	0.472984	0.8000342	6.293576
7638	-3799.848	-3944.676	144.8283	3.425403	0.3033	0.131758	0.123336	0.441606	0.8086494	6.157004
7644	-3797.578	-3941.959	144.3812	4.057683	0.342437	0.0167518	0.139899	0.500912	0.8350549	6.205875
7650	-3803.036	-3948.229	145.1928	1.478901	0.0236507	0.499065	0.0252843	0.452	0.8125694	6.680407
7656	-3789.351	-3934.858	145.5075	1.650475	0.0720674	0.620807	0.00311189	0.304014	0.8956431	6.386368
7662	-3805.032	-3951.818	146.7861	1.63611	0.186072	0.380318	0.00439346	0.429216	0.7744764	5.762172
7668	-3798.894	-3944.166	145.2721	2.020329	0.276599	0.329789	0.00429909	0.389313	0.7417443	6.439988
7674	-3797.978	-3942.492	144.5146	2.171338	0.184283	0.315237	0.00478534	0.495695	0.8699466	6.720609
7680	-3792.2	-3937.099	144.8989	2.078924	0.127624	0.414109	0.0377259	0.420542	0.6862765	6.648557
7686	-3796.713	-3941.71	144.9973	1.828331	0.153842	0.425521	0.00424506	0.416392	0.778444	6.648557
7692	-3796.783	-3941.261	144.4782	2.475844	0.124972	0.57627	0.00700628	0.291752	0.8285151	6.648557
7698	-3794.882	-3942.042	147.1605	1.82476	0.101978	0.532066	0.0206963	0.34526	0.9478935	5.377538
7704	-3786.615	-3932.217	145.6023	2.500638	0.259099	0.323115	0.0236275	0.394158	0.8658937	6.008947
7710	-3791.712	-3937.59	145.8774	2.120014	0.212775	0.369058	0.0418849	0.376282	0.8557384	6.008947
7716	-3789.155	-3935.86	146.7053	2.485666	0.19596	0.29973	0.125825	0.378484	0.9373592	5.370576
7722	-3792.393	-3938.15	145.7563	2.633796	0.246757	0.365071	0.111098	0.277074	0.955176	5.828448
7728	-3779.617	-3925.973	146.3553	2.47121	0.322003	0.229676	0.0790619	0.369259	1.092015	5.483451
7734	-3775.187	-3921.931	146.7443	2.089669	0.227064	0.255746	0.195027	0.322162	0.9172674	5.512712
7740	-3791.01	-3935.099	144.0892	2.165164	0.214487	0.161438	0.305649	0.318426	0.8939634	6.939567
7746	-3784.375	-3930.152	145.7774	3.190575	0.349975	0.187776	0.141775	0.320474	0.874278	5.675152
7752	-3785.401	-3931.879	146.4782	2.201511	0.306072	0.045243	0.368414	0.280271	0.8066364	5.675152
7758	-3799.117	-3944.467	145.3505	2.524176	0.318244	0.0470421	0.286665	0.348049	0.8507387	6.145914
7764	-3789.86	-3935.647	145.7868	2.524176	0.260863	0.0725907	0.357101	0.309446	0.7517651	5.962054
7770	-3788.556	-3934.432	145.8767	1.74594	0.255983	0.0565219	0.446548	0.240946	0.9239522	6.128082
7776	-3782.137	-3926.689	144.5521	2.993891	0.286086	0.076494	0.315411	0.322009	0.7968461	6.448208
7782	-3791.305	-3937.249	145.9442	2.214503	0.209656	0.0958518	0.335001	0.359491	0.7870761	5.972826
7788	-3795.386	-3939.777	144.3911	2.232928	0.217037	0.32692	0.0838965	0.372147	0.7422642	6.83248
7794	-3785.15	-3931.643	146.493	2.232928	0.130459	0.319769	0.175525	0.374247	0.9130664	5.59637
7800	-3795.597	-3940.57	144.9726	3.456996	0.137165	0.381253	0.104167	0.377415	0.9347317	6.000197
7806	-3793.606	-3938.494	144.8882	3.456996	0.168602	0.321529	0.0459547	0.463914	1.01915	6.000197
7812	-3792.745	-3938.082	145.337	2.449913	0.161398	0.393412	0.0142186	0.430972	1.206913	5.986163
7818	-3784.187	-3930.982	146.7942	2.124076	0.155573	0.430438	0.0163378	0.397651	0.8681533	5.498472
7824	-3795.503	-3940.961	145.458	2.124076	0.181285	0.471026	0.0809441	0.266746	0.877399	6.223888
7830	-3798.741	-3946.657	147.916	1.230633	0.312697	0.11147	0.268842	0.306991	0.8219316	5.311259
7836	-3791.553	-3938.396	146.8425	2.259848	0.347326	0.205845	0.22953	0.217298	0.9061824	5.397424
7842	-3786.179	-3931.962	145.7826	1.694466	0.201847	0.170215	0.321052	0.306887	0.8558022	6.239048
7848	-3783.395	-3928.942	145.547	2.712659	0.234314	0.323509	0.169138	0.273039	0.9257944	5.931232
7854	-3779.862	-3928.534	148.6715	1.978677	0.0936485	0.403664	0.320933	0.181755	1.023681	4.427677
7860	-3783.594	-3933.292	149.6979	1.380358	0.107646	0.403143	0.269885	0.219327	1.07964	4.092738
7866	-3774.471	-3923.138	148.6672	1.726142	0.107646	0.403143	0.269885	0.219327	1.132094	4.480115
7872	-3777.181	-3927.146	149.9649	1.268721	0.124063	0.464629	0.15853	0.252778	1.057874	4.010682
7878	-3776.552	-3923.85	147.2977	2.054905	0.103003	0.444935	0.214247	0.237815	1.02221	5.163663
7884	-3785.274	-3932.004	146.7299	2.639796	0.118662	0.512574	0.0947962	0.273968	0.9209313	5.310265
7890	-3790.414	-3936.187	145.7738	2.753703	0.149526	0.416165	0.0953263	0.338982	0.9209313	5.79573
7896	-3784.501	-3931.018	146.5165	1.980065	0.170245	0.432579	0.0330496	0.364127	1.034463	5.618335
7902	-3793.532	-3939.478	145.9453	3.216462	0.322626	0.265993	0.0626312	0.34875	0.9961205	5.507876
7908	-3788.282	-3934.077	145.7946	2.836638	0.416139	0.0701981	0.139918	0.373744	0.9537776	5.738009
7914	-3792.835	-3938.874	146.039	1.608504	0.297653	0.0533244	0.39961	0.249413	0.9425595	6.090934
7920	-3787.65	-3934.166	146.5165	1.312033	0.151224	0.182588	0.483709	0.182479	1.080387	5.896466
7926	-3788.934	-3935.783	146.8488	1.784537	0.200132	0.241638	0.408653	0.149577	0.9438985	5.568794
7932	-3786.833	-3933.979	147.1457	1.357615	0.174342	0.261533	0.412968	0.151157	0.9757239	5.586536
7938	-3783.383	-3930.204	146.8209	1.82143	0.187407	0.280229	0.230157	0.302208	1.020656	5.52587
7944	-3781.74	-3929.627	147.8866	1.82143	0.220443	0.252884	0.232738	0.293935	0.9919795	4.952593
7950	-3785.113	-3933.264	148.1508	2.355396	0.202425	0.25379	0.324968	0.218816	1.076164	4.538388
7956	-3782.201	-3930.246	148.0454	1.627072	0.182285	0.214643	0.448204	0.154868	0.9869828	4.954504
7962	-3785.349	-3931.264	145.9156	2.064981	0.186707	0.354534	0.267023	0.191735	0.959905	5.953295
7968	-3792.704	-3938.174	145.4705	1.902521	0.264028	0.136235	0.349081	0.250656	0.8910794	6.299816
7974	-3787.648	-3933.664	146.0165	1.611721	0.19409	0.318929	0.18621	0.300771	0.967623	6.088051
7980	-3793.298	-3941.455	148.1566	1.862613	0.201714	0.331456	0.0766738	0.390157	1.055692	4.748591
7986	-3797.381	-3944.209	146.828	1.862613	0.140479	0.230835	0.323394	0.305293	0.9628799	5.535985
7992	-3781.15	-3926.325	145.1754	2.371487	0.192584	0.332341	0.035534	0.439541	0.9040283	6.268047
7998	-3786.256	-3932.556	146.2996	1.608634	0.255753	0.262512	0.286912	0.194823	0.9668082	5.935512
8004	-3777.722	-3924.935	147.2129	1.358016	0.0781057	0.29301	0.411427	0.217458	0.9132678	5.583748
8010	-3777.165	-3924.944	147.7787	1.533586	0.0899234	0.449495	0.258927	0.201655	0.9151666	5.185998
8016	-3774.745	-3922.959	148.2147	1.547794	0.12327	0.280682	0.335083	0.260965	1.087444	4.841426
8022	-3789.05	-3937.371	148.3216	1.547794	0.138923	0.386101	0.267019	0.207957	1.186479	4.726432
8028	-3785.183	-3931.989	146.8064	1.829305	0.148608	0.413018	0.176225	0.262149	1.052188	5.513106
8034	-3788.877	-3935.623	146.7467	1.749762	0.187838	0.104839	0.525589	0.181734	1.014495	5.601341
8040	-3778.874	-3927.074	148.1994	1.676475	0.215029	0.121066	0.493327	0.170579	1.046204	4.813044
8046	-3787.966	-3934.201	146.2345	1.97192	0.289542	0.146195	0.230953	0.333309	0.8459736	5.879344
8052	-3796.947	-3941.077	144.1302	3.637513	0.226024	0.323623	0.18433	0.266023	0.9080399	6.41975
8058	-3792.528	-3938.445	145.9169	3.507173	0.215355	0.225876	0.244436	0.314333	0.9718539	5.447474
8064	-3789.585	-3936.386	146.8016	2.131546	0.151849	0.24184	0.269762	0.336549	0.9479898	5.447474
8070	-3783.571	-3929.925	146.3539	1.546225	0.137736	0.311221	0.311168	0.239875	0.793061	6.029421
8076	-3800.039	-3945.482	145.4424	1.546225	0.130541	0.342383	0.294912	0.232163	1.166205	6.322285
8082	-3800.689	-3949.401	148.7124	1.887807	0.145349	0.303923	0.104663	0.446065	1.269739	4.304827
8088	-3800.971	-3950.416	149.4452	2.562495	0.138507	0.363186	0.107338	0.390969	1.261629	3.615145
8094	-3807.181	-3953.985	146.8038	1.342053	0.186179	0.258129	0.439183	0.116509	1.001769	5.767441
8100	-3800.17	-3947.219	147.0487	1.911291	0.174104	0.35343	0.222685	0.24978	1.137699	5.297394
8106	-3797.794	-3942.931	145.1369	1.629233	0.145991	0.296361	0.27703	0.280618	0.9405044	6.572402
8112	-3801.323	-3948.13	146.807	1.129152	0.140746	0.193509	0.452946	0.212798	0.9911343	5.880207
8118	-3792.36	-3940.083	147.7231	1.436638	0.1645	0.226168	0.239046	0.370287	1.050241	5.188516
8124	-3793.634	-3941.654	148.0206	2.082098	0.185049	0.254421	0.237392	0.323139	1.070556	4.723458
8130	-3802.494	-3951.29	148.7957	1.187907	0.134193	0.379594	0.281035	0.205178	1.040752	4.723458
8136	-3793.127	-3940.88	147.7535	1.742041	0.168973	0.224195	0.384417	0.222415	1.037928	5.036168
8142	-3804.026	-3951.951	147.9257	1.745894	0.258093	0.185003	0.242018	0.314885	1.143988	4.87968
8148	-3789.649	-3935.934	146.2852	2.543339	0.258149	0.156653	0.27908	0.306118	1.056694	5.515095
8154	-3789.54	-3937.384	147.8442	2.392856	0.245856	0.247226	0.215377	0.29154	1.100331	4.682371
8160	-3784.127	-3931.589	147.4613	2.285488	0.269994	0.172936	0.16045	0.39662	1.01178	4.986685
8166	-3785.256	-3934.27	149.0145	1.633963	0.165517	0.241614	0.398318	0.194551	1.020442	4.38991
8172	-3789.116	-3935.509	146.3931	1.323094	0.160676	0.351888	0.298576	0.18886	0.9031266	6.05502
8178	-3794.606	-3940.606	145.9996	1.844197	0.204013	0.374488	0.255742	0.165756	0.8832311	6.040837
8184	-3789.033	-3936.314	147.2807	1.451235	0.156938	0.288076	0.4753	0.0796853	0.9615502	5.474474
8190	-3786.73	-3932.55	145.8196	1.484207	0.302586	0.0762563	0.467521	0.153638	0.9185568	6.280871
8196	-3790.944	-3937.204	146.2596	1.428799	0.243074	0.181893	0.470588	0.104445	0.8740876	6.092057
8202	-3798.514	-3945.356	146.842	1.386225	0.0600613	0.381692	0.365818	0.192429	0.8390024	5.813872
8208	-3785.22	-3931.783	146.5627	1.317524	0.0789112	0.501483	0.166784	0.252821	0.9939965	5.915681
8214	-3797.545	-3942.911	145.3662	1.374373	0.116897	0.410858	0.26418	0.208065	0.7599238	6.664906
8220	-3784.042	-3927.999	143.9569	1.293118	0.0966964	0.439994	0.206108	0.257202	0.7645385	7.460445
8226	-3787.863	-3933.941	146.0773	1.938493	0.11506	0.478031	0.142949	0.263959	0.8863562	5.957012
8232	-3785.193	-3929.806	144.613	1.938493	0.160989	0.433807	0.0805841	0.32462	0.9660675	6.708732
8238	-3778.919	-3925.264	146.3446	2.166011	0.271494	0.237291	0.0976893	0.393526	0.8677931	5.728762
8244	-3796.58	-3943.196	146.6164	0.9045138	0.111094	0.408273	0.400345	0.0802874	0.9016251	6.154831
8250	-3794.271	-3939.929	145.6584	1.171919	0.104983	0.463879	0.138597	0.292542	0.93696	6.512148
8256	-3787.758	-3935.108	147.3497	1.188045	0.101783	0.281734	0.34671	0.269773	0.869107	5.619033
8262	-3783.503	-3928.316	144.813	1.42709	0.153484	0.280193	0.416722	0.149602	0.785008	6.92469
8268	-3791.096	-3937.141	146.0448	1.42709	0.137029	0.250155	0.479253	0.133563	0.857731	6.218653
8274	-3790.627	-3937.13	146.5021	1.312097	0.187454	0.227147	0.402687	0.182713	0.761928	6.078014
8280	-3789.194	-3934.698	145.5043	1.800551	0.133631	0.281622	0.413987	0.17076	0.7729614	6.388852
8286	-3801.803	-3947.551	145.7476	1.305764	0.120138	0.398391	0.292184	0.189287	0.8754758	6.429487
8292	-3784.829	-3931.528	146.6986	1.188905	0.103576	0.263685	0.507454	0.125284	0.9741777	5.9175
8298	-3784.556	-3930.193	145.6367	1.879566	0.183202	0.154681	0.389967	0.27215	0.9500884	6.187062
8304	-3779.433	-3925.459	146.0255	1.472031	0.227178	0.280351	0.240271	0.2522	0.8957937	6.187062
8310	-3788.005	-3935.442	147.4375	1.472031	0.106609	0.316466	0.281475	0.29545	0.9129681	5.404903
8316	-3779.848	-3927.006	147.1584	1.472031	0.139637	0.316408	0.349006	0.194949	0.9317401	5.54815
8322	-3773.935	-3920.66	146.7258	1.396008	0.141543	0.212618	0.467163	0.178676	0.9631495	5.80477
8328	-3769.366	-3915.419	146.0534	1.615476	0.129455	0.344168	0.305845	0.220532	0.9255945	6.089144
8334	-3778.876	-3926.433	147.5572	1.471704	0.142123	0.427687	0.131417	0.298772	0.9255945	5.33212
8340	-3778.583	-3925.316	146.7337	1.868968	0.108087	0.344605	0.26667	0.280638	1.173831	5.46914
8346	-3781.911	-3929.025	147.1139	2.505214	0.166511	0.286012	0.244676	0.302801	1.093422	5.051078
8352	-3773.908	-3921.015	147.1067	2.067592	0.199689	0.286949	0.303893	0.209469	1.069477	5.237994
8358	-3790.581	-3939.772	149.1906	1.417902	0.168661	0.241773	0.431626	0.157941	1.152002	4.320613
8364	-3781.478	-3929.215	147.7368	1.514406	0.238477	0.15909	0.387843	0.21459	0.9191163	5.216064
8370	-3784.77	-3929.76	144.99	1.864243	0.289684	0.220641	0.187845	0.30183	1.074247	6.477223
8376	-3801.561	-3947.17	145.6089	1.479704	0.261337	0.058605	0.272992	0.407066	0.771261	6.477223
8382	-3788.659	-3934.065	145.406	2.033007	0.217838	0.180209	0.33008	0.271873	1.067004	6.185539
8388	-3782.623	-3929.677	147.0545	1.516971	0.225314	0.140897	0.347537	0.286252	1.029301	5.530308
8394	-3792.443	-3937.543	145.1001	2.09527	0.224671	0.182561	0.22187	0.370898	0.8649374	6.436416
8400	-3787.938	-3933.603	145.6646	2.09527	0.237066	0.224037	0.246442	0.292455	0.915034	6.102454
8406	-3786.969	-3932.036	145.0669	2.09527	0.154539	0.248271	0.2731	0.32409	0.9917749	6.385636
8412	-3789.557	-3938.37	148.8136	2.247167	0.195059	0.175181	0.319757	0.310003	1.106534	4.189517
8418	-3790.184	-3940.327	150.1431	1.477518	0.19541	0.23708	0.217778	0.349732	1.127828	3.760989
8424	-3786.222	-3936.144	149.9223	2.260536	0.172157	0.236879	0.261455	0.329509	1.36585	3.395766
8430	-3776.418	-3926.044	149.6259	1.893172	0.221921	0.171204	0.337033	0.269841	1.235667	3.800768
8436	-3781.479	-3928.709	147.2294	1.893172	0.313477	0.121909	0.334624	0.22999	1.082686	5.235648
8442	-3787.994	-3934.028	146.0341	1.893172	0.310696	0.114807	0.344592	0.229905	0.7941929	6.049806
8448	-3790.218	-3936.387	146.1693	1.583525	0.181656	0.235359	0.357537	0.225448	0.909319	6.049431
8454	-3790.879	-3937.944	147.0652	1.583525	0.179886	0.331088	0.269302	0.219723	0.8974746	5.565779
8460	-3789.131	-3936.845	147.7141	1.948217	0.186067	0.20652	0.275554	0.331859	1.08502	4.942197
8466	-3797.828	-3943.554	145.7256	3.251946	0.241733	0.111798	0.153984	0.492485	1.091144	5.56523
8472	-3782.416	-3929.124	146.7083	3.853098	0.397674	0.011099	0.175966	0.415261	1.076038	4.850237
8478	-3779.03	-3926.507	147.477	2.794823	0.400511	0.00404516	0.177221	0.418223	1.044738	4.772181
8484	-3777.021	-3922.206	145.1852	2.794823	0.26916	0.00217802	0.371187	0.357474	0.8659704	6.132887
8490	-3784.965	-3931.535	146.5705	1.752768	0.238553	0.00222701	0.574611	0.184609	0.922716	5.74697
8496	-3793.696	-3939.462	145.7652	3.244031	0.224889	0.00356778	0.343967	0.427577	0.9292223	5.63491
8502	-3803.658	-3948.409	144.7513	2.764137	0.338026	0.00109818	0.260066	0.40081	0.8041678	6.412678
8508	-3796.782	-3942.245	145.4621	2.913461	0.382038	0.000521901	0.293928	0.323512	1.006809	5.865136
8514	-3794.069	-3937.76	143.6905	3.341267	0.203851	0.381691	0.185758	0.2287	0.7817584	6.813392
8520	-3789.717	-3934.592	144.8755	2.289592	0.150958	0.489577	0.0539374	0.305527	0.8308136	6.501223
8526	-3794.766	-3938.331	143.5654	2.314982	0.115721	0.40204	0.0430214	0.439217	0.8308136	7.198365
8532	-3787.167	-3930.773	143.6054	2.053712	0.0813377	0.486453	0.0174061	0.414803	0.8307599	7.277585
8538	-3780.4	-3927.381	146.9814	3.308645	0.208789	0.314642	0.0104839	0.466085	1.001508	4.90273
8544	-3779.067	-3925.044	145.9764	3.352493	0.234551	0.308837	0.0114198	0.445192	1.091514	5.395809
8550	-3778.703	-3923.609	144.9061	3.002765	0.242935	0.293316	0.0381636	0.425586	0.7751029	6.265016
8556	-3782.481	-3927.255	144.7741	3.231521	0.29319	0.214618	0.115605	0.376587	0.8455353	6.225744
8562	-3783.61	-3928.551	144.9413	3.002676	0.420692	0.189288	0.0937422	0.296277	0.8122111	6.225744
8568	-3779.357	-3924.505	145.1482	2.596363	0.339625	0.160126	0.213131	0.287118	0.8588486	6.225744
8574	-3783.64	-3931.324	147.6832	1.656191	0.264496	0.0596496	0.535613	0.140242	0.9545518	5.160103
8580	-3780.433	-3926.644	146.2107	1.656191	0.262858	0.183381	0.334335	0.219425	0.947538	5.973021
8586	-3786.994	-3931.307	144.3132	2.757804	0.200182	0.293551	0.254616	0.251651	0.8117034	6.647949
8592	-3792.433	-3937.198	144.7655	3.598101	0.191211	0.294074	0.090773	0.423943	0.9733902	6.050343
8598	-3799.195	-3944.311	145.1152	3.598101	0.29886	0.252677	0.139026	0.309437	0.8171934	5.944776
8604	-3798.361	-3943.899	145.5372	2.17415	0.0627625	0.51181	0.21878	0.206647	0.8171934	6.193912
8610	-3797.978	-3945.829	147.8507	1.948717	0.0689412	0.562196	0.141872	0.226991	1.049438	4.885773
8616	-3798.177	-3944.796	146.6193	3.938137	0.0459521	0.563109	0.186962	0.203976	1.06975	4.879145
8622	-3782.73	-3930.065	147.3348	2.619587	0.0915303	0.511623	0.122479	0.274368	1.06975	4.899712
8628	-3789.582	-3937.27	147.6878	2.866742	0.0625101	0.321099	0.430522	0.185869	1.123675	4.585028
8634	-3785.83	-3933.268	147.4377	2.941589	0.217542	0.174164	0.310356	0.297937	1.151923	4.683772
8640	-3785.868	-3932.644	146.7761	3.258691	0.291567	0.0567576	0.364729	0.286946	0.9866783	5.040813
8646	-3791.632	-3939.213	147.5805	2.212033	0.200981	0.0569661	0.444813	0.297239	0.9247194	4.997628
8652	-3785.529	-3933.023	147.494	2.209254	0.20889	0.119359	0.381604	0.290147	0.9523304	5.031405
8658	-3784.727	-3929.451	144.7249	3.713667	0.308956	0.221206	0.158281	0.311556	0.8504922	6.106024
8664	-3792.555	-3937.52	144.9646	3.445937	0.250349	0.170901	0.222751	0.355999	0.9063999	6.023362
8670	-3799.919	-3944.568	144.6488	2.219311	0.229345	0.174376	0.270147	0.326132	0.7149342	6.713361
8676	-3786.198	-3932.835	146.6373	1.893795	0.229345	0.174376	0.270147	0.326132	0.9870452	5.614171
8682	-3790.72	-3938.776	148.0561	1.893795	0.231466	0.13253	0.331895	0.304108	1.043146	4.798202
8688	-3792.378	-3939.21	146.8322	2.095124	0.156484	0.22584	0.38434	0.233336	1.011219	5.410433
8694	-3796.438	-3942.91	146.4724	1.892432	0.183112	0.218711	0.372207	0.22597	0.9055722	5.749828
8700	-3797.741	-3945.615	147.8738	1.461368	0.159427	0.253071	0.365565	0.221938	0.8904616	5.181542
8706	-3802.725	-3949.145	146.4198	2.195472	0.150799	0.381665	0.280292	0.187244	1.043928	5.579338
8712	-3790.305	-3936.91	146.6052	1.739951	0.278313	0.190064	0.227487	0.304136	0.9395439	5.724407
8718	-3793.533	-3942.257	148.7237	2.110433	0.296209	0.289511	0.0553974	0.358882	1.021098	4.344422
8724	-3789.556	-3938.078	148.5223	2.395011	0.211422	0.294719	0.0330167	0.460841	1.228955	4.227136
8730	-3791.016	-3939.783	148.7674	2.218346	0.173996	0.515872	0.0157868	0.294346	1.231591	4.156323
8736	-3805.415	-3954.972	149.5562	1.661375	0.246833	0.248148	0.283087	0.221932	1.180265	3.97863
8742	-3786.591	-3934.362	147.7706	1.7964	0.225974	0.227178	0.343671	0.203177	0.9930791	5.027421
8748	-3787.967	-3935.503	147.5365	1.343457	0.13473	0.306154	0.247226	0.31189	0.8987418	5.42098
8754	-3790.703	-3936.652	145.9493	1.433508	0.270428	0.260526	0.265516	0.20353	0.8285921	6.28331
8760	-3790.837	-3936.809	145.9718	1.433508	0.209843	0.141174	0.425532	0.223452	0.8061318	6.28331
8766	-3795.761	-3942.985	147.2244	1.775904	0.189184	0.19835	0.411012	0.201453	0.8664743	5.408531
8772	-3789.614	-3934.248	144.6335	2.690941	0.307727	0.0511846	0.443431	0.197657	0.8237476	6.491005
8778	-3802.458	-3948.264	145.8055	1.610113	0.243907	0.0239426	0.489041	0.243109	0.8620451	6.26103
8784	-3797.758	-3944.433	146.6746	1.799746	0.304498	0.00676847	0.455097	0.233637	1.005204	5.624131
8790	-3779.229	-3926.981	147.752	1.939986	0.252374	0.00289057	0.486116	0.258619	1.038532	4.950461
8796	-3780.295	-3926.23	145.9347	1.84944	0.220793	0.101186	0.451765	0.226257	0.8908271	6.069835
8802	-3780.299	-3927.376	147.0768	1.417107	0.258887	0.0990232	0.442108	0.199981	0.9045591	5.63431
8808	-3780.43	-3927.115	146.6857	1.284538	0.189664	0.174834	0.497629	0.137873	0.8150337	5.96273
8814	-3779.739	-3925.399	145.6599	1.896988	0.189035	0.210357	0.36777	0.232838	0.8576754	6.217381
8820	-3787.019	-3932.454	145.4353	1.709631	0.212292	0.11321	0.413015	0.261483	0.7880416	6.457631
8826	-3795.118	-3940.42	145.3017	2.68707	0.204961	0.0814498	0.398755	0.314834	1.003491	6.031581
8832	-3796.435	-3943.073	146.6384	2.500767	0.239171	0.0455664	0.46531	0.249952	1.042152	5.344106
8838	-3789.305	-3936.367	147.0619	1.792937	0.220628	0.117025	0.429234	0.233114	1.061723	5.382996
8844	-3793.458	-3939.061	145.6037	1.622553	0.300417	0.250865	0.183622	0.265096	0.9033207	6.342581
8850	-3782.201	-3927.853	145.6519	1.490794	0.137973	0.266908	0.313071	0.282049	0.9327675	6.36109
8856	-3788.553	-3934.406	145.8529	1.31969	0.0725222	0.30975	0.408502	0.209225	0.8836046	6.36109
8862	-3789.022	-3934.849	145.8274	1.284692	0.0709662	0.32456	0.399738	0.204736	0.9410989	6.36109
8868	-3789.297	-3935.055	145.7584	1.693524	0.175631	0.304741	0.337463	0.182165	0.8651796	6.247529
8874	-3791.36	-3938.369	147.0088	1.536201	0.198982	0.212303	0.38233	0.206384	0.9179159	5.607517
8880	-3791.62	-3938.409	146.7888	1.747807	0.247447	0.337739	0.186042	0.228772	0.9627343	5.607517
8886	-3787.454	-3932.852	145.3977	2.726203	0.0722424	0.571567	0.127283	0.228907	1.032586	5.949761
8892	-3787.969	-3934.418	146.4482	2.166576	0.122787	0.428026	0.335027	0.11416	0.8818427	5.664092
8898	-3792.364	-3939.61	147.2466	1.709407	0.0891369	0.446859	0.228448	0.235556	1.009937	5.346736
8904	-3806.323	-3952.588	146.2649	3.235944	0.137236	0.295754	0.238708	0.328303	1.100557	5.268024
8910	-3790.162	-3935.065	144.9028	3.288993	0.158197	0.267998	0.195356	0.378448	0.8478371	6.136669
8916	-3794.849	-3941.082	146.2327	3.970416	0.173638	0.34165	0.0418129	0.442899	0.946919	5.153026
8922	-3793.164	-3940.387	147.2231	2.424738	0.182833	0.43629	0.1177	0.263177	0.9177016	5.117883
8928	-3797.404	-3944.418	147.0132	1.609037	0.111553	0.465718	0.131734	0.290995	0.8662782	5.599687
8934	-3792.065	-3939.008	146.9424	1.609037	0.035814	0.560519	0.125794	0.277873	0.9563062	5.589155
8940	-3792.651	-3939.342	146.6912	1.981405	0.215213	0.430522	0.0637643	0.2905	0.9118947	5.589155
8946	-3783.127	-3928.786	145.6586	1.981405	0.20952	0.264008	0.272673	0.253799	0.8903552	6.165246
8952	-3799.041	-3944.035	144.994	2.313299	0.194665	0.278067	0.235748	0.291521	0.9847174	6.344585
8958	-3795.333	-3940.393	145.06	2.477621	0.248923	0.191151	0.205855	0.354071	0.9107767	6.288055
8964	-3791.767	-3938.224	146.4573	1.747154	0.175001	0.177115	0.312419	0.335465	0.8743404	5.837848
8970	-3785.056	-3929.514	144.4584	1.747154	0.296522	0.154255	0.257055	0.292168	0.7343622	6.997919
8976	-3781.265	-3925.838	144.5725	1.955499	0.208835	0.1732	0.289229	0.328736	0.9036832	6.757306
8982	-3786.742	-3932.841	146.0982	2.008945	0.22797	0.350237	0.226569	0.195225	0.9399587	5.887234
8988	-3782.236	-3925.848	143.6116	2.061816	0.315537	0.0637353	0.354773	0.265955	0.8823536	7.243334
8994	-3784.825	-3930.385	145.5593	2.076118	0.143056	0.0506746	0.594814	0.211455	0.963015	6.141332
9000	-3778.869	-3924.231	145.3622	1.941515	0.180857	0.156814	0.406244	0.256084	0.8818678	6.347404
9006	-3782.046	-3927.235	145.1896	2.362462	0.301433	0.0860933	0.396066	0.216407	0.7499191	6.347404
9012	-3788.035	-3931.355	143.3195	2.403693	0.176799	0.0148509	0.717198	0.0911524	0.8567845	7.283711
9018	-3792.492	-3937.847	145.3554	1.684577	0.284254	0.0262224	0.579428	0.110096	0.7897835	6.511021
9024	-3799.485	-3945.538	146.0535	1.30075	0.194105	0.106542	0.587688	0.111665	0.8777603	6.264731
9030	-3791.271	-3938.491	147.2205	1.991525	0.276892	0.241463	0.322354	0.159291	0.9254715	5.285985
9036	-3788.897	-3934.483	145.5858	1.991525	0.31995	0.0444252	0.465807	0.169817	0.9819481	6.150862
9042	-3789.878	-3935.108	145.2299	1.967987	0.232276	0.194445	0.43619	0.137088	0.8877411	6.405091
9048	-3794.112	-3939.146	145.0339	1.521075	0.0683655	0.464844	0.264976	0.201814	0.8598553	6.721023
9054	-3792.342	-3938.892	146.5507	1.690401	0.0810404	0.428955	0.20605	0.283954	0.8598553	5.819835
9060	-3791.876	-3940.15	148.2738	1.132708	0.142476	0.362901	0.307651	0.186972	1.026499	5.051432
9066	-3786.695	-3931.96	145.2646	2.38982	0.207958	0.260287	0.278039	0.253716	0.9541375	6.185506
9072	-3785.034	-3929.597	144.5638	2.38982	0.288534	0.198881	0.193176	0.319409	0.7513813	6.67539
9078	-3798.181	-3943.955	145.7735	2.38982	0.276218	0.169724	0.216784	0.337274	0.8327784	5.974369
9084	-3785.586	-3931.6	146.0141	1.494138	0.228617	0.0489449	0.521806	0.200632	0.7704675	6.250961
9090	-3788.469	-3935.592	147.123	2.349869	0.215703	0.0565164	0.539457	0.188324	1.030676	5.13908
9096	-3790.465	-3936.469	146.0035	2.349869	0.286352	0.0750272	0.294141	0.34448	0.9461127	5.801742
9102	-3797.191	-3943.235	146.0438	3.18556	0.28637	0.0756842	0.296716	0.34123	1.05425	5.431462
9108	-3793.292	-3938.149	144.8573	1.79367	0.335236	0.138146	0.347348	0.17927	0.777487	6.739486
9114	-3796.798	-3942.978	146.1806	2.244032	0.282415	0.154282	0.399989	0.163314	0.860671	5.792007
9120	-3795.038	-3941.96	146.9224	1.359013	0.224515	0.122651	0.450677	0.202156	0.8639512	5.769596
9126	-3800.209	-3944.879	144.6705	2.045151	0.224524	0.152545	0.235907	0.387025	0.8720747	6.685071
9132	-3799.413	-3944.636	145.2231	2.045151	0.231634	0.217	0.243377	0.30799	0.8284193	6.409571
9138	-3796.845	-3941.529	144.6839	2.535232	0.178866	0.348509	0.172218	0.300407	0.7713254	6.546829
9144	-3812.613	-3958.181	145.5677	2.5432	0.136557	0.266072	0.29171	0.305662	0.8776114	6.006064
9150	-3794.368	-3940.252	145.8843	1.898827	0.124703	0.318926	0.171689	0.384682	0.8873241	6.078319
9156	-3798.645	-3943.146	144.5003	1.898827	0.186108	0.222433	0.256231	0.335229	0.823043	6.863197
9162	-3800.14	-3945.027	144.8876	3.067056	0.29988	0.198174	0.0385903	0.463355	0.823043	6.228254
9168	-3802.735	-3947.962	145.2275	2.648099	0.246649	0.162997	0.209247	0.381107	0.9289382	6.126223
9174	-3799.636	-3946.496	146.8597	2.096135	0.254389	0.200448	0.173397	0.371766	1.102346	5.344627
9180	-3794.146	-3940.295	146.1496	3.059522	0.271079	0.168231	0.248675	0.312015	0.9320036	5.481102
9186	-3800.685	-3947.862	147.1772	2.722676	0.194036	0.211598	0.27414	0.320226	1.014108	4.981552
9192	-3788.217	-3934.051	145.8335	2.6272	0.159971	0.285331	0.244918	0.30978	0.9426268	5.795362
9198	-3790.355	-3936.203	145.8472	2.528335	0.159971	0.285331	0.244918	0.30978	0.993608	5.795362
9204	-3786.044	-3934.249	148.2049	1.388015	0.137451	0.401612	0.27877	0.182167	1.094791	4.920308
9210	-3781.256	-3929.957	148.701	1.388015	0.161591	0.28027	0.329053	0.229086	1.019362	4.685529
9216	-3779.806	-3926.002	146.1964	1.478894	0.134389	0.273163	0.299492	0.292956	0.8545746	6.113249
9222	-3777.71	-3927.146	149.436	1.325627	0.111635	0.36838	0.248784	0.271201	1.065895	4.277261
9228	-3785.398	-3932.008	146.6102	2.054626	0.157835	0.448148	0.0399754	0.354042	0.9557566	5.579494
9234	-3789.68	-3935.571	145.8909	1.955861	0.0538773	0.43928	0.0678185	0.439024	1.029746	5.97328
9240	-3789.075	-3936.722	147.647	1.063506	0.0974067	0.460731	0.348626	0.0932354	0.9502465	5.47704
9246	-3786.589	-3934.3	147.7105	1.272412	0.136346	0.227379	0.508952	0.127323	1.142221	5.226435
9252	-3789.639	-3936.925	147.2852	1.391086	0.183818	0.225736	0.408568	0.181878	1.033973	5.461336
9258	-3792.2	-3940.617	148.4174	1.478603	0.143976	0.238164	0.425968	0.191892	0.996105	4.812482
9264	-3777.909	-3924.21	146.3006	1.534653	0.17791	0.0976913	0.510625	0.213774	0.9611206	5.972178
9270	-3781.931	-3926.824	144.8939	1.43611	0.101081	0.402716	0.306191	0.190011	0.9713269	6.776277
9276	-3780.354	-3926.195	145.8411	1.016817	0.100675	0.383737	0.304961	0.210627	0.8881428	6.521421
9282	-3781.605	-3927.408	145.8027	1.128998	0.105601	0.413274	0.319883	0.161242	0.9408227	6.454145
9288	-3786.505	-3931.547	145.0429	1.752563	0.0964544	0.377478	0.292176	0.233892	0.8523027	6.616515
9294	-3796.26	-3942.708	146.4477	1.941226	0.138833	0.443086	0.245472	0.172609	0.9028382	5.744363
9300	-3809.79	-3956.359	146.5684	2.285785	0.15924	0.263541	0.379239	0.197981	0.9797857	5.497797
9306	-3789.382	-3934.039	144.6576	2.331498	0.208909	0.116231	0.386058	0.288803	0.8740339	6.580013
9312	-3790.118	-3936.182	146.0636	2.331498	0.23171	0.177843	0.199823	0.390624	1.102648	5.690036
9318	-3783.713	-3929.618	145.9045	2.377573	0.200824	0.331154	0.158391	0.309631	1.013516	5.808607
9324	-3786.675	-3933.027	146.3525	1.8893	0.123025	0.49303	0.129416	0.254528	0.9205546	5.808607
9330	-3785.524	-3932.628	147.1038	2.228494	0.298966	0.350361	0.0481387	0.302534	1.115102	5.149963
9336	-3796.455	-3943.829	147.3748	1.915207	0.122372	0.337587	0.139258	0.400783	1.224151	5.067402
9342	-3791.22	-3937.334	146.1141	1.566026	0.187301	0.275505	0.182381	0.354813	1.111169	5.977554
9348	-3790.488	-3936.651	146.1631	2.123142	0.141219	0.28053	0.33623	0.242021	0.9648641	5.791993
9354	-3780.368	-3926.687	146.3189	2.123142	0.225693	0.296074	0.0865413	0.391692	0.957996	5.710456
9360	-3786.461	-3933.077	146.6156	1.257712	0.182425	0.227934	0.370553	0.219088	0.9632567	5.933583
9366	-3782.941	-3929.087	146.1457	1.986501	0.219127	0.19204	0.339121	0.249712	1.06499	5.802128
9372	-3793.268	-3937.661	144.3926	2.605688	0.249816	0.232983	0.178112	0.339089	0.9947408	6.558632
9378	-3778.618	-3924.572	145.9542	2.605688	0.184066	0.201233	0.364858	0.249843	1.162564	5.616333
9384	-3786.557	-3933.646	147.0899	3.204545	0.226312	0.232192	0.234312	0.307185	1.14885	4.793178
9390	-3788.861	-3937.61	148.7494	1.427828	0.143593	0.548299	0.0999382	0.20817	1.233752	4.518345
9396	-3797.899	-3945.356	147.4569	1.379727	0.0637799	0.462576	0.349687	0.123957	0.9134331	5.438755
9402	-3792.698	-3937.194	144.4958	1.823155	0.113432	0.354388	0.311725	0.220455	0.788304	6.91612
9408	-3788.216	-3932.493	144.2773	2.190924	0.186658	0.304608	0.267938	0.240796	0.8768461	6.837416
9414	-3783.034	-3929.29	146.2561	1.679336	0.164096	0.313058	0.275371	0.247476	0.9007686	5.96341
9420	-3778.342	-3923.57	145.2275	2.223458	0.170203	0.256091	0.31702	0.256685	0.7095387	6.401426
9426	-3785.991	-3930.845	144.8542	3.076574	0.151787	0.228382	0.390919	0.228912	0.7614628	6.276825
9432	-3776.263	-3922.332	146.0684	2.009635	0.17156	0.321939	0.205877	0.300624	0.774075	5.993766
9438	-3773.188	-3919.688	146.4994	2.530539	0.271419	0.294505	0.159069	0.275007	0.9046606	5.485564
9444	-3784.181	-3931.293	147.1116	1.683222	0.0585165	0.555595	0.129278	0.256611	0.914184	5.485564
9450	-3792.731	-3939.39	146.6595	1.280711	0.0449264	0.560841	0.144721	0.249512	0.9002803	5.932418
9456	-3798.479	-3945.372	146.8931	1.150723	0.0725367	0.531587	0.243827	0.152049	0.7941118	5.92946
9462	-3789.694	-3936.394	146.7002	1.965172	0.105761	0.347746	0.35151	0.194983	0.9496892	5.570178
9468	-3787.666	-3935.665	147.9992	1.732006	0.162537	0.414102	0.238021	0.185339	1.041807	4.901885
9474	-3785.445	-3932.717	147.2716	1.732006	0.196782	0.433434	0.159557	0.210226	1.068927	5.290243
9480	-3782.632	-3929.807	147.1752	1.601508	0.174888	0.349921	0.288355	0.186836	1.200044	5.330287
9486	-3795.172	-3943.642	148.4697	1.636974	0.148104	0.156397	0.55616	0.139338	1.116245	4.640961
9492	-3796.009	-3941.998	145.9885	1.457049	0.121125	0.318843	0.399966	0.160067	1.011238	6.151499
9498	-3792.062	-3937.925	145.8636	1.290735	0.121965	0.284803	0.405616	0.187616	0.8537534	6.385857
9504	-3796.158	-3941.511	145.3536	1.451184	0.207049	0.257205	0.366311	0.169436	0.9943807	6.508125
9510	-3783.226	-3930.284	147.0582	1.388955	0.288142	0.110209	0.428965	0.172684	1.010092	5.600308
9516	-3782.734	-3930.798	148.0645	1.412662	0.204171	0.152743	0.46262	0.180466	1.031592	5.0213
9522	-3781.835	-3928.24	146.4047	2.039927	0.286991	0.0607639	0.469209	0.183037	1.056649	5.642902
9528	-3784.611	-3932.104	147.4923	1.947136	0.298117	0.0243527	0.487398	0.190132	0.9357499	5.148604
9534	-3795.059	-3940.466	145.4065	3.266192	0.22886	0.015178	0.307184	0.448778	0.9527348	5.811619
9540	-3786.511	-3933.227	146.7166	3.713335	0.471487	0.0104025	0.210534	0.307577	1.034087	4.909362
9546	-3792.339	-3935.57	143.2319	3.86659	0.395675	0.0399264	0.262399	0.301999	0.8940917	6.848421
9552	-3782.414	-3926.873	144.4593	2.829651	0.249833	0.144777	0.289415	0.315975	0.9382514	6.476136
9558	-3782.865	-3928.994	146.1291	1.770894	0.209976	0.187636	0.362	0.240388	0.827153	6.032412
9564	-3787.512	-3935.247	147.735	1.949683	0.115422	0.413063	0.270447	0.201067	0.9374033	5.012039
9570	-3785.897	-3934.364	148.4672	1.877851	0.126305	0.339592	0.234027	0.300076	1.096925	4.544837
9576	-3789.993	-3936.676	146.6831	1.258732	0.131613	0.353862	0.345366	0.169159	1.015391	5.867704
9582	-3795.557	-3943.816	148.2589	1.344803	0.166087	0.371669	0.310273	0.151971	1.018495	4.954308
9588	-3793.587	-3939.389	145.8018	1.623641	0.264273	0.19568	0.304783	0.235264	0.9099558	6.230877
9594	-3793.351	-3939.968	146.6168	1.229751	0.151848	0.32538	0.214889	0.307883	0.9100996	5.976147
9600	-3787.702	-3935.053	147.3508	1.210421	0.137765	0.424924	0.184037	0.253275	0.9546878	5.559805
9606	-3790.33	-3936.66	146.3295	1.877817	0.147364	0.410561	0.115688	0.326387	0.9285121	5.82171
9612	-3796.219	-3942.536	146.3164	1.748372	0.268684	0.231771	0.210931	0.288614	1.009002	5.840746
9618	-3796.948	-3943.523	146.5747	1.748372	0.142045	0.432025	0.179847	0.246083	0.969306	5.721077
9624	-3808.473	-3953.49	145.0175	2.165353	0.0800418	0.546495	0.0244319	0.349032	0.9060116	6.431316
9630	-3809.014	-3955.482	146.4684	2.198971	0.0470041	0.510569	0.0213075	0.421119	0.8575677	5.653582
9636	-3804.018	-3951.752	147.7346	1.546125	0.0706074	0.613967	0.0465904	0.268835	0.9670371	5.17577
9642	-3811.999	-3957.723	145.7245	2.989859	0.0704881	0.61293	0.0429567	0.273625	1.04209	5.676921
9648	-3806.201	-3951.096	144.8945	2.747543	0.101999	0.308839	0.204067	0.385095	0.9020116	6.2875
9654	-3803.771	-3951.1	147.3293	1.353326	0.155888	0.383969	0.149305	0.310838	0.9433426	5.505547
9660	-3795.378	-3939.838	144.4598	2.903447	0.123336	0.35704	0.139369	0.380256	0.9247099	6.458562
9666	-3793.289	-3939.429	146.1395	2.290203	0.0393372	0.599933	0.0674216	0.293308	0.9326461	5.757331
9672	-3789.242	-3937.384	148.1422	1.728703	0.142739	0.445132	0.115613	0.296516	1.028838	4.830906
9678	-3783.273	-3931.717	148.4442	2.090372	0.190329	0.389634	0.160489	0.259547	1.174971	4.423642
9684	-3781.501	-3930.405	148.9041	1.928943	0.145864	0.174407	0.508342	0.171387	1.087117	4.281794
9690	-3774.136	-3922.662	148.5256	1.705191	0.171909	0.280902	0.329247	0.217942	1.135759	4.567196
9696	-3782.464	-3930.809	148.3443	2.279145	0.143609	0.250726	0.319617	0.286048	1.075362	4.459781
9702	-3783.17	-3932.225	149.0551	1.130061	0.200086	0.0999529	0.552616	0.147345	1.017129	4.622369
9708	-3791.66	-3936.914	145.2539	1.615199	0.188329	0.169482	0.454006	0.188183	0.9364134	6.517624
9714	-3792.896	-3938.782	145.8855	1.101178	0.100934	0.257481	0.408906	0.232679	0.8970893	6.447546
9720	-3784.404	-3931.104	146.7	1.227439	0.113519	0.394374	0.244714	0.247393	0.9455488	5.912556
9726	-3797.479	-3944.331	146.8527	1.662903	0.114842	0.398971	0.138015	0.348172	0.9455488	5.619762
9732	-3791.033	-3936.372	145.339	1.442777	0.11367	0.360521	0.381498	0.144311	0.7732258	6.63968
9738	-3795.072	-3939.089	144.017	1.6932	0.159882	0.306666	0.387044	0.146408	0.823475	7.210907
9744	-3790.477	-3937.15	146.6737	1.496696	0.181026	0.165923	0.43823	0.214821	1.020123	5.753791
9750	-3785.524	-3933.376	147.8513	1.496696	0.18251	0.0596242	0.496025	0.261841	0.9762094	5.129528
9756	-3791.492	-3938.6	147.1077	1.496696	0.271787	0.0704995	0.515099	0.142615	0.89141	5.586405
9762	-3785.716	-3931.131	145.4143	1.138531	0.22132	0.0517846	0.599773	0.127122	0.8751908	6.694881
9768	-3774.911	-3921.024	146.1126	1.516953	0.124066	0.297124	0.419391	0.15942	0.9104422	6.110577
9774	-3774.989	-3922.457	147.4681	1.270543	0.137664	0.374973	0.31047	0.176893	0.9332514	5.476292
9780	-3776.232	-3921.622	145.3902	1.659443	0.139936	0.366923	0.300871	0.19227	0.9389465	6.422492
9786	-3788.494	-3934.816	146.3226	1.294312	0.053959	0.380535	0.371447	0.194059	0.8637937	6.129172
9792	-3787.544	-3932.514	144.9709	1.318535	0.0697958	0.443967	0.235222	0.251015	0.7201821	6.926956
9798	-3804.162	-3947.938	143.7759	1.881354	0.0848887	0.312096	0.304597	0.298419	0.8636169	7.238473
9804	-3807.839	-3951.148	143.3084	2.360569	0.217442	0.337336	0.28183	0.163392	0.8494034	7.309496
9810	-3801.473	-3947.928	146.4549	1.51952	0.163392	0.432361	0.196552	0.207696	0.8249504	5.969384
9816	-3786.419	-3932.006	145.5869	1.467205	0.144857	0.390337	0.30674	0.158066	0.9546623	6.395622
9822	-3785.543	-3930.548	145.0052	1.563907	0.20543	0.296606	0.272142	0.225821	0.9176071	6.685613
9828	-3790.374	-3935.365	144.9912	1.636953	0.18673	0.241775	0.270389	0.301106	0.8520461	6.695543
9834	-3791.348	-3938.27	146.9225	1.636953	0.186735	0.241781	0.270371	0.301113	1.038967	5.541897
9840	-3794.351	-3942.098	147.7468	1.406018	0.0728603	0.398397	0.226017	0.302726	1.014232	5.210274
9846	-3793.63	-3938.997	145.3674	1.756031	0.135132	0.38995	0.239672	0.235247	0.8701897	6.429579
9852	-3772.986	-3920.487	147.5012	1.385589	0.162248	0.267535	0.287765	0.282452	1.023169	5.351004
9858	-3779.645	-3927.108	147.4634	1.494663	0.110543	0.398806	0.22129	0.269361	0.9652415	5.351004
9864	-3783.96	-3930.824	146.8638	1.813954	0.224535	0.199928	0.374747	0.20079	1.013491	5.509493
9870	-3781.427	-3928.778	147.3509	2.056993	0.221313	0.0955836	0.344668	0.338435	1.00259	5.144217
9876	-3779.429	-3926.206	146.7771	1.556233	0.124362	0.261279	0.352577	0.261782	0.9557813	5.70449
9882	-3781.202	-3929.833	148.6317	1.428079	0.236513	0.206655	0.346419	0.210413	1.001038	4.714675
9888	-3779.243	-3926.776	147.533	1.729069	0.222974	0.263527	0.326588	0.18691	1.034138	5.166282
9894	-3783.098	-3929.574	146.4762	1.612203	0.178664	0.218926	0.20459	0.39782	0.8668947	5.892007
9900	-3781.253	-3927.302	146.0492	2.629814	0.262085	0.164221	0.178354	0.395341	0.8715385	5.715281
9906	-3790.436	-3936.824	146.3882	1.291139	0.126284	0.193629	0.363626	0.316461	0.8643014	6.094761
9912	-3794.153	-3940.176	146.0235	1.702264	0.152997	0.234587	0.428037	0.18438	0.9020987	6.079296
9918	-3787.918	-3934.579	146.661	1.52999	0.171674	0.15266	0.480292	0.195374	0.8735533	5.825312
9924	-3793.402	-3937.506	144.104	1.659987	0.183851	0.16635	0.415758	0.234041	0.7821155	7.201018
9930	-3789.856	-3934.542	144.6853	1.628994	0.173204	0.274828	0.280434	0.271535	0.7424363	6.92334
9936	-3789.788	-3936.791	147.003	1.321895	0.159905	0.318586	0.332518	0.188991	0.8276806	5.763686
9942	-3793.719	-3940.801	147.0827	1.867974	0.172058	0.266795	0.357792	0.203355	0.8600426	5.450189
9948	-3783.114	-3930.054	146.9401	1.91018	0.2432	0.11566	0.353703	0.287437	0.9699651	5.450189
9954	-3791.805	-3938.853	147.0473	1.847575	0.0975908	0.21434	0.458176	0.229893	0.9873949	5.408291
9960	-3787.48	-3934.769	147.2889	1.605728	0.0987643	0.285732	0.391203	0.2243	0.9951654	5.378642
9966	-3787.529	-3934.509	146.9799	1.958843	0.102311	0.209473	0.405252	0.282963	1.022933	5.378642
9972	-3780.809	-3927.988	147.1784	1.645501	0.129021	0.490308	0.101965	0.278706	1.072552	5.378642
9978	-3785.601	-3934.243	148.6416	1.645501	0.0856836	0.318989	0.414005	0.181323	1.129373	4.533121
9984	-3781.273	-3929.096	147.8228	2.718111	0.0807777	0.224749	0.262299	0.432174	1.053538	4.600758
9990	-3789.706	-3935.485	145.7786	3.353326	0.254295	0.168956	0.211114	0.365635	0.9112745	5.60349
9996	-3804.763	-3950.496	145.7332	1.889373	0.191153	0.310049	0.0920839	0.406714	0.7632412	6.23208
10002	-3793.747	-3940.225	146.4774	1.882634	0.127334	0.409093	0.194158	0.269414	0.6956168	5.866151
10008	-3779.586	-3925.271	145.6857	2.752945	0.0710217	0.196843	0.427459	0.304677	0.8807331	5.866151
10014	-3776.537	-3922.586	146.049	2.192825	0.0381076	0.545957	0.223228	0.192708	0.893148	5.866151
10020	-3791.084	-3936.744	145.6595	2.696248	0.00784486	0.441081	0.216126	0.334948	0.9995769	5.835184
10026	-3784.006	-3932.863	148.8568	1.800544	0.0150392	0.556233	0.185185	0.243542	1.069735	4.374873
10032	-3774.978	-3922.281	147.303	1.800544	0.0143878	0.528137	0.177164	0.280311	1.069735	5.242176
10038	-3784.84	-3932.485	147.6456	1.870607	0.0165717	0.613278	0.0504456	0.319705	1.125859	4.990784
10044	-3792.897	-3940.174	147.2776	1.668522	0.027193	0.522105	0.17855	0.272152	1.056805	5.322187
10050	-3785.839	-3931.562	145.7229	1.753529	0.0478492	0.609521	0.155157	0.187472	0.8518779	6.247623
10056	-3783.136	-3927.984	144.8478	2.282702	0.131203	0.381025	0.17698	0.310792	0.9507709	6.453848
10062	-3777.138	-3922.773	145.6347	2.393616	0.185552	0.370754	0.111617	0.332078	0.9507709	5.984307
10068	-3791.615	-3937.464	145.8497	2.040593	0.185196	0.401323	0.104686	0.308795	0.8593933	6.053923
10074	-3792.029	-3937.532	145.5024	1.450798	0.0629521	0.355745	0.29133	0.289973	0.9388713	6.457724
10080	-3789.049	-3935.425	146.376	1.2787	0.0504351	0.424951	0.355683	0.168931	1.011151	6.027595
10086	-3781.127	-3925.907	144.7799	1.984741	0.19305	0.336254	0.175688	0.295007	0.8986685	6.635988
10092	-3785.662	-3930.504	144.8417	1.802335	0.226841	0.152237	0.283953	0.336969	0.8543062	6.702739
10098	-3787.816	-3933.171	145.3546	1.430853	0.0784779	0.356889	0.324676	0.239958	0.8764241	6.581065
10104	-3793.241	-3940.326	147.0845	1.624805	0.0493223	0.528013	0.216024	0.206641	0.8840927	5.54354
10110	-3796.134	-3943.949	147.8147	1.355692	0.0934591	0.495642	0.218354	0.192545	1.00797	5.201065
10116	-3806.185	-3953.458	147.2724	1.456753	0.0857599	0.391624	0.329905	0.192711	1.028165	5.439726
10122	-3803.432	-3948.575	145.1427	1.360846	0.210942	0.271127	0.232893	0.285038	0.7995634	6.77081
10128	-3805.223	-3951.279	146.0562	2.133644	0.256585	0.101457	0.318052	0.323906	0.9399206	5.859928
10134	-3799.736	-3945.874	146.1376	1.815195	0.265581	0.09123	0.329204	0.313985	1.018938	5.903923
10140	-3804.869	-3949.597	144.7277	3.920488	0.305363	0.0587367	0.227716	0.408184	0.7471709	6.102576
10146	-3803.496	-3948.883	145.3867	1.458464	0.244766	0.0840063	0.344046	0.327183	0.8840197	6.546514
10152	-3786.271	-3933.242	146.9704	1.082826	0.128977	0.340459	0.348018	0.182547	0.8360782	5.900215
10158	-3774.691	-3920.04	145.3491	2.753772	0.180405	0.129903	0.424032	0.26566	1.031419	5.967406
10164	-3769.729	-3917.466	147.737	1.699482	0.094973	0.431405	0.147867	0.325755	1.07744	5.04251
10170	-3781.968	-3930.207	148.2382	1.626495	0.095984	0.322827	0.300673	0.280516	0.8477849	4.924972
10176	-3780.311	-3925.468	145.1565	1.339761	0.136372	0.268003	0.515315	0.0803103	0.8205733	6.762254
10182	-3783.942	-3927.75	143.8082	2.392697	0.261484	0.0812703	0.437006	0.22024	0.9002576	7.001658
10188	-3783.009	-3929.462	146.453	2.733465	0.157894	0.221839	0.256338	0.363929	1.039816	5.364418
10194	-3783.887	-3932.139	148.2519	2.648399	0.29599	0.130817	0.236883	0.336309	1.028243	4.398629
10200	-3780.736	-3925.353	144.6167	2.648399	0.335469	0.126475	0.156892	0.381165	0.9278301	6.458503
10206	-3784.808	-3929.558	144.7501	2.454946	0.226871	0.0924753	0.353443	0.32721	0.7613047	6.545378
10212	-3776.621	-3922.696	146.0747	2.584779	0.257787	0.281754	0.116235	0.344224	0.8592967	5.72405
10218	-3781.247	-3927.581	146.3338	2.278126	0.173511	0.179293	0.325682	0.321514	0.9691809	5.635431
10224	-3787.456	-3932.805	145.3491	2.00562	0.204119	0.35458	0.192403	0.248898	0.8642238	6.337781
10230	-3783.639	-3930.542	146.9026	2.414111	0.191778	0.335585	0.208852	0.263785	1.024399	5.240222
10236	-3786.406	-3932.925	146.5187	2.058346	0.18852	0.416655	0.192145	0.20268	0.9913233	5.608664
10242	-3795.952	-3943.281	147.3297	1.655689	0.145363	0.332167	0.277793	0.244677	0.8703066	5.402136
10248	-3783.387	-3928.322	144.935	1.607653	0.151229	0.315506	0.274368	0.258897	0.9226381	6.700966
10254	-3783.364	-3928.981	145.6171	2.968757	0.282308	0.153938	0.161816	0.401938	0.9279644	5.805182
10260	-3796.536	-3942.385	145.8485	2.010543	0.137975	0.331992	0.253035	0.276998	0.9927709	5.9941
10266	-3784.424	-3932.49	148.0654	1.905151	0.236186	0.174887	0.259483	0.329444	1.026409	4.797492
10272	-3790.036	-3936.324	146.2886	2.296837	0.0880617	0.375847	0.31961	0.216481	1.015677	5.627585
10278	-3785.546	-3932.163	146.6168	1.593458	0.135926	0.31282	0.347403	0.20385	0.8225911	5.847983
10284	-3789.347	-3935.045	145.6973	1.212267	0.126436	0.184441	0.597783	0.0913389	0.8594344	6.512419
10290	-3791.611	-3939.341	147.7292	1.281017	0.121029	0.24408	0.57045	0.0644413	1.037112	5.269797
10296	-3795.782	-3944.651	148.8687	1.304709	0.116388	0.234721	0.548577	0.100314	1.011171	4.638313
10302	-3789.035	-3935.777	146.7415	1.605414	0.163575	0.230029	0.465412	0.140983	1.015769	5.668436
10308	-3782.504	-3928.657	146.153	1.753828	0.16071	0.174312	0.504512	0.160466	0.7976998	6.042899
10314	-3784.242	-3928.601	144.3588	1.159205	0.149448	0.185346	0.497906	0.1673	0.6713502	7.362175
10320	-3781.688	-3927.247	145.5588	1.761972	0.168642	0.27474	0.370992	0.185625	0.8275003	6.346329
10326	-3787.356	-3935.594	148.2376	1.681233	0.177347	0.290136	0.268065	0.264452	0.9159932	4.862154
10332	-3782.956	-3928.105	145.1492	1.924281	0.133061	0.32895	0.224081	0.313909	0.7783243	6.526141
10338	-3785.949	-3931.844	145.8949	2.455876	0.128687	0.312187	0.25153	0.307595	0.9024423	5.845575
10344	-3791.408	-3937.954	146.5466	2.071201	0.156441	0.256823	0.288592	0.298144	0.8651779	5.657357
10350	-3798.781	-3942.202	143.4204	2.521199	0.123819	0.378315	0.165259	0.332608	0.6056785	7.322007
10356	-3792.381	-3936.896	144.5144	1.62918	0.123819	0.378315	0.165259	0.332608	0.6056785	7.088914
10362	-3776.484	-3922.034	145.55	1.693478	0.185754	0.435362	0.0429897	0.335895	0.6753306	6.463668
10368	-3784.612	-3930.151	145.5387	2.177027	0.142979	0.458233	0.0452481	0.35354	0.9164052	6.137967
10374	-3785.539	-3931.224	145.6845	1.959424	0.147346	0.472226	0.0160922	0.364336	0.7874878	6.216162
10380	-3790.24	-3935.28	145.0404	4.174354	0.213174	0.394868	0.0175312	0.374427	0.8678605	5.797069
10386	-3782.566	-3927.095	144.5287	2.15807	0.209348	0.387781	0.0351639	0.367707	0.7792854	6.767161
10392	-3783.565	-3928.592	145.0273	2.20219	0.131669	0.471048	0.00855831	0.388724	0.9738982	6.374854
10398	-3799.147	-3945.673	146.5263	1.522101	0.126236	0.451611	0.0494696	0.372684	1.066493	5.79716
10404	-3788.341	-3935.07	146.7294	1.522101	0.0719226	0.611646	0.0133742	0.303057	0.972818	5.737223
10410	-3782.087	-3927.619	145.5316	3.337481	0.146822	0.387411	0.0229564	0.44281	0.9232997	5.737223
10416	-3783.339	-3930.538	147.1984	1.848448	0.187239	0.230639	0.156695	0.425427	0.9303028	5.356099
10422	-3786.048	-3932.265	146.2164	1.37397	0.173832	0.206042	0.45368	0.166446	0.9198687	6.117162
10428	-3787.247	-3932.834	145.5874	1.563087	0.276051	0.122758	0.441699	0.159493	0.9220969	6.368354
10434	-3791.258	-3939.082	147.8233	1.572281	0.228579	0.0862094	0.479707	0.205504	1.169867	5.001838
10440	-3780.796	-3929.716	148.9198	1.331074	0.163205	0.248516	0.348985	0.239294	1.081756	4.5566
10446	-3779.571	-3928.47	148.8996	1.331074	0.231077	0.127129	0.372099	0.269695	1.101954	4.5566
10452	-3781.871	-3930.119	148.2486	1.888918	0.239077	0.0969115	0.38498	0.279031	1.16984	4.621802
10458	-3785.302	-3931.561	146.2585	2.170225	0.1106	0.277864	0.313839	0.297697	0.939144	5.735203
10464	-3776.465	-3923.761	147.296	1.856173	0.134433	0.337741	0.165977	0.361849	0.9684728	5.277854
10470	-3781.337	-3927.79	146.4528	1.617948	0.0801374	0.319767	0.257504	0.342592	0.856296	5.907993
10476	-3780.108	-3927.439	147.3302	1.554677	0.0831453	0.33177	0.336413	0.248672	0.8598142	5.454135
10482	-3775.492	-3922.169	146.6764	1.74004	0.115034	0.426016	0.114903	0.344046	0.9492794	5.680005
10488	-3779.761	-3926.355	146.5942	1.867946	0.122302	0.349886	0.162029	0.365783	0.930209	5.680005
10494	-3784.68	-3931.737	147.0571	1.867946	0.162371	0.340738	0.179226	0.317665	0.9181899	5.432269
10500	-3788.539	-3937.355	148.816	1.867946	0.151988	0.317884	0.172366	0.357762	1.085479	4.359142
10506	-3791.937	-3937.88	145.943	1.867946	0.170357	0.356303	0.193199	0.280141	0.7780129	6.118937
10512	-3797.37	-3943.39	146.0194	1.61627	0.182877	0.335495	0.196582	0.285046	0.7580405	6.198506
10518	-3788.116	-3935.278	147.1623	1.98904	0.159599	0.268428	0.303399	0.268574	0.8746127	5.347256
10524	-3788.262	-3933.178	144.9163	2.41064	0.177129	0.377863	0.146935	0.298073	0.9136689	6.388975
10530	-3781.111	-3926.823	145.712	2.41064	0.114811	0.332772	0.216623	0.335794	0.8660811	5.98203
10536	-3793.839	-3938.649	144.8091	3.325129	0.104842	0.507615	0.080907	0.306636	0.8205528	6.191375
10542	-3789.518	-3933.209	143.6913	2.335207	0.175274	0.494997	0.104872	0.224858	0.7065909	7.189962
10548	-3786.528	-3932.09	145.5625	2.39772	0.166696	0.520884	0.0758023	0.236617	0.7684662	6.121517
10554	-3797.132	-3942.057	144.9257	3.545852	0.0959747	0.392384	0.12414	0.387502	0.9451444	5.993712
10560	-3803.265	-3950.815	147.5498	2.58981	0.132318	0.409543	0.0248145	0.433324	0.9797089	4.840861
10566	-3800.395	-3946.689	146.2939	2.306655	0.207374	0.288221	0.0697279	0.434677	0.988971	5.635543
10572	-3811.795	-3959.032	147.237	2.498979	0.197776	0.274882	0.114662	0.41268	1.134997	4.961907
10578	-3795.771	-3941.899	146.1283	2.498979	0.229867	0.336586	0.0530441	0.380503	0.9590061	5.671028
10584	-3800.022	-3943.735	143.7123	2.720542	0.225551	0.27738	0.0243152	0.472755	0.7934277	6.994754
10590	-3796.985	-3939.369	142.3835	3.878835	0.297999	0.171516	0.0910718	0.439413	0.7154709	7.397344
10596	-3796.666	-3941.573	144.9069	2.399257	0.286083	0.249035	0.0430409	0.421841	0.8094138	6.454821
10602	-3802.978	-3946.949	143.9709	2.706273	0.161672	0.242192	0.0689565	0.527179	0.7951317	6.859336
10608	-3796.749	-3940.334	143.5841	1.922413	0.211756	0.361161	0.0731745	0.353908	0.7060873	7.408986
10614	-3804.228	-3949.694	145.4654	2.081506	0.188785	0.246731	0.36928	0.195204	0.8267889	6.264335
10620	-3801.37	-3946.843	145.4731	2.277004	0.181688	0.354462	0.195993	0.267856	0.84298	6.175005
10626	-3802.599	-3946.995	144.396	2.836457	0.211296	0.282949	0.178313	0.327441	0.7240373	6.624062
10632	-3795.586	-3941.705	146.1185	3.346642	0.286681	0.0710733	0.304267	0.337979	0.8409797	5.457307
10638	-3797.391	-3944.394	147.0028	2.607867	0.295264	0.117039	0.291913	0.295784	0.9104931	5.176629
10644	-3799.285	-3946.005	146.7204	3.189007	0.243961	0.166273	0.0373136	0.552452	0.9128388	5.134827
10650	-3795.153	-3941.824	146.6719	3.189007	0.261708	0.105624	0.040028	0.59264	0.9613571	5.134827
10656	-3791.983	-3939.257	147.2738	3.189007	0.28534	0.120572	0.0519501	0.542137	1.061597	4.744161
10662	-3782.771	-3929.493	146.7223	3.688547	0.391214	0.103054	0.0525498	0.453182	0.9910216	4.937425
10668	-3792.273	-3937.915	145.6423	4.310085	0.272322	0.347567	0.0365796	0.343531	0.8836816	5.422035
10674	-3804.889	-3952.754	147.8648	2.26244	0.24255	0.381584	0.0438015	0.332064	0.9613492	4.799062
10680	-3794.665	-3941.944	147.2785	1.995764	0.188295	0.303199	0.308591	0.199914	1.065464	5.174803
10686	-3789.17	-3935.976	146.8059	1.728544	0.165601	0.443505	0.234764	0.156129	0.8540643	5.666265
10692	-3787.146	-3932.443	145.2971	1.545843	0.0936676	0.362575	0.191925	0.351833	0.8659416	6.56399
10698	-3781.308	-3928.215	146.9065	1.047791	0.0821783	0.326671	0.510644	0.080507	0.8534547	5.944364
10704	-3785.582	-3931.089	145.5073	1.047791	0.0274201	0.476474	0.368345	0.12776	0.7367648	6.767169
10710	-3781.614	-3926.309	144.6949	1.708443	0.115594	0.416589	0.32205	0.145766	0.9152121	6.789783
10716	-3777.919	-3923.936	146.017	1.535095	0.169985	0.355236	0.284098	0.190681	0.7954259	6.2167
10722	-3785.38	-3930.972	145.5929	1.715939	0.168625	0.288956	0.281825	0.260593	0.9379263	6.288008
10728	-3788.064	-3933.256	145.1921	1.683427	0.154641	0.293817	0.286566	0.264977	0.9204064	6.529191
10734	-3784.918	-3929.435	144.5169	1.53532	0.145143	0.337189	0.268965	0.248702	0.8572789	6.994716
10740	-3794.384	-3941.244	146.8604	1.581898	0.119346	0.282573	0.365042	0.233039	0.9576936	5.645885
10746	-3790.345	-3938.076	147.731	2.307996	0.146913	0.429891	0.190662	0.232534	1.044214	4.809699
10752	-3790.957	-3941.157	150.2001	1.258594	0.156987	0.336132	0.258402	0.24848	1.125763	3.842414
10758	-3789.582	-3936.123	146.541	2.035387	0.360783	0.0403894	0.336716	0.262112	0.9361951	5.636022
10764	-3796.187	-3940.453	144.2666	2.975544	0.270758	0.16577	0.210996	0.352476	0.886229	6.560424
10770	-3789.511	-3935.636	146.1253	3.007816	0.273565	0.167489	0.202815	0.356131	0.9181076	5.519031
10776	-3787.931	-3935.876	147.9444	2.260129	0.346026	0.100264	0.256536	0.297174	1.15834	4.64528
10782	-3785.772	-3933.049	147.2772	2.544466	0.226322	0.28304	0.16779	0.322849	1.098423	4.943114
10788	-3782.276	-3931.339	149.063	1.584945	0.146187	0.232123	0.413153	0.208537	1.120896	4.328894
10794	-3775.225	-3921.651	146.4262	1.848353	0.154701	0.245641	0.378977	0.220681	0.89329	5.800627
10800	-3781.506	-3928.039	146.5328	1.843569	0.194569	0.118635	0.415057	0.271739	0.9703131	5.702127
10806	-3791.41	-3938.299	146.8893	3.044536	0.264532	0.034758	0.263075	0.437635	0.9903215	5.045076
10812	-3787.507	-3934.822	147.3147	2.314342	0.17198	0.175236	0.498322	0.154462	0.9800356	5.074493
10818	-3776.75	-3922.183	145.4337	1.719755	0.176391	0.175534	0.406511	0.241564	0.9018183	6.392346
10824	-3780.948	-3926.449	145.5004	1.719755	0.213821	0.0467518	0.492771	0.246657	0.8351291	6.392346
10830	-3778.138	-3923.758	145.6197	1.519808	0.139323	0.255172	0.396128	0.209376	0.9331461	6.364804
10836	-3778.693	-3924.234	145.5405	1.727558	0.167426	0.203154	0.378916	0.250504	0.8393981	6.364804
10842	-3784.024	-3929.242	145.2184	1.899427	0.219108	0.282158	0.18128	0.317454	0.7799102	6.498149
10848	-3789.885	-3935.614	145.7292	1.656852	0.197128	0.333728	0.227123	0.242021	0.8511238	6.287366
10854	-3801.785	-3947.013	145.2287	2.48464	0.210954	0.357136	0.0386961	0.393214	0.7659272	6.272546
10860	-3792.751	-3939.3	146.5495	2.447611	0.254815	0.140593	0.295592	0.309	1.051646	5.407487
10866	-3789.857	-3935.521	145.6638	2.784053	0.176053	0.19064	0.31629	0.317017	0.8277678	5.896437
10872	-3800.109	-3946.17	146.0619	1.930294	0.295841	0.116587	0.355138	0.232434	0.8792587	5.972726
10878	-3803.869	-3948.251	144.3815	1.405248	0.299615	0.118856	0.359668	0.221861	0.8193732	7.148829
10884	-3792.88	-3938.088	145.208	2.051446	0.306214	0.121475	0.367591	0.20472	0.8455922	6.405923
10890	-3799.193	-3943.631	144.4379	2.346355	0.282022	0.0421937	0.423871	0.251914	0.8288092	6.717723
10896	-3796.467	-3942.98	146.5135	1.697139	0.228293	0.0974987	0.454212	0.219997	0.9817643	5.770457
10902	-3791.199	-3938.194	146.9954	1.931425	0.130635	0.105338	0.650885	0.113141	0.8642553	5.468998
10908	-3786.955	-3933.64	146.6844	2.516736	0.256946	0.121018	0.425654	0.196382	0.9832886	5.345346
10914	-3788.575	-3935.237	146.6629	1.947308	0.226441	0.19484	0.370982	0.207736	0.8509653	5.652295
10920	-3799.737	-3946.875	147.1378	1.810871	0.224112	0.373342	0.120655	0.281892	0.983812	5.376314
10926	-3799.822	-3947.635	147.813	1.447553	0.0873623	0.344689	0.239242	0.328707	1.003438	5.15933
10932	-3798.155	-3946.376	148.2202	1.305643	0.0955378	0.376946	0.256109	0.271407	1.021493	4.993892
10938	-3798.219	-3943.164	144.9459	1.628478	0.133928	0.284789	0.385481	0.195802	0.8858571	6.705585
10944	-3801.217	-3944.37	143.1529	2.671318	0.186652	0.202118	0.32273	0.288501	0.7934388	7.312352
10950	-3794.401	-3940.59	146.1888	1.796752	0.161381	0.269441	0.319738	0.24944	0.832477	5.985754
10956	-3794.209	-3940.222	146.0122	1.839868	0.166025	0.391608	0.146011	0.296356	0.97507	5.985754
10962	-3789.871	-3934.496	144.6254	2.79687	0.207174	0.448163	0.0363533	0.30831	0.8036159	6.47013
10968	-3808.482	-3953.429	144.9467	1.951209	0.333063	0.24189	0.260111	0.164937	0.9540379	6.529499
10974	-3804.151	-3950.925	146.7738	1.153493	0.171642	0.366974	0.303742	0.157642	0.9031457	5.933628
10980	-3799.603	-3946.54	146.9378	1.975357	0.0761452	0.362914	0.321359	0.239582	1.020313	5.396384
10986	-3796.994	-3944.933	147.9384	1.421425	0.119422	0.339035	0.273463	0.26808	1.019168	5.093912
10992	-3804.771	-3952.057	147.2856	2.0743	0.128093	0.448353	0.0732097	0.350344	1.145888	5.093912
10998	-3788.644	-3934.068	145.4237	2.416911	0.0862555	0.542048	0.0238645	0.347832	0.8577826	6.141363
11004	-3794.882	-3941.524	146.642	1.873857	0.117844	0.504254	0.0543221	0.32358	0.969629	5.62963
11010	-3794.33	-3939.265	144.9347	1.439998	0.1465	0.256075	0.451974	0.14545	0.8142075	6.837211
11016	-3797.827	-3943.405	145.5786	1.500738	0.0901263	0.33519	0.3972	0.177484	0.8994853	6.414277
11022	-3790.72	-3937.113	146.3927	1.182162	0.105888	0.334149	0.384427	0.175536	0.8994853	6.128518
11028	-3786.337	-3933.131	146.7937	1.404254	0.122424	0.230164	0.444462	0.202949	0.9221015	5.786071
11034	-3781.512	-3926.031	144.5189	1.821499	0.15179	0.285217	0.415965	0.147028	0.8099505	6.892717
11040	-3784.801	-3932.326	147.5253	1.204256	0.176721	0.191112	0.366498	0.265669	1.004902	5.439401
11046	-3786.535	-3931.891	145.3556	1.860065	0.223292	0.276905	0.164124	0.33568	0.955721	6.344976
11052	-3777.726	-3924.966	147.2406	1.686681	0.131761	0.480589	0.080532	0.307118	1.009348	5.360562
11058	-3781.585	-3928.757	147.1721	2.126523	0.154911	0.303819	0.264082	0.277188	1.11196	5.154439
11064	-3789.108	-3936.554	147.4456	1.848583	0.0834085	0.520865	0.180578	0.215148	1.047964	5.154439
11070	-3793.561	-3939.707	146.1456	1.848583	0.0567869	0.483606	0.275719	0.183888	0.9550879	5.920121
11076	-3805.519	-3951.311	145.7919	1.426798	0.0973436	0.266911	0.480822	0.154924	0.9382599	6.312454
11082	-3803.549	-3950.65	147.1019	1.403908	0.0852556	0.423587	0.264918	0.226239	1.013956	5.566904
11088	-3789.843	-3937.378	147.5351	1.227873	0.0926246	0.394638	0.329035	0.183703	0.989809	5.430116
11094	-3780.828	-3928.259	147.4312	1.694186	0.144951	0.421437	0.146131	0.287481	1.178083	5.158613
11100	-3788.436	-3935.342	146.9054	1.694186	0.119974	0.427258	0.161317	0.291451	1.00297	5.545189
11106	-3785.355	-3933.538	148.1839	1.89257	0.0882538	0.338916	0.243815	0.329015	1.028139	4.735758
11112	-3789.536	-3937.189	147.6525	1.380142	0.107496	0.41281	0.277377	0.202317	0.9640741	5.302813
11118	-3792.492	-3937.77	145.2779	2.498754	0.201048	0.409182	0.0937656	0.296004	1.036742	6.093338
11124	-3780.453	-3923.986	143.5325	2.428004	0.278812	0.304386	0.100269	0.316534	0.8763141	7.149965
11130	-3788.345	-3933.599	145.254	2.650034	0.0814805	0.457871	0.235248	0.2254	0.857886	6.149826
11136	-3789.059	-3933.945	144.8859	2.854953	0.229157	0.38199	0.110346	0.278506	0.7832321	6.320332
11142	-3783.77	-3929.755	145.9851	1.457679	0.263382	0.226393	0.192815	0.31741	0.8824298	6.223088
11148	-3782.872	-3929.619	146.7478	1.673718	0.103789	0.434156	0.140188	0.321867	0.9870575	5.649694
11154	-3775.967	-3922.126	146.1592	1.673718	0.101005	0.545861	0.086611	0.266523	0.873889	6.033424
11160	-3776.237	-3921.719	145.4821	3.197219	0.197508	0.260004	0.141133	0.401356	1.010256	5.760388
11166	-3782.541	-3927.372	144.8308	2.134896	0.278983	0.273378	0.0256401	0.422	0.8245231	6.588482
11172	-3778.131	-3924.04	145.9087	3.367963	0.253823	0.373734	0.0206543	0.351789	1.00471	5.476106
11178	-3786.37	-3931.254	144.8844	3.105853	0.258843	0.334123	0.0482871	0.358747	0.9463763	6.150477
11184	-3775.85	-3923.01	147.1602	2.288043	0.184405	0.424746	0.0188552	0.371994	0.9160728	5.205683
11190	-3787.792	-3933.045	145.2531	3.079624	0.176969	0.407619	0.0195649	0.395847	0.884295	5.991776
11196	-3781.486	-3927.519	146.0333	3.959045	0.171659	0.243189	0.0736907	0.511462	1.013249	5.229806
11202	-3777.719	-3923.876	146.1569	3.959045	0.339555	0.198662	0.106973	0.35481	0.9873491	5.17579
11208	-3780.72	-3928.385	147.6652	1.79452	0.240093	0.343946	0.165083	0.250879	1.077883	5.039735
11214	-3775.79	-3924.405	148.6154	1.79452	0.195082	0.200171	0.3665	0.238248	1.057076	4.520657
11220	-3791.14	-3938.617	147.4765	1.613387	0.283806	0.295503	0.221128	0.199563	0.9428079	5.300536
11226	-3787.665	-3934.273	146.6078	1.54706	0.11218	0.366316	0.274118	0.247386	0.8082886	5.882138
11232	-3783.425	-3929.025	145.5994	1.629823	0.0778653	0.484938	0.190907	0.24629	0.9656759	6.307801
11238	-3780.889	-3926.769	145.8801	1.899895	0.183376	0.337058	0.261871	0.217696	0.9100678	6.067768
11244	-3785.277	-3932.401	147.1237	1.952535	0.214168	0.28959	0.270976	0.225265	0.9124924	5.36286
11250	-3784.981	-3932.258	147.2774	1.711777	0.236723	0.160635	0.339178	0.263464	0.9834569	5.34324
11256	-3785.981	-3930.838	144.8572	2.38915	0.158618	0.266139	0.3392	0.236043	1.004003	6.380003
11262	-3784.432	-3931.504	147.072	1.829049	0.207227	0.152967	0.37727	0.262535	1.037428	5.375135
11268	-3787.726	-3933.622	145.8954	3.730692	0.129045	0.198169	0.349887	0.322899	0.9703941	5.394376
11274	-3795.172	-3939.69	144.5178	3.329449	0.113149	0.213148	0.395876	0.277827	0.920467	6.294093
11280	-3780.358	-3926.944	146.5859	1.113604	0.118851	0.357443	0.33512	0.188587	0.8565246	6.082474
11286	-3783.319	-3931.034	147.7146	1.113604	0.0621209	0.460755	0.348616	0.128508	1.067143	5.348544
11292	-3779.331	-3925.858	146.5273	1.811181	0.111167	0.328659	0.417591	0.142583	1.072557	5.663025
11298	-3791.112	-3936.72	145.608	2.642266	0.238103	0.110291	0.291728	0.359878	0.9227081	5.924233
11304	-3778.836	-3923.205	144.3694	2.160634	0.2597	0.197419	0.140265	0.402616	0.8369255	6.821034
11310	-3782.988	-3927.546	144.5581	1.841083	0.287598	0.0394211	0.299647	0.373334	0.8882743	6.821034
11316	-3795.765	-3942.553	146.7872	1.94357	0.327302	0.19018	0.123712	0.358805	0.9445878	5.53419
11322	-3786.586	-3933.458	146.8723	1.818087	0.22423	0.210176	0.319781	0.245813	0.9478364	5.539106
11328	-3779.971	-3926.539	146.5681	1.729341	0.241206	0.213353	0.252496	0.292945	0.9992511	5.716683
11334	-3779.819	-3925.838	146.0189	2.133955	0.188218	0.281951	0.282428	0.247403	0.8851529	5.910112
11340	-3780.568	-3926.666	146.098	2.992782	0.283159	0.193196	0.221482	0.302162	0.8802767	5.559768
11346	-3783.735	-3930.069	146.3344	2.468887	0.181647	0.28451	0.169253	0.364591	0.9756653	5.559768
11352	-3774.823	-3921.913	147.0892	1.575007	0.12106	0.29702	0.286921	0.294999	1.023075	5.487475
11358	-3786.139	-3932.768	146.6287	1.54967	0.128216	0.345727	0.182684	0.343374	0.9500687	5.79196
11364	-3783.106	-3928.688	145.5823	2.415683	0.182422	0.248599	0.166986	0.401993	1.008047	5.973465
11370	-3791.652	-3936.713	145.0606	2.806717	0.189654	0.212967	0.164381	0.432998	0.8706182	6.19415
11376	-3805.361	-3950.022	144.6614	3.004935	0.217595	0.241984	0.165968	0.374453	0.9430641	6.306007
11382	-3799.941	-3945.423	145.4818	2.996988	0.214552	0.235937	0.180294	0.369216	0.9520155	5.856758
11388	-3798.55	-3943.448	144.8985	2.629623	0.220108	0.256295	0.223699	0.299898	0.9649287	6.292067
11394	-3796.44	-3944.07	147.6304	1.635914	0.149332	0.351751	0.280236	0.21868	0.9844589	5.182091
11400	-3798.896	-3946.321	147.425	1.798185	0.217376	0.335833	0.242169	0.204622	1.025408	5.200277
11406	-3784.975	-3930.92	145.945	1.798185	0.13137	0.447665	0.178977	0.241988	0.9776935	6.038878
11412	-3788.093	-3934.227	146.1334	1.991095	0.107853	0.468809	0.127597	0.295741	0.9829503	5.851844
11418	-3771.941	-3918.476	146.5351	1.894623	0.148609	0.552713	0.0908302	0.207848	0.9328595	5.699602
11424	-3782.269	-3929.982	147.7135	1.297809	0.146302	0.306461	0.422586	0.124652	1.011611	5.284017
11430	-3777.677	-3924.4	146.7232	1.426282	0.106154	0.291008	0.472577	0.13026	0.9547314	5.796151
11436	-3779.199	-3927.761	148.5618	1.533287	0.0980376	0.442446	0.330372	0.129144	1.017529	4.693509
11442	-3788.172	-3936.133	147.9615	1.340887	0.12226	0.551761	0.164928	0.161052	0.9566583	5.155567
11448	-3801.633	-3949.294	147.6606	1.503921	0.129932	0.383952	0.258954	0.227162	1.020238	5.20728
11454	-3784.889	-3933.632	148.7426	1.608378	0.129932	0.383952	0.258954	0.227162	1.051982	4.537248
11460	-3790.319	-3938.684	148.3642	2.265302	0.128594	0.234523	0.354035	0.282849	1.155645	4.408781
11466	-3797.571	-3941.859	144.2876	2.265302	0.137752	0.180003	0.37925	0.302994	0.9346733	6.772196
11472	-3798.8	-3943.579	144.7794	1.550846	0.14554	0.266163	0.400692	0.187605	0.9050847	6.820314
11478	-3787.909	-3935.113	147.2039	1.0472	0.0813984	0.321753	0.401636	0.195212	0.9901315	5.707298
11484	-3781.772	-3928.785	147.0128	1.534542	0.131375	0.455142	0.100764	0.31272	0.9656339	5.579914
11490	-3774.336	-3919.9	145.5645	1.842714	0.179785	0.255126	0.248629	0.31646	0.9226996	6.256795
11496	-3784.047	-3930.605	146.5578	1.78226	0.227959	0.424035	0.082717	0.265289	0.8055621	5.805138
11502	-3780.826	-3928.962	148.136	1.737177	0.173067	0.461126	0.164398	0.201408	0.9824342	4.856436
11508	-3792.915	-3938.973	146.058	3.115208	0.311546	0.254216	0.0480781	0.386159	1.003302	5.474218
11514	-3782.172	-3928.711	146.5383	2.288063	0.131102	0.301245	0.228483	0.339169	1.05113	5.474218
11520	-3783.005	-3929.847	146.8427	1.895785	0.183232	0.284439	0.277436	0.254892	1.044806	5.468702
11526	-3777.771	-3922.364	144.5923	1.807295	0.155033	0.40787	0.0720795	0.365017	0.8962878	6.812594
11532	-3774.058	-3919.319	145.2609	1.807295	0.136635	0.515687	0.0189993	0.328679	0.8575516	6.472011
11538	-3771.261	-3917.275	146.0144	2.055413	0.077726	0.536547	0.0437525	0.341974	0.8667059	5.954086
11544	-3786.927	-3933.107	146.1804	1.748999	0.0765959	0.458572	0.150276	0.314556	0.9370287	5.954086
11550	-3778.846	-3925.054	146.2076	2.158003	0.115944	0.506562	0.100775	0.276719	0.9387073	5.768165
11556	-3787.539	-3933.588	146.049	2.530995	0.19386	0.41433	0.0758431	0.315967	1.036516	5.660371
11562	-3786.718	-3933.327	146.6091	1.990629	0.26312	0.169188	0.268746	0.298945	0.8572281	5.660371
11568	-3783.645	-3928.668	145.0226	1.65406	0.194392	0.31321	0.271539	0.220859	0.887576	6.651731
11574	-3777.444	-3923.092	145.6481	2.033327	0.24765	0.163346	0.307634	0.28137	0.8955502	6.146976
11580	-3797.418	-3944.805	147.3875	1.290595	0.125305	0.441202	0.156206	0.277288	0.9345177	5.509819
11586	-3790.849	-3937.418	146.569	2.050048	0.209446	0.402491	0.22236	0.165703	0.8753375	5.648087
11592	-3788.101	-3932.953	144.8517	1.642881	0.261709	0.259404	0.278193	0.200694	0.8697302	6.758731
11598	-3782.563	-3928.735	146.1714	1.912903	0.281317	0.180657	0.299037	0.238989	0.926577	5.894363
11604	-3790.398	-3936.265	145.8677	2.552747	0.266318	0.241952	0.171655	0.320075	0.9124743	5.819731
11610	-3789.94	-3936.458	146.518	2.907874	0.193483	0.337678	0.129496	0.339343	0.9968519	5.292523
11616	-3783.164	-3929.651	146.4869	1.382327	0.220136	0.384196	0.183187	0.212481	0.9417243	5.953692
11622	-3787.659	-3934.953	147.2939	1.510524	0.182695	0.335886	0.295656	0.185763	1.067437	5.380578
11628	-3793.167	-3940.694	147.5279	1.324025	0.0951915	0.369289	0.398563	0.136957	0.9313829	5.41743
11634	-3801.626	-3946.298	144.6724	1.784941	0.117927	0.199119	0.492104	0.19085	0.8632053	6.796811
11640	-3792.587	-3939.223	146.6366	1.239123	0.262099	0.171991	0.408051	0.157858	0.8362823	6.000854
11646	-3795.472	-3942.233	146.761	1.728658	0.261024	0.295111	0.286655	0.15721	1.164865	5.520233
11652	-3785.804	-3934.429	148.6255	1.783212	0.200197	0.177529	0.395246	0.227028	1.032566	4.533831
11658	-3771.263	-3917.546	146.2837	1.893656	0.161403	0.313542	0.117877	0.407178	0.9293533	5.839586
11664	-3783.274	-3928.159	144.8852	2.289786	0.246336	0.330897	0.0502745	0.372493	0.8671004	6.476262
11670	-3776.778	-3923.057	146.2785	2.289786	0.281609	0.309172	0.0611814	0.348037	0.8722015	5.714478
11676	-3781.926	-3926.267	144.3409	2.480647	0.18482	0.388967	0.0613856	0.364828	0.9205118	6.671291
11682	-3786.028	-3931.762	145.7344	1.296322	0.251142	0.338377	0.24748	0.163001	0.9549824	6.398228
11688	-3786.416	-3932.016	145.6002	1.484785	0.174152	0.338662	0.257568	0.229618	0.9140636	6.402151
11694	-3785.949	-3932.466	146.5169	1.264535	0.140345	0.410541	0.230066	0.219047	0.8583814	6.041189
11700	-3792.21	-3938.744	146.5334	1.393607	0.0734418	0.322003	0.340955	0.2636	1.035755	5.871446
11706	-3785.108	-3929.704	144.5966	1.875829	0.129704	0.283124	0.237373	0.349799	0.8327484	6.815626
11712	-3782.954	-3929.408	146.4538	1.867694	0.0922	0.399092	0.260053	0.248655	1.016075	5.709999
11718	-3786.436	-3931.671	145.2349	2.171596	0.0794397	0.482257	0.224062	0.214241	0.8835201	6.323128
11724	-3783.32	-3932.504	149.1836	1.911458	0.272744	0.334393	0.197408	0.195455	1.118737	4.112819
11730	-3787.784	-3931.548	143.7642	2.107183	0.202981	0.0616493	0.557908	0.177462	0.7386492	7.220628
11736	-3779.991	-3925.588	145.5973	3.403173	0.283548	0.086119	0.241396	0.388938	0.8846199	5.702295
11742	-3782.788	-3927.892	145.104	3.486578	0.285269	0.074971	0.248461	0.391299	0.9554054	5.908373
11748	-3779.855	-3926.055	146.1997	2.292876	0.229422	0.158999	0.199819	0.41176	0.977504	5.698786
11754	-3791.35	-3935.946	144.5958	3.522247	0.319089	0.14729	0.118483	0.415138	0.8599699	6.226698
11760	-3802.989	-3945.228	142.2398	4.313815	0.347096	0.047616	0.0972037	0.508085	0.7544838	7.338308
11766	-3800.37	-3944.665	144.2949	4.303281	0.381448	0.0291713	0.0596624	0.529719	0.8965585	6.154267
11772	-3790.662	-3935.061	144.3991	3.13407	0.19905	0.275836	0.0449049	0.48021	0.7965655	6.486359
11778	-3788.619	-3934.477	145.8585	2.083572	0.0591168	0.469833	0.167754	0.303297	0.9522752	5.981154
11784	-3786.452	-3932.745	146.293	1.402392	0.0690032	0.307183	0.425602	0.198212	0.9561791	6.041822
11790	-3777.979	-3923.983	146.0041	1.457854	0.0656208	0.339381	0.37601	0.218988	0.8569216	6.226545
11796	-3790.359	-3938.999	148.6405	0.9888219	0.073155	0.401167	0.444466	0.0812116	0.9196107	4.985712
11802	-3800.296	-3947.235	146.9391	1.874813	0.070756	0.473952	0.309611	0.14568	0.9763959	5.462229
11808	-3794.736	-3942.484	147.7476	1.840763	0.0567972	0.499106	0.323231	0.120866	0.9993566	5.017336
11814	-3791.65	-3938.011	146.3613	1.882453	0.120585	0.416349	0.170843	0.292224	0.9627246	5.783584
11820	-3794.197	-3941.934	147.7369	2.082012	0.0879809	0.47764	0.096909	0.337471	0.99457	4.924162
11826	-3790.126	-3935.876	145.7495	2.397428	0.124941	0.330604	0.26041	0.284045	0.8847481	5.95631
11832	-3786.26	-3931.475	145.215	1.672989	0.141618	0.296108	0.354294	0.207981	0.7891382	6.5925
11838	-3789.933	-3934.649	144.7164	2.789316	0.0892871	0.306054	0.386356	0.218304	0.8349887	6.40634
11844	-3796.947	-3943.531	146.5843	2.243146	0.185015	0.225578	0.242759	0.346648	0.9761189	5.507572
11850	-3783.68	-3927.815	144.135	1.70438	0.16052	0.302678	0.236048	0.300754	0.8505229	7.128048
11856	-3783.194	-3930.485	147.2915	1.70438	0.230355	0.0106996	0.53054	0.228406	0.8268788	5.425103
11862	-3782.881	-3929.768	146.8867	1.944692	0.260497	0.0331958	0.540681	0.165627	1.023153	5.435756
11868	-3793.213	-3938.197	144.9831	2.396118	0.1533	0.0610693	0.548603	0.237027	0.9179506	6.355769
11874	-3791.629	-3937.788	146.1589	1.942136	0.320058	0.0797273	0.382309	0.217906	0.9137765	5.895945
11880	-3797.424	-3941.558	144.1342	2.85518	0.289491	0.0391923	0.427598	0.243719	0.8050992	6.715484
11886	-3795.162	-3939.341	144.1784	1.747818	0.269353	0.109138	0.53716	0.0843492	0.7687619	7.129788
11892	-3795.146	-3941.612	146.4654	1.304388	0.254991	0.0315797	0.596565	0.116864	0.8130572	6.074006
11898	-3794.132	-3939.507	145.3757	1.327969	0.259188	0.0320995	0.606385	0.102327	0.8820826	6.616378
11904	-3792.718	-3938.381	145.6628	1.254099	0.28843	0.0532259	0.528499	0.129845	0.7645719	6.561288
11910	-3799	-3945.176	146.1762	1.655776	0.269649	0.0497601	0.494086	0.186505	0.9653114	5.982311
11916	-3794.095	-3937.825	143.7304	2.370058	0.276857	0.147827	0.328544	0.246772	0.8039521	7.103648
11922	-3790.143	-3935.493	145.3499	2.370058	0.246131	0.131421	0.34262	0.279827	1.081063	6.077351
11928	-3781.563	-3929.72	148.1575	1.876717	0.205611	0.297815	0.30572	0.190853	1.016718	4.763755
11934	-3778.225	-3925.134	146.9093	1.479542	0.0968399	0.390237	0.262843	0.250081	0.8753472	5.712172
11940	-3779.66	-3926.679	147.0187	0.9943014	0.0312326	0.547245	0.368595	0.0529268	0.8714461	5.902354
11946	-3781.33	-3927.322	145.9923	0.6790516	0.034935	0.456504	0.474846	0.0337142	0.8543392	6.647012
11952	-3783.886	-3930.691	146.805	0.9036645	0.108931	0.345974	0.512174	0.0329222	0.7568228	6.131466
11958	-3782.955	-3928.109	145.1546	1.381308	0.123011	0.25417	0.543735	0.0790837	0.843183	6.730905
11964	-3785.859	-3931.878	146.0191	1.230367	0.162302	0.222956	0.436279	0.178464	0.9841723	6.260946
11970	-3797.755	-3943.667	145.9126	1.5608	0.2884	0.107324	0.470822	0.133454	0.8550944	6.229148
11976	-3799.408	-3946.148	146.7405	1.625615	0.236401	0.1753	0.315779	0.27252	0.9870166	5.675477
11982	-3796.383	-3940.598	144.2153	2.542436	0.207322	0.209018	0.40608	0.17758	1.002277	6.672826
11988	-3791.678	-3940.227	148.5488	1.277988	0.0747332	0.261855	0.451472	0.211939	0.9912155	4.842001
11994	-3791.305	-3939.186	147.8817	1.410319	0.0530326	0.486221	0.177088	0.283658	0.9161246	5.187827
12000	-3780.818	-3927.263	146.4441	2.336465	0.096249	0.45868	0.104611	0.34046	0.8349857	5.626289
12006	-3781.586	-3928.269	146.683	1.8589	0.0938118	0.447065	0.127284	0.331839	0.9463961	5.626289
12012	-3784.082	-3930.615	146.5338	1.954377	0.0938118	0.447065	0.127284	0.331839	0.8144836	5.740116
12018	-3791.448	-3938.534	147.0857	1.316613	0.129828	0.510403	0.14626	0.213508	0.799665	5.736376
12024	-3790.298	-3938.412	148.1143	1.551105	0.0308766	0.621935	0.0870254	0.260163	1.013721	4.936829
12030	-3805.284	-3951.966	146.682	1.346567	0.194123	0.208467	0.419764	0.177646	1.002347	5.831519
12036	-3798.231	-3945.431	147.2004	1.616268	0.13713	0.22321	0.449451	0.190209	1.004636	5.417331
12042	-3794.144	-3939.655	145.5105	1.903034	0.132107	0.294342	0.281148	0.292403	0.924044	6.259991
12048	-3796.818	-3941.247	144.4291	2.012972	0.127256	0.318701	0.268995	0.285048	0.8320693	6.849966
12054	-3800.088	-3945.787	145.6991	1.637401	0.187777	0.454338	0.153503	0.204382	0.8001221	6.340118
12060	-3799.399	-3946.236	146.8374	1.698593	0.138984	0.434821	0.222904	0.203291	0.8931434	5.640908
12066	-3800.933	-3947.547	146.614	1.972472	0.142202	0.444889	0.118063	0.294846	0.9015025	5.640908
12072	-3807.235	-3951.307	144.0723	2.60321	0.194261	0.427447	0.189145	0.189148	0.8978089	6.785028
12078	-3809.483	-3954.1	144.617	1.954741	0.230358	0.207246	0.336335	0.22606	1.014763	6.67359
12084	-3796.719	-3943.001	146.2822	1.238738	0.177858	0.32687	0.290172	0.205099	0.9093988	6.154293
12090	-3802.333	-3947.468	145.1349	2.506888	0.170453	0.270026	0.23971	0.319811	1.036462	6.168378
12096	-3783.057	-3926.395	143.338	1.688955	0.200147	0.285722	0.225506	0.288626	0.9393741	7.514804
12102	-3792.475	-3939.559	147.0836	1.688955	0.139507	0.203257	0.488205	0.16903	1.088705	5.402344
12108	-3784.39	-3929.921	145.5306	1.401419	0.146653	0.213668	0.396505	0.243174	0.9651336	6.451844
12114	-3782.129	-3926.704	144.5754	1.616355	0.146653	0.213668	0.396505	0.243174	0.9213936	6.891822
12120	-3783.271	-3928.801	145.5295	1.724977	0.190305	0.131115	0.520734	0.157845	0.8444669	6.369171
12126	-3792.086	-3938.055	145.9686	1.65302	0.144446	0.158023	0.473677	0.223853	0.8995284	6.132553
12132	-3786.462	-3932.051	145.5897	2.543696	0.188998	0.261067	0.180112	0.369822	1.110661	5.866666
12138	-3784.121	-3929.843	145.7219	2.634978	0.160115	0.22117	0.31352	0.305195	0.9386076	5.855893
12144	-3779.635	-3924.699	145.0646	2.260504	0.16175	0.313033	0.151409	0.373808	0.942357	6.349311
12150	-3781.32	-3927.449	146.1288	2.382604	0.263604	0.249474	0.140369	0.346552	0.9246479	5.732593
12156	-3777.595	-3926.225	148.6296	1.84142	0.262293	0.284262	0.190833	0.262612	1.124315	4.454053
12162	-3789.397	-3935.895	146.4981	2.601113	0.150162	0.249197	0.187077	0.413564	1.124315	5.339792
12168	-3779.497	-3927.088	147.5908	1.643366	0.226931	0.241984	0.274283	0.256802	1.072988	5.15154
12174	-3785.716	-3931.8	146.0839	1.039114	0.121144	0.35855	0.4234	0.096906	0.9340844	6.352898
12180	-3778.641	-3924.762	146.1206	1.553648	0.202218	0.233423	0.459248	0.105111	0.9130493	6.087726
12186	-3780.468	-3926.38	145.9123	1.297352	0.139449	0.332592	0.404417	0.123542	0.8927092	6.334956
12192	-3796.197	-3940.953	144.7562	1.773519	0.121293	0.450171	0.19683	0.231707	0.9706507	6.69842
12198	-3789.641	-3935.108	145.4673	1.860913	0.111266	0.279243	0.304287	0.305204	0.8478713	6.342524
12204	-3781.87	-3926.61	144.7398	2.823635	0.139817	0.448314	0.0467332	0.365136	0.9077903	6.342524
12210	-3780.257	-3925.504	145.2473	2.553082	0.185273	0.274601	0.0562809	0.483845	0.9444155	6.140733
12216	-3786.456	-3931.242	144.7853	2.081045	0.160266	0.237536	0.236781	0.365417	1.047769	6.513537
12222	-3786.298	-3932.318	146.02	2.235316	0.315907	0.194171	0.182847	0.307075	1.014698	5.798956
12228	-3772.779	-3917.652	144.8731	2.218207	0.199335	0.301186	0.137873	0.361605	0.8827013	6.501662
12234	-3784.304	-3928.085	143.7804	2.849763	0.227523	0.31155	0.0868802	0.374047	0.8081323	6.906579
12240	-3788.015	-3935.092	147.077	1.611974	0.182421	0.383387	0.134291	0.2999	0.8574084	5.568184
12246	-3791.012	-3938.149	147.1369	1.8472	0.231256	0.352436	0.0514815	0.364826	1.001649	5.351207
12252	-3803.043	-3949.716	146.6734	1.905203	0.172261	0.535549	0.0989128	0.193277	0.9409311	5.614843
12258	-3809.964	-3954.809	144.845	1.457291	0.130044	0.574617	0.101844	0.193495	0.8833216	6.84013
12264	-3793.916	-3941.461	147.5455	1.516388	0.0755525	0.524523	0.172058	0.227867	0.9511507	5.303124
12270	-3791.999	-3938.024	146.0256	2.381856	0.252584	0.265278	0.207428	0.274711	0.971133	5.763934
12276	-3791.388	-3936.899	145.5107	1.904116	0.154606	0.567699	0.109545	0.16815	0.8178041	6.317101
12282	-3781.997	-3928.278	146.2804	1.251284	0.0902284	0.518761	0.183962	0.207049	0.8040928	6.206217
12288	-3783.993	-3931.858	147.865	1.312254	0.123264	0.47094	0.220234	0.185561	1.087591	5.150944
12294	-3789.012	-3937.507	148.495	1.181684	0.0872373	0.333298	0.424417	0.155048	1.028437	4.901381
12300	-3798.918	-3948.405	149.4877	1.181684	0.167759	0.190615	0.433245	0.208381	1.152396	4.274666
12306	-3798.525	-3947.21	148.6843	1.160324	0.0759504	0.239689	0.460142	0.224219	1.136497	4.746876
12312	-3795.855	-3944.315	148.46	1.529929	0.120061	0.327205	0.198292	0.354442	1.026782	4.746876
12318	-3797.405	-3943.961	146.5554	2.182612	0.114146	0.385456	0.233594	0.266804	0.8992115	5.589414
12324	-3801.427	-3946.865	145.4383	1.363943	0.15224	0.343433	0.22915	0.275177	0.9137767	6.547784
12330	-3794.642	-3939.804	145.1619	1.363943	0.162797	0.255869	0.407781	0.173553	0.8605913	6.725993
12336	-3795.545	-3940.378	144.8325	1.571703	0.275952	0.0724109	0.457095	0.194542	0.6977503	6.893953
12342	-3792.515	-3937.37	144.8555	1.419091	0.292218	0.0766791	0.425094	0.206009	0.8066077	6.893953
12348	-3792.246	-3936.163	143.9177	1.61118	0.256119	0.204698	0.359839	0.179344	0.8161202	7.304548
12354	-3792.422	-3939.182	146.7605	1.61118	0.209169	0.225467	0.218379	0.346984	0.8603791	5.740546
12360	-3796.718	-3941.718	145.0001	1.633126	0.144459	0.338066	0.325961	0.191513	0.9472913	6.640984
12366	-3790.009	-3934.093	144.0847	1.288034	0.107764	0.4737	0.239791	0.178744	0.8675123	7.339245
12372	-3789.318	-3935.916	146.5978	1.307699	0.105934	0.357251	0.310135	0.226681	0.8167861	5.998141
12378	-3782.348	-3928.455	146.1077	1.67351	0.131915	0.228506	0.386198	0.253382	0.9351656	6.028195
12384	-3784.891	-3930.609	145.7178	1.479514	0.138625	0.189261	0.405843	0.266271	0.8615524	6.369321
12390	-3781.659	-3928.622	146.9626	2.607706	0.127675	0.339918	0.20156	0.330846	1.011995	5.142753
12396	-3789.362	-3936.543	147.1808	2.440161	0.0961622	0.449391	0.0968803	0.357566	1.011995	5.083282
12402	-3791.507	-3938.838	147.3305	2.083598	0.0964618	0.450792	0.115517	0.337229	0.8356067	5.237016
12408	-3785.541	-3930.89	145.3491	1.378053	0.0597633	0.547593	0.0924472	0.300196	0.8034079	6.648907
12414	-3790.176	-3935.831	145.6547	1.486286	0.0829975	0.421057	0.196228	0.299718	0.8539261	6.404483
12420	-3792.552	-3937.905	145.3529	1.630566	0.218073	0.405711	0.167609	0.208607	0.7201563	6.574143
12426	-3798.129	-3941.861	143.7325	3.11132	0.154847	0.288082	0.0876224	0.469449	0.6762206	6.918725
12432	-3790.33	-3935.852	145.5215	2.688114	0.10404	0.422671	0.128559	0.34473	0.8767558	5.980444
12438	-3791.83	-3937.734	145.9046	2.072168	0.160431	0.294623	0.142728	0.402218	0.9158591	5.980444
12444	-3783.256	-3928.488	145.2315	1.77063	0.225371	0.422	0.146622	0.206007	0.9158591	6.472157
12450	-3794.658	-3940.063	145.4051	1.8064	0.0792078	0.264396	0.423576	0.23282	0.9667021	6.335005
12456	-3796.084	-3941.671	145.5865	1.8064	0.100989	0.433076	0.138557	0.327378	0.8248688	6.313534
12462	-3788.454	-3933.856	145.4018	1.961407	0.117552	0.43798	0.121642	0.322826	0.8895126	6.313534
12468	-3782.671	-3929	146.3294	1.812299	0.164781	0.405557	0.137557	0.292105	0.9224139	5.853124
12474	-3775.679	-3923.029	147.3504	1.806795	0.164892	0.393928	0.181611	0.259569	1.116851	5.187207
12480	-3779.777	-3927.897	148.1196	2.065891	0.201787	0.270049	0.210516	0.317648	1.080083	4.669427
12486	-3782.966	-3928.694	145.7286	2.472725	0.21477	0.256215	0.170847	0.358168	1.040245	5.854972
12492	-3783.29	-3929.145	145.8546	3.256143	0.118828	0.365388	0.180967	0.334818	1.06292	5.508553
12498	-3788.274	-3933.913	145.6394	1.59759	0.140628	0.283553	0.287432	0.288387	0.8339041	6.372206
12504	-3780.885	-3926.022	145.137	1.465378	0.115616	0.27253	0.374758	0.237095	0.9626071	6.635824
12510	-3794.718	-3941.345	146.6267	1.465378	0.139178	0.245559	0.337671	0.277592	0.9205386	5.848888
12516	-3779.221	-3924.077	144.856	1.29801	0.116869	0.325868	0.357261	0.200002	0.8971388	6.903606
12522	-3774.499	-3921.071	146.5725	1.139303	0.103131	0.319647	0.416141	0.161081	0.8816843	6.062555
12528	-3777.526	-3924.499	146.9728	1.390876	0.142937	0.443025	0.166946	0.247092	0.9017653	5.705631
12534	-3777.734	-3922.734	144.9999	1.962863	0.100022	0.299443	0.37912	0.221415	0.8752781	6.538561
12540	-3786.27	-3933.152	146.8829	1.671837	0.101612	0.27276	0.343178	0.28245	1.060979	5.53576
12546	-3778.536	-3924.816	146.2792	2.231807	0.163801	0.291385	0.236831	0.307983	0.9605501	5.688039
12552	-3782.831	-3929.736	146.9055	2.016028	0.174511	0.310437	0.27034	0.244712	1.085099	5.361576
12558	-3776.333	-3923.234	146.9009	2.219158	0.243778	0.140607	0.273772	0.341843	1.138422	5.252944
12564	-3785.805	-3934.992	149.1873	1.465292	0.170556	0.283418	0.219188	0.326838	1.157726	4.295711
12570	-3790.054	-3938.216	148.1619	1.272534	0.150734	0.249655	0.412005	0.187607	1.154037	4.969542
12576	-3790.933	-3938.731	147.7974	1.999611	0.20906	0.101651	0.429088	0.260202	1.213372	4.802596
12582	-3787.984	-3937.113	149.1286	2.366515	0.243773	0.0983511	0.416382	0.241494	1.294019	3.855158
12588	-3792.182	-3941.884	149.7027	1.698556	0.214112	0.17379	0.365719	0.246379	1.186348	3.873729
12594	-3788.135	-3935.937	147.8012	2.912231	0.260867	0.203077	0.345747	0.190309	1.186348	4.470422
12600	-3786.918	-3934.024	147.1061	2.020919	0.293413	0.145289	0.366291	0.195007	1.097206	5.24213
12606	-3796.051	-3943.487	147.4363	2.020919	0.298515	0.018172	0.495129	0.188185	1.092006	5.062204
12612	-3791.03	-3937.062	146.0323	2.251019	0.199676	0.0142966	0.525023	0.261005	0.9589725	5.816687
12618	-3791.551	-3937.505	145.9534	2.580371	0.188576	0.0551298	0.505014	0.25128	0.9528429	5.740805
12624	-3790.604	-3937.784	147.1802	2.580371	0.355872	0.0347709	0.406897	0.20246	1.028262	5.022943
12630	-3790.256	-3936.757	146.501	2.239329	0.254669	0.0716799	0.431353	0.242298	1.028262	5.526207
12636	-3799.135	-3943.706	144.5702	1.689626	0.219107	0.15953	0.330452	0.290911	0.9042948	6.871195
12642	-3787.439	-3933.198	145.7595	1.689626	0.181225	0.163784	0.339262	0.315729	0.8715634	6.245164
12648	-3783.918	-3928.044	144.1257	2.266963	0.165606	0.41282	0.171735	0.24984	0.804073	6.929341
12654	-3780.99	-3927.214	146.224	1.458604	0.157192	0.165952	0.475435	0.20142	0.9521029	6.054717
12660	-3787.574	-3933.703	146.1291	1.182067	0.142985	0.190026	0.481332	0.185657	0.799555	6.326183
12666	-3790.313	-3936.627	146.3141	1.339662	0.125196	0.313065	0.450539	0.1112	0.8596263	6.113594
12672	-3787.164	-3933.192	146.0277	1.339662	0.118117	0.29212	0.425062	0.164701	0.887629	6.254142
12678	-3787.698	-3933.165	145.4663	1.42598	0.118771	0.17394	0.516615	0.190674	0.868623	6.527158
12684	-3790.6	-3937.607	147.0078	1.270347	0.186143	0.128731	0.530798	0.154328	0.9652718	5.711559
12690	-3789.429	-3936.019	146.5902	1.90826	0.263703	0.0709482	0.516432	0.148916	0.9267416	5.666997
12696	-3782.752	-3931.033	148.2812	1.638341	0.171057	0.214822	0.516155	0.0979659	1.023648	4.797535
12702	-3789.812	-3936.198	146.3865	2.060593	0.332537	0.145719	0.41154	0.110204	0.9375119	5.709761
12708	-3796.324	-3941.214	144.89	1.789555	0.157984	0.400862	0.0776231	0.363531	0.830142	6.695187
12714	-3779.296	-3924.264	144.9687	1.811381	0.121293	0.495654	0.0595957	0.323457	0.8653972	6.624198
12720	-3779.703	-3925.687	145.9841	2.024446	0.126	0.476085	0.061908	0.336007	0.9827611	5.919824
12726	-3786.499	-3932.31	145.8115	1.72102	0.188552	0.288632	0.361799	0.161017	0.8079015	6.237646
12732	-3791.11	-3937.55	146.4401	1.349761	0.222534	0.181322	0.406108	0.190036	1.030534	5.946716
12738	-3789.786	-3936.997	147.2111	1.895966	0.23511	0.0437259	0.497105	0.224059	1.130033	5.218388
12744	-3774.841	-3920.48	145.6391	2.286872	0.241342	0.154895	0.289234	0.31453	0.8706829	6.065801
12750	-3775.048	-3920.752	145.7035	2.069386	0.232688	0.238826	0.304368	0.224118	0.9492033	6.073
12756	-3782.832	-3928.627	145.7956	1.887885	0.216022	0.244013	0.310979	0.228986	1.047734	6.043887
12762	-3782.343	-3928.983	146.6402	1.607216	0.242757	0.186766	0.313152	0.257325	1.069618	5.693583
12768	-3792.834	-3940.597	147.7631	1.709672	0.306533	0.120443	0.409755	0.163269	1.118079	5.000823
12774	-3792.778	-3941.027	148.2491	1.100975	0.0974619	0.133072	0.663029	0.106437	0.9354296	5.132624
12780	-3788.131	-3935.916	147.7853	0.9384524	0.120124	0.179109	0.647421	0.0533465	0.9111666	5.491281
12786	-3791.648	-3938.162	146.5134	0.930834	0.139352	0.209828	0.490982	0.159837	0.888396	6.203441
12792	-3796.752	-3942.548	145.7962	1.70388	0.0542417	0.327966	0.290131	0.327661	0.8999446	6.203441
12798	-3793.282	-3939.078	145.7962	1.70388	0.202141	0.292155	0.297572	0.208132	0.8999446	6.203441
12804	-3784.785	-3928.62	143.8348	1.855282	0.201108	0.272523	0.3193	0.207069	0.8520741	7.223952
12810	-3790.108	-3934.761	144.653	2.43357	0.11688	0.254158	0.388334	0.240628	1.0867	6.429517
12816	-3790.657	-3934.155	143.4987	1.771413	0.226377	0.183481	0.339301	0.250841	0.6983177	7.522207
12822	-3795.861	-3939.113	143.2516	1.383987	0.213733	0.134841	0.467081	0.184345	0.8320621	7.757757
12828	-3787.795	-3931.439	143.6433	1.396937	0.241037	0.172982	0.526749	0.0592321	0.8320621	7.542083
12834	-3779.065	-3924.472	145.4063	1.52433	0.0741074	0.403838	0.351563	0.170492	0.7429572	6.581425
12840	-3785.238	-3931.381	146.1435	1.111288	0.0355856	0.442269	0.423281	0.0988642	0.9175296	6.291173
12846	-3794.212	-3941.106	146.8936	1.366128	0.0394512	0.372656	0.478289	0.109604	0.8464286	5.791412
12852	-3795.345	-3942.458	147.113	1.912923	0.102543	0.457282	0.305682	0.134493	0.9991233	5.337705
12858	-3798.963	-3944.694	145.7308	2.836736	0.215571	0.40208	0.164683	0.217665	0.9462296	5.777093
12864	-3791.37	-3937.604	146.2347	1.758004	0.185106	0.345257	0.287659	0.181978	1.061177	5.852666
12870	-3796.268	-3942.307	146.0394	1.497367	0.179756	0.320568	0.278652	0.221024	0.8963207	6.167271
12876	-3795.935	-3941.65	145.7145	1.574939	0.196407	0.424835	0.208072	0.170686	0.8963207	6.307893
12882	-3789.624	-3934.245	144.6204	2.351117	0.137885	0.395069	0.191526	0.27552	0.9015909	6.577889
12888	-3794.507	-3938.951	144.4441	1.874832	0.137885	0.395069	0.191526	0.27552	0.8276476	6.901001
12894	-3781.369	-3925.74	144.3715	1.624276	0.15953	0.367222	0.248235	0.225012	0.8324692	7.045981
12900	-3786.893	-3932.418	145.5244	1.608315	0.169332	0.389784	0.263487	0.177398	0.7471712	6.476692
12906	-3795.994	-3941.335	145.3409	1.834928	0.252865	0.239427	0.293368	0.214341	0.7471712	6.476692
12912	-3799.118	-3943.653	144.5354	2.510166	0.177286	0.188703	0.421764	0.212246	0.9236094	6.553796
12918	-3790.371	-3935.314	144.9428	2.060806	0.299355	0.247086	0.175647	0.277912	0.9187362	6.506236
12924	-3778.667	-3924.25	145.5828	2.629235	0.274582	0.226638	0.183796	0.314985	0.911559	5.948684
12930	-3777.946	-3922.594	144.6477	2.778065	0.278924	0.230222	0.186702	0.304152	0.7909111	6.471285
12936	-3790.006	-3934.578	144.572	2.778065	0.192339	0.276953	0.385236	0.145472	0.8666346	6.471285
12942	-3788.234	-3934.15	145.9167	1.727213	0.210639	0.130834	0.409883	0.248645	0.969089	6.089952
12948	-3782.303	-3928.855	146.5523	1.595127	0.229346	0.0907002	0.423219	0.256735	1.072941	5.745495
12954	-3792.004	-3938.736	146.7319	1.85603	0.148013	0.460538	0.191108	0.200341	1.02182	5.559277
12960	-3788.408	-3935.551	147.1435	2.356548	0.191724	0.327399	0.246923	0.233953	1.070335	5.103221
12966	-3786.46	-3932.784	146.3242	2.096968	0.214329	0.285122	0.257025	0.243524	1.039675	5.673276
12972	-3799.952	-3946.621	146.6691	2.774152	0.218147	0.348197	0.185795	0.247862	0.9437106	5.284065
12978	-3797.96	-3945.497	147.5367	1.651368	0.153667	0.401307	0.178597	0.266429	0.977651	5.230595
12984	-3792.345	-3938.79	146.4447	2.157839	0.18122	0.324173	0.259289	0.235318	0.9769695	5.617284
12990	-3787.943	-3933.481	145.538	2.157839	0.0841409	0.335177	0.350313	0.230369	0.9604646	6.121858
12996	-3780.91	-3928.355	147.4444	1.352574	0.0892657	0.451732	0.29165	0.167352	0.9613267	5.432695
13002	-3796.746	-3943.149	146.4037	1.656803	0.182316	0.389861	0.234864	0.192959	0.9765344	5.851508
13008	-3796.714	-3943.558	146.8443	1.505658	0.251654	0.125361	0.549563	0.0734223	1.000851	5.666646
13014	-3785.327	-3930.977	145.6503	2.268971	0.147465	0.176932	0.501703	0.173901	1.057881	5.964461
13020	-3788.833	-3934.92	146.087	1.815608	0.342444	0.19769	0.235628	0.224238	0.9635335	5.961618
13026	-3781.744	-3928.142	146.3982	1.461834	0.213167	0.121174	0.509963	0.155697	0.8958587	5.988811
13032	-3782.942	-3929.526	146.5849	1.59268	0.267134	0.112863	0.474985	0.145018	1.08801	5.7205
13038	-3777.571	-3924.182	146.6111	1.695815	0.180677	0.277494	0.412152	0.129676	1.026185	5.693286
13044	-3777.424	-3924.082	146.6583	1.695815	0.212247	0.153588	0.429819	0.204346	0.9789541	5.693286
13050	-3777.748	-3923.99	146.2427	2.123389	0.159278	0.324816	0.0817351	0.43417	1.069752	5.690887
13056	-3780.264	-3926.626	146.3617	2.794597	0.155812	0.326628	0.0809696	0.436591	0.9828814	5.424943
13062	-3784.341	-3932.251	147.9103	1.938139	0.242184	0.319799	0.20022	0.237797	1.080839	4.839528
13068	-3777.049	-3924.958	147.909	1.341763	0.272633	0.128665	0.49252	0.106182	1.080839	5.11545
13074	-3781.72	-3928.714	146.9935	2.79426	0.342349	0.100263	0.208177	0.34921	1.029258	5.050139
13080	-3776.214	-3923.567	147.3531	1.947375	0.276563	0.0809962	0.360335	0.282106	1.012005	5.183362
13086	-3776.254	-3924.389	148.1342	1.866958	0.207658	0.0882589	0.384291	0.319792	1.197051	4.680163
13092	-3779.169	-3925.961	146.7921	2.035765	0.211054	0.188884	0.454622	0.145439	1.054603	5.432788
13098	-3782.839	-3927.017	144.1778	2.3433	0.230602	0.0481518	0.475013	0.246233	0.8043396	6.87242
13104	-3780.926	-3928.713	147.7873	2.408736	0.283072	0.0241183	0.468748	0.224062	1.094301	4.711561
13110	-3788.1	-3936.237	148.1374	1.47972	0.193142	0.274523	0.375533	0.156802	0.9885768	4.972057
13116	-3780.549	-3927.488	146.9388	2.569375	0.208143	0.218175	0.404701	0.168981	1.041224	5.153562
13122	-3790.06	-3935.994	145.9346	2.153179	0.164773	0.236812	0.439272	0.159143	1.055904	5.855281
13128	-3790.556	-3937.762	147.2058	1.634239	0.176211	0.26659	0.341866	0.215332	0.9435396	5.439805
13134	-3789.109	-3934.652	145.5424	3.002524	0.248745	0.239185	0.217154	0.294916	0.9524245	5.821544
13140	-3791.611	-3935.678	144.0669	3.261296	0.145179	0.397232	0.19405	0.263539	0.8292253	6.608828
13146	-3786.362	-3932.508	146.1464	1.974533	0.147397	0.144097	0.423814	0.284692	0.7616941	5.972405
13152	-3780.138	-3926.544	146.4061	1.583633	0.110052	0.106292	0.497994	0.285661	0.9698884	5.887099
13158	-3772.681	-3918.534	145.8522	1.583633	0.110782	0.427083	0.264863	0.197272	0.938128	6.206338
13164	-3776.039	-3921.892	145.8522	1.583633	0.121215	0.222676	0.440259	0.21585	0.938128	6.206338
13170	-3766.628	-3912.459	145.8315	1.583633	0.157474	0.150158	0.524279	0.168088	0.938128	6.217607
13176	-3772.525	-3917.916	145.3907	1.863331	0.205046	0.157558	0.343255	0.294141	0.977122	6.312913
13182	-3781.682	-3927.179	145.4975	1.524667	0.199723	0.289713	0.231373	0.279191	0.9561763	6.416362
13188	-3770.672	-3916.996	146.3239	2.798593	0.269939	0.234979	0.159441	0.335642	0.9973775	5.436386
13194	-3780.382	-3927.25	146.8681	1.544289	0.207786	0.119389	0.463624	0.209201	0.9947411	5.638789
13200	-3784.608	-3933.762	149.1541	1.544289	0.132251	0.378891	0.265423	0.223434	1.05384	4.334771
13206	-3792.139	-3940.176	148.0375	2.512615	0.164513	0.173237	0.348377	0.313873	1.149257	4.50124
13212	-3783.541	-3929.516	145.9753	1.695994	0.11591	0.374321	0.303058	0.206711	0.8653073	6.12833
13218	-3782.653	-3928.414	145.7615	1.695994	0.170325	0.139027	0.445334	0.245314	0.8048584	6.277507
13224	-3793.984	-3938.357	144.3728	2.729429	0.353731	0.153044	0.223176	0.270049	0.9013099	6.576959
13230	-3795.052	-3940.57	145.5181	2.59882	0.348556	0.113566	0.177048	0.36083	0.9313753	5.983938
13236	-3792.738	-3939.023	146.2849	1.869106	0.346961	0.209113	0.211597	0.232329	1.142688	5.732562
13242	-3777.985	-3925.749	147.7637	1.670735	0.149904	0.290648	0.361598	0.197851	1.123407	5.015237
13248	-3795.389	-3942.825	147.4357	2.72327	0.253058	0.298904	0.172224	0.275814	1.079476	4.800965
13254	-3785.974	-3931.976	146.0025	2.273955	0.151063	0.316235	0.204769	0.327934	0.9484854	5.829896
13260	-3775.276	-3921.291	146.0156	1.510673	0.109967	0.490379	0.167355	0.232298	0.8708673	6.187817
13266	-3783.634	-3931.459	147.8249	2.036253	0.0718128	0.461087	0.239908	0.227192	0.8922775	4.950915
13272	-3782.731	-3929.299	146.5676	1.745382	0.0489709	0.452901	0.166345	0.331784	0.9502778	5.736713
13278	-3790.351	-3935.604	145.2533	2.528639	0.0786309	0.448186	0.154892	0.318291	0.9502778	6.143021
13284	-3792.789	-3937.802	145.0131	2.742181	0.177821	0.449638	0.130705	0.241836	0.8147126	6.272353
13290	-3794.538	-3939.497	144.9589	3.07042	0.102673	0.44062	0.163848	0.292858	0.8539869	6.171542
13296	-3793.444	-3938.687	145.2423	2.015005	0.119543	0.343679	0.171982	0.364796	0.9105446	6.366786
13302	-3786.36	-3932.303	145.9423	2.019987	0.168304	0.363085	0.191239	0.277372	0.9853927	5.943032
13308	-3784.553	-3929.942	145.389	2.110665	0.213512	0.0917567	0.446204	0.248528	0.8854605	6.262352
13314	-3777.628	-3922.859	145.2314	1.984274	0.285997	0.122907	0.258194	0.332901	0.9482573	6.364774
13320	-3777.262	-3921.034	143.7719	2.089919	0.127423	0.426016	0.158499	0.288062	0.9412985	7.114356
13326	-3785.715	-3930.149	144.4344	1.687787	0.179595	0.25264	0.213252	0.354513	0.7652074	7.020138
13332	-3781.864	-3926.939	145.0745	2.331164	0.213259	0.394969	0.102915	0.288857	0.8546238	6.364745
13338	-3787.241	-3933.186	145.9452	2.39515	0.202386	0.25223	0.219155	0.326228	0.8676195	5.859584
13344	-3780.298	-3925.997	145.6985	3.076505	0.183971	0.30989	0.199215	0.306924	0.8911263	5.745602
13350	-3781.636	-3926.919	145.2824	2.300475	0.151675	0.281372	0.223152	0.343802	0.8911263	6.243618
13356	-3778.675	-3923.873	145.1985	1.592449	0.119733	0.43017	0.173326	0.276772	0.7641916	6.651094
13362	-3786.996	-3932.274	145.2782	1.596306	0.103753	0.380368	0.226439	0.28944	0.8665717	6.550833
13368	-3782.871	-3926.432	143.5603	2.295922	0.204009	0.350257	0.117868	0.327866	0.8380265	7.204363
13374	-3787.245	-3932.134	144.8889	2.026565	0.212113	0.364051	0.112077	0.311758	0.8337181	6.595191
13380	-3806.459	-3951.761	145.3024	1.716845	0.188932	0.215859	0.428859	0.16635	0.8499231	6.49292
13386	-3798.483	-3944.517	146.0342	1.860047	0.23994	0.0705419	0.382296	0.307223	0.9577503	5.974614
13392	-3805.487	-3952.891	147.4038	2.239821	0.354913	0.0952395	0.378444	0.171403	1.029083	5.026873
13398	-3808.589	-3955.829	147.2403	2.123373	0.179453	0.105244	0.471426	0.243877	0.8760257	5.248471
13404	-3801.734	-3947.076	145.3416	2.741398	0.298383	0.163888	0.245119	0.29261	1.013383	5.985634
13410	-3815.702	-3959.518	143.8157	1.558642	0.134721	0.188755	0.519881	0.156643	0.7800628	7.402291
13416	-3796.837	-3941.47	144.6336	1.552657	0.20893	0.127727	0.420414	0.242929	0.7696486	6.971093
13422	-3810.179	-3954.766	144.587	1.549482	0.224043	0.311596	0.203861	0.2605	1.015927	6.864914
13428	-3799.179	-3945.861	146.6828	2.360576	0.228732	0.289572	0.0923734	0.389323	1.032102	5.377455
13434	-3803.979	-3950.459	146.4801	1.697927	0.16566	0.495799	0.0529457	0.285596	0.8347712	5.868821
13440	-3794.426	-3939.506	145.0797	2.22584	0.0519424	0.548955	0.00474789	0.394354	0.8739629	6.391483
13446	-3791.601	-3935.49	143.8888	2.20572	0.0829504	0.586316	0.00507102	0.325662	0.8239504	7.069516
13452	-3796.528	-3940.799	144.2706	1.632492	0.120614	0.595814	0.0294537	0.254118	0.8828134	7.069516
13458	-3799.362	-3946.38	147.0171	1.475295	0.0607751	0.466315	0.124695	0.348214	0.9319387	5.624078
13464	-3791.731	-3937.956	146.2244	2.112909	0.0645477	0.495262	0.0703611	0.369829	0.9162349	5.789165
13470	-3790.328	-3936.065	145.7362	2.112909	0.069034	0.463496	0.0658481	0.401622	0.9905433	6.015263
13476	-3782.629	-3926.292	143.6633	3.000527	0.051484	0.458827	0.0689779	0.420711	0.9506046	6.843509
13482	-3773.241	-3920.36	147.1192	2.050652	0.0567024	0.481983	0.0490963	0.412218	1.098766	5.221799
13488	-3778.456	-3924.097	145.6412	3.37664	0.0377304	0.385426	0.176073	0.40077	0.9215671	5.666072
13494	-3782.312	-3929.467	147.1551	1.660567	0.137096	0.395882	0.0992392	0.367783	0.9851122	5.432853
13500	-3779.625	-3926.456	146.8319	1.918475	0.204404	0.28114	0.180456	0.334001	0.9594552	5.512006
13506	-3778.773	-3926.503	147.7307	1.837193	0.190554	0.275869	0.185683	0.347895	1.072176	4.9878
13512	-3780.177	-3928.056	147.8785	1.895736	0.139168	0.356863	0.195744	0.308225	1.045487	4.895081
13518	-3770.984	-3917.977	146.9923	2.433279	0.168853	0.274425	0.288286	0.268436	1.05462	5.166673
13524	-3777.54	-3924.017	146.4764	1.810977	0.118564	0.291977	0.324779	0.264679	0.9984681	5.731622
13530	-3785.37	-3931.57	146.2001	2.239039	0.260346	0.1048	0.354596	0.280258	0.897907	5.762895
13536	-3794.4	-3939.457	145.0579	2.456173	0.270938	0.122266	0.29871	0.308087	0.8293944	6.341191
13542	-3794.504	-3938.562	144.0581	4.349997	0.3372	0.00922871	0.223277	0.430295	0.7770481	6.335842
13548	-3787.907	-3932.758	144.851	2.150388	0.271708	0.237912	0.172023	0.318357	0.8651285	6.549493
13554	-3783.068	-3929.803	146.7348	2.69945	0.100586	0.357796	0.188218	0.3534	0.9965284	5.244646
13560	-3790.326	-3936.92	146.5941	1.659164	0.138615	0.289356	0.262481	0.309548	0.9779862	5.745456
13566	-3780.234	-3926.086	145.8518	2.461886	0.19017	0.221765	0.302246	0.285819	0.94833	5.841864
13572	-3786.089	-3931.233	145.1442	2.779415	0.275427	0.16898	0.3033	0.252293	1.025265	6.073709
13578	-3785.325	-3932.257	146.9322	2.027001	0.187628	0.272031	0.243228	0.297114	1.025314	5.375344
13584	-3784.717	-3931.275	146.5577	2.31816	0.157166	0.306375	0.154587	0.381872	1.110819	5.419153
13590	-3786.799	-3933.719	146.9201	1.278653	0.0408467	0.350144	0.301901	0.307108	1.067262	5.699533
13596	-3771.048	-3918.924	147.8765	1.695749	0.148906	0.231434	0.384184	0.235477	1.000269	5.009572
13602	-3771.697	-3920.88	149.1827	1.639671	0.148205	0.40128	0.310935	0.139581	1.073173	4.262307
13608	-3773.131	-3922.306	149.1748	1.572513	0.247703	0.100664	0.491363	0.16027	1.237252	4.205629
13614	-3785.279	-3933.44	148.1613	1.595054	0.266792	0.0747117	0.563535	0.0949613	1.378659	4.686293
13620	-3779.718	-3928.085	148.367	1.798761	0.153102	0.112077	0.60632	0.128501	1.032973	4.671675
13626	-3784.707	-3934.472	149.7657	1.585735	0.241275	0.116432	0.545681	0.0966117	1.1414	3.91694
13632	-3780.747	-3929.575	148.8281	2.050993	0.169287	0.0671709	0.505927	0.257615	1.217381	4.19894
13638	-3783.38	-3932.857	149.4774	1.191963	0.197166	0.213278	0.398754	0.190802	1.217381	4.238188
13644	-3782.195	-3932.06	149.8657	1.626803	0.077004	0.482388	0.247248	0.19336	1.205618	3.802881
13650	-3787.764	-3936.956	149.1921	1.536118	0.102048	0.250886	0.442919	0.204146	1.066019	4.310303
13656	-3782.692	-3931.397	148.705	1.495066	0.170064	0.141473	0.394149	0.294314	1.174146	4.543801
13662	-3794.258	-3943.336	149.0783	1.636154	0.173793	0.167093	0.358347	0.300767	1.174146	4.265915
13668	-3787.458	-3934.078	146.6202	1.415171	0.148429	0.305901	0.332464	0.213206	1.021068	5.821544
13674	-3787.091	-3935.26	148.1684	1.55683	0.114225	0.305684	0.380276	0.199814	0.9497077	4.93963
13680	-3796.086	-3944.193	148.1069	1.55683	0.103286	0.435684	0.301991	0.159039	1.003662	4.94386
13686	-3791.7	-3937.607	145.9074	1.486576	0.167931	0.328536	0.307053	0.19648	0.9175129	6.23259
13692	-3789.163	-3935.443	146.2793	1.767804	0.151565	0.262526	0.306727	0.279183	0.9165769	5.90298
13698	-3784.47	-3931.188	146.7173	1.549379	0.0532877	0.432019	0.311117	0.203575	0.9481382	5.744625
13704	-3786.299	-3934.025	147.7267	1.750351	0.0993934	0.414834	0.260672	0.225101	1.044686	5.043546
13710	-3788.539	-3934.866	146.3272	2.276318	0.167824	0.330756	0.121342	0.380078	0.9571929	5.646345
13716	-3781.536	-3928.404	146.8687	2.104864	0.182472	0.33889	0.124326	0.354312	1.020575	5.381234
13722	-3789.067	-3935.274	146.2071	2.156744	0.188397	0.220349	0.296333	0.294921	0.9055281	5.787048
13728	-3799.502	-3944.201	144.6983	2.276273	0.345394	0.150123	0.105968	0.398514	0.8566253	6.588237
13734	-3794.733	-3940.679	145.9469	1.838404	0.175259	0.203655	0.333782	0.287304	0.9841619	6.017064
13740	-3786.709	-3933.959	147.2498	1.931847	0.277511	0.34118	0.144927	0.236382	0.9841619	5.26241
13746	-3793.964	-3939.589	145.6251	1.704627	0.221028	0.177993	0.262219	0.33876	0.832668	6.332638
13752	-3780.511	-3927.616	147.1051	3.015764	0.258119	0.118086	0.272175	0.351621	0.98737	4.936337
13758	-3781.856	-3928.269	146.4132	2.993475	0.238095	0.194962	0.242598	0.324344	0.9917415	5.32461
13764	-3794.997	-3942.467	147.4693	2.055196	0.144251	0.405179	0.192802	0.257768	1.105118	5.022421
13770	-3801.649	-3949.85	148.2004	2.672306	0.226071	0.20653	0.163422	0.403977	1.101087	4.377942
13776	-3797.348	-3945.39	148.0421	2.916093	0.199178	0.241282	0.20362	0.35592	1.137512	4.360779
13782	-3791.75	-3938.688	146.9379	1.69794	0.186891	0.201341	0.352997	0.258771	1.044275	5.502956
13788	-3789.736	-3936.371	146.635	1.705532	0.164512	0.205595	0.363455	0.266438	1.021231	5.678529
13794	-3785.549	-3933.021	147.4717	1.850107	0.141208	0.273802	0.220495	0.364495	0.9364241	5.201047
13800	-3785.899	-3934.065	148.1668	1.393897	0.135508	0.17784	0.468293	0.218359	1.110919	4.929605
13806	-3791.625	-3937.702	146.0773	2.513833	0.217862	0.176792	0.354143	0.251203	0.8686524	5.743062
13812	-3783.288	-3927.845	144.5574	2.513833	0.192398	0.121166	0.385866	0.30057	1.006884	6.495448
13818	-3789.87	-3934.944	145.0737	2.126067	0.160634	0.374837	0.248721	0.215809	1.000004	6.365283
13824	-3790.026	-3935.425	145.3989	1.649778	0.129802	0.417599	0.278211	0.174388	1.043728	6.365283
13830	-3797.888	-3944.699	146.8112	1.637003	0.204716	0.360333	0.209726	0.225226	0.9852241	5.632526
13836	-3781.823	-3928.672	146.8487	1.860994	0.287791	0.175587	0.310467	0.226155	1.002172	5.503693
13842	-3790.326	-3935.837	145.511	1.921557	0.246778	0.234896	0.25359	0.264736	0.9138504	6.257512
13848	-3793.157	-3939.056	145.8991	1.732083	0.238584	0.262075	0.243396	0.255946	0.8809487	6.145381
13854	-3786.656	-3932.505	145.8491	2.357525	0.2449	0.269014	0.223364	0.262722	0.9620545	5.874569
13860	-3790.224	-3935.77	145.5462	2.357525	0.169661	0.218867	0.184013	0.427459	0.8961827	6.075823
13866	-3786.256	-3932.194	145.9386	1.736285	0.157733	0.202132	0.275571	0.364564	0.9657909	6.075823
13872	-3785.74	-3932.948	147.2075	1.253976	0.0907531	0.315075	0.388503	0.205669	1.003894	5.589162
13878	-3780.649	-3929.137	148.4879	1.878562	0.14287	0.233397	0.299956	0.323777	1.05296	4.557588
13884	-3786.193	-3934.926	148.7331	1.482938	0.139616	0.327227	0.232327	0.30083	1.046051	4.605822
13890	-3784.209	-3931.207	146.9987	1.482938	0.164558	0.323395	0.197122	0.314924	0.8545203	5.672969
13896	-3781.14	-3929.156	148.0157	1.60978	0.232684	0.256559	0.199771	0.310985	1.116184	4.907187
13902	-3793.904	-3943.48	149.5762	1.605391	0.120762	0.34046	0.275765	0.263013	1.182234	3.992607
13908	-3780.436	-3928.953	148.5166	1.928629	0.121854	0.323227	0.255182	0.299737	1.11754	4.483478
13914	-3778.519	-3925.936	147.4165	1.670155	0.147733	0.406112	0.236563	0.209592	1.014083	5.268349
13920	-3787.335	-3934.164	146.8286	1.670155	0.166319	0.381165	0.170518	0.281997	1.010419	5.594112
13926	-3798.861	-3942.759	143.8979	2.720388	0.125734	0.411275	0.128908	0.334082	0.9769441	6.795795
13932	-3795.348	-3940.799	145.4514	2.432209	0.154822	0.507885	0.0483365	0.288957	0.993797	6.046521
13938	-3794.554	-3940.947	146.3928	1.34823	0.0368705	0.432201	0.347597	0.183331	1.098296	5.936309
13944	-3788.6	-3937.094	148.4939	1.067216	0.0615815	0.478616	0.282547	0.177256	1.077611	4.936145
13950	-3792.619	-3940.286	147.667	1.067216	0.0462393	0.417683	0.402982	0.133095	1.013712	5.429113
13956	-3790.512	-3938.162	147.6499	1.266262	0.114832	0.298666	0.366008	0.220494	0.987344	5.348564
13962	-3782.145	-3930.494	148.3486	1.493311	0.102783	0.302544	0.397316	0.197357	0.9864393	4.849107
13968	-3782.019	-3930.344	148.3246	1.475985	0.174643	0.31825	0.252079	0.255028	0.9968388	4.865055
13974	-3779.74	-3926.542	146.802	1.475985	0.135763	0.240838	0.298225	0.325174	0.9159568	5.750432
13980	-3786.568	-3933.929	147.3605	0.9893861	0.0501218	0.414199	0.390345	0.145335	0.8250099	5.743491
13986	-3789.807	-3937.945	148.1388	1.676921	0.092877	0.329732	0.308082	0.269309	0.9792193	4.883947
13992	-3788.679	-3933.503	144.8235	1.845606	0.0920921	0.326946	0.313929	0.267033	0.9050029	6.666771
13998	-3782.621	-3928.027	145.4064	1.666268	0.145139	0.335243	0.245808	0.27381	0.9030847	6.430138
14004	-3792.16	-3939.548	147.3884	1.29905	0.16124	0.266101	0.273076	0.299583	0.9384751	5.502875
14010	-3792.065	-3938.44	146.375	2.26109	0.134732	0.386753	0.228183	0.250332	0.9384882	5.636235
14016	-3785.225	-3932.443	147.2174	1.606869	0.199419	0.357839	0.211124	0.231617	1.090111	5.365225
14022	-3795.918	-3942.273	146.3553	2.791668	0.232213	0.416684	0.0813972	0.269706	0.9641467	5.439796
14028	-3786.927	-3933.141	146.2144	2.286016	0.16213	0.429667	0.050072	0.358132	0.9927576	5.684956
14034	-3791.407	-3937.294	145.8869	2.017837	0.285147	0.271868	0.0782246	0.364761	0.9275064	6.005748
14040	-3790.857	-3936.85	145.9924	2.402692	0.23944	0.281151	0.198622	0.280786	0.8496872	5.840795
14046	-3787.261	-3932.295	145.0341	3.33221	0.222638	0.250079	0.208481	0.318802	0.9257958	6.009367
14052	-3788.539	-3933.875	145.3361	2.339436	0.20898	0.262006	0.311204	0.217811	0.8895405	6.200599
14058	-3774.113	-3919.582	145.4696	2.093262	0.139155	0.533846	0.0738276	0.253172	0.9311736	6.200599
14064	-3781.879	-3927.498	145.6191	1.901116	0.0893282	0.551265	0.216591	0.142816	0.9261915	6.200599
14070	-3778.582	-3926.557	147.9749	1.467537	0.1062	0.507461	0.224085	0.162254	1.027001	5.046861
14076	-3784.118	-3930.152	146.0338	2.193242	0.14888	0.309517	0.314141	0.227461	1.021929	5.803873
14082	-3792.383	-3937.951	145.5683	1.635288	0.0485456	0.585719	0.204793	0.160942	0.8682429	6.375069
14088	-3780.161	-3925.473	145.3117	2.443521	0.142731	0.318223	0.312545	0.226502	0.8838419	6.178324
14094	-3788.915	-3931.955	143.0403	2.379948	0.10145	0.446705	0.0992695	0.352576	0.78489	7.480724
14100	-3789.929	-3934.509	144.5807	2.549696	0.124529	0.453477	0.0406443	0.381349	0.9440156	6.504061
14106	-3784.039	-3929.189	145.15	2.058994	0.208073	0.398107	0.1276	0.26622	0.8527508	6.430447
14112	-3784.605	-3929.627	145.0219	2.823999	0.201191	0.314479	0.187959	0.296371	0.9845029	6.147396
14118	-3792.64	-3941.953	149.3137	1.888214	0.233422	0.358214	0.184858	0.223507	1.130507	4.042173
14124	-3785.192	-3933.775	148.583	1.643447	0.191461	0.260114	0.342916	0.205508	1.071327	4.599585
14130	-3794.154	-3942.907	148.7531	1.613855	0.0815405	0.329645	0.315962	0.272852	1.097922	4.502935
14136	-3793.955	-3941.858	147.9035	1.501051	0.109228	0.387346	0.256071	0.247356	0.9894057	5.091225
14142	-3792.173	-3938.407	146.2341	3.254639	0.360703	0.0747242	0.287173	0.2774	0.9454643	5.364733
14148	-3791.09	-3938.403	147.3138	1.654884	0.203236	0.112101	0.368652	0.316011	0.8558864	5.419173
14154	-3785.48	-3931.182	145.7015	1.912867	0.167728	0.351202	0.220271	0.260799	0.8280164	6.204211
14160	-3784.377	-3930.797	146.4196	2.159069	0.166871	0.247103	0.386902	0.199125	0.8903485	5.678073
14166	-3781.504	-3928.32	146.8153	1.921769	0.245997	0.0555181	0.424789	0.273695	0.9122958	5.545664
14172	-3783.26	-3930.913	147.6527	2.125574	0.194543	0.185318	0.427234	0.192905	1.00398	4.948001
14178	-3787.041	-3934.349	147.3084	1.798873	0.216585	0.296515	0.296831	0.190069	0.8899935	5.339183
14184	-3791.305	-3936.183	144.8779	1.357605	0.0809892	0.240268	0.492206	0.186536	0.7650786	6.933795
14190	-3794.956	-3942.165	147.2085	1.864122	0.0762586	0.220684	0.450345	0.252712	1.004787	5.302706
14196	-3794.791	-3942.463	147.672	1.335682	0.0875375	0.417352	0.236539	0.258572	0.9847263	5.302706
14202	-3792.084	-3937.813	145.7288	1.708836	0.0641624	0.430589	0.290475	0.214774	0.8390792	6.270971
14208	-3784.363	-3931.222	146.8588	1.860225	0.129903	0.353333	0.183969	0.332796	0.8878509	5.561357
14214	-3794.058	-3939.954	145.896	2.413956	0.322758	0.0614278	0.311453	0.304361	0.9245734	5.848336
14220	-3779.189	-3924.998	145.809	2.018253	0.226022	0.20635	0.312729	0.254899	0.8740017	6.077199
14226	-3796.006	-3940.892	144.8864	2.048902	0.230394	0.337585	0.107926	0.324094	0.8865566	6.558961
14232	-3792.45	-3938.672	146.2218	1.75873	0.191258	0.36559	0.111862	0.331291	0.7659136	6.020553
14238	-3793.84	-3939.186	145.3457	2.769983	0.313302	0.264519	0.0476132	0.374566	0.8850298	6.043553
14244	-3789.644	-3933.701	144.0567	2.279555	0.208198	0.185013	0.278053	0.328736	0.8363502	6.944362
14250	-3786.101	-3931.202	145.1011	2.279555	0.230994	0.102452	0.301824	0.364729	0.9771411	6.303347
14256	-3797.742	-3942.952	145.2097	2.732889	0.264175	0.117169	0.345179	0.273477	0.9506553	6.094645
14262	-3797.892	-3942.459	144.5668	1.926762	0.317533	0.138558	0.314483	0.229426	0.658749	6.90435
14268	-3800.171	-3944.829	144.6581	1.983832	0.251303	0.109658	0.327868	0.311171	0.685823	6.817127
14274	-3788.934	-3934.91	145.976	2.183304	0.208122	0.192362	0.30759	0.291925	0.967656	5.869045
14280	-3796.412	-3940.537	144.1253	2.977325	0.1796	0.208618	0.304811	0.30697	0.8340485	6.664491
14286	-3791.638	-3936.497	144.8587	3.252127	0.269526	0.174748	0.315486	0.24024	0.8219739	6.1861
14292	-3786.751	-3932.424	145.6727	1.726715	0.307554	0.115641	0.359999	0.216806	0.7728574	6.329538
14298	-3781.686	-3926.599	144.9132	2.851001	0.179447	0.262907	0.230128	0.327518	0.9108984	6.237481
14304	-3789.332	-3935.409	146.0766	2.274473	0.235804	0.0774209	0.3876	0.299175	0.9961255	5.763045
14310	-3797.885	-3942.903	145.0184	2.351173	0.218168	0.0996383	0.421978	0.260215	0.9912417	6.313567
14316	-3796.35	-3942.685	146.3347	2.351173	0.262084	0.145598	0.407515	0.184803	0.9978984	5.591331
14322	-3801.538	-3947.139	145.6018	1.469303	0.158032	0.128241	0.542039	0.171688	0.798516	6.471159
14328	-3798.412	-3943.613	145.2004	1.998897	0.203855	0.134065	0.524115	0.137965	0.9866992	6.354749
14334	-3789.568	-3933.361	143.7931	1.908642	0.28368	0.166514	0.318058	0.231748	0.8608173	7.219403
14340	-3787.999	-3930.506	142.5069	3.397735	0.185784	0.192734	0.359521	0.26196	0.7929553	7.426986
14346	-3794.975	-3939.636	144.6609	4.038684	0.252492	0.142785	0.126956	0.477767	0.9542147	5.993738
14352	-3802.901	-3949.048	146.1464	2.19978	0.208595	0.311083	0.0856162	0.394705	1.009161	5.746627
14358	-3797.865	-3943.002	145.1378	2.19978	0.121623	0.572133	0.0545872	0.251657	1.039821	6.280012
14364	-3801.61	-3946.022	144.4119	2.429012	0.104303	0.292431	0.222777	0.38049	0.8662543	6.681029
14370	-3791.241	-3937.02	145.7793	2.843836	0.258826	0.104646	0.37081	0.265718	0.9893167	5.724518
14376	-3779.135	-3923.897	144.7612	2.491596	0.243173	0.0703822	0.414209	0.272237	0.850574	6.477767
14382	-3783.308	-3928.615	145.3072	3.917288	0.392957	0.136242	0.0308775	0.439924	0.8442488	5.733965
14388	-3785.823	-3929.078	143.2549	4.071577	0.153108	0.286001	0.120162	0.440729	0.7880914	6.837498
14394	-3781.131	-3925.892	144.7614	3.140716	0.277814	0.238483	0.116199	0.367504	0.815527	6.277448
14400	-3782.905	-3927.592	144.687	2.009903	0.300769	0.186643	0.224968	0.287619	0.9240243	6.662301
14406	-3779.912	-3926.13	146.2179	1.88742	0.173221	0.361979	0.252522	0.212278	0.99763	5.840839
14412	-3793.076	-3940.673	147.5965	2.141647	0.119797	0.27179	0.477869	0.130544	1.092642	4.923452
14418	-3778.234	-3926.587	148.354	1.281067	0.148839	0.247821	0.484308	0.119032	0.9258553	4.985257
14424	-3777.854	-3924.427	146.573	1.299769	0.156582	0.135603	0.5933	0.114514	0.996089	5.917782
14430	-3785.123	-3933.476	148.3525	1.447641	0.114146	0.197061	0.597846	0.0909462	1.088502	4.812171
14436	-3787.301	-3933.525	146.2242	1.887617	0.326689	0.195596	0.319888	0.157827	0.9167481	5.881534
14442	-3781.612	-3927.179	145.5667	1.824569	0.343003	0.097773	0.300422	0.258802	0.8506383	6.302515
14448	-3786.452	-3932.296	145.8436	1.620308	0.253938	0.208933	0.277953	0.259176	0.8506383	6.241892
14454	-3785.517	-3931.312	145.7955	1.620308	0.122962	0.347749	0.273896	0.255394	0.8022837	6.294285
14460	-3792.71	-3936.485	143.7749	1.620308	0.11695	0.341741	0.269908	0.271402	0.7762148	7.398432
14466	-3783.127	-3929.603	146.4756	2.62595	0.192298	0.404043	0.0792214	0.324437	0.977967	5.423937
14472	-3781.625	-3929.434	147.809	2.903392	0.294007	0.235585	0.121123	0.349285	1.190778	4.466569
14478	-3784.355	-3932.267	147.9111	2.029497	0.27419	0.0848498	0.315217	0.325742	1.056762	4.814066
14484	-3790.806	-3938.969	148.1623	1.410181	0.240994	0.259072	0.363564	0.13637	1.018531	4.975469
14490	-3786.461	-3933.759	147.2978	1.471968	0.119503	0.311136	0.302781	0.26658	1.098656	5.37959
14496	-3785.226	-3930.731	145.5051	1.39217	0.121561	0.221019	0.561443	0.0959768	0.9524995	6.476933
14502	-3780.418	-3925.333	144.915	1.704018	0.103261	0.215659	0.570937	0.110143	0.8674866	6.69865
14508	-3783.195	-3928.696	145.5011	1.607078	0.173548	0.247467	0.39387	0.185115	1.013511	6.345455
14514	-3778.114	-3924.605	146.4911	1.644558	0.260962	0.142029	0.406131	0.190877	0.9148719	5.842949
14520	-3769.763	-3917.512	147.7488	1.581506	0.208908	0.0520011	0.519685	0.219406	0.9950015	5.135871
14526	-3774.588	-3922.829	148.2411	1.581506	0.144846	0.0556951	0.587635	0.211824	1.182843	4.75755
14532	-3778.748	-3926.996	148.2481	1.590361	0.186964	0.130561	0.511438	0.171037	1.168307	4.75755
14538	-3778.708	-3928.485	149.7763	1.235929	0.220028	0.167226	0.375116	0.23763	1.138846	4.089462
14544	-3775.471	-3924.484	149.0127	1.843882	0.147661	0.203607	0.427595	0.221137	1.248871	4.165785
14550	-3776.977	-3923.29	146.3135	3.284405	0.250283	0.127851	0.331251	0.290616	1.204254	5.168533
14556	-3780.6	-3926.219	145.6191	3.043841	0.398397	0.0658092	0.0899085	0.445885	0.9552533	5.764555
14562	-3783.827	-3929.984	146.1576	2.482855	0.296758	0.231535	0.0920948	0.379612	0.9682653	5.655798
14568	-3783.289	-3929.702	146.4131	2.214152	0.238743	0.250636	0.0996923	0.410928	0.8979519	5.655798
14574	-3783.768	-3929.831	146.0628	2.214152	0.151198	0.383481	0.0876401	0.377681	0.9595591	5.813929
14580	-3768.146	-3916.012	147.8663	1.695613	0.162437	0.37188	0.0755279	0.390155	0.9999892	5.01545
14586	-3779.992	-3927.18	147.1883	1.279752	0.136569	0.431042	0.152762	0.279627	0.9250044	5.629945
14592	-3782.962	-3928.551	145.5889	1.834477	0.194177	0.311048	0.171023	0.323752	0.8345041	6.294991
14598	-3787.884	-3933.923	146.0398	1.436158	0.182695	0.23691	0.361426	0.218968	0.9067854	6.190388
14604	-3777.265	-3923.656	146.3917	1.910901	0.187709	0.0799752	0.501305	0.231011	0.9384555	5.768238
14610	-3776.896	-3923.544	146.6487	2.006381	0.202323	0.277103	0.271579	0.248996	0.9455728	5.583648
14616	-3772.794	-3917.937	145.1425	2.410298	0.297195	0.026961	0.50702	0.168824	0.839211	6.306769
14622	-3778.987	-3924.086	145.0986	2.890961	0.257774	0.0153192	0.439768	0.287139	0.9070958	6.125318
14628	-3781.735	-3928.202	146.4668	2.545813	0.289235	0.0424954	0.373978	0.294292	1.050931	5.417449
14634	-3789.105	-3935.619	146.5146	2.790772	0.366079	0.0229991	0.42613	0.184792	0.9500246	5.360096
14640	-3797.736	-3944.983	147.247	2.915476	0.204897	0.0290212	0.489941	0.276141	0.9959415	4.886223
14646	-3781.957	-3926.996	145.0393	3.554973	0.261708	0.0312486	0.416091	0.290952	0.9638	5.918828
14652	-3774.42	-3919.702	145.2822	2.636942	0.241263	0.0355072	0.472797	0.250432	0.9697701	6.078111
14658	-3784.106	-3929.316	145.21	2.412416	0.251422	0.0599513	0.492705	0.195922	0.9742002	6.195921
14664	-3784.649	-3929.586	144.937	3.298257	0.258305	0.058191	0.506193	0.177311	0.9052243	6.083938
14670	-3781.057	-3926.482	145.4258	3.094602	0.377224	0.0993985	0.196215	0.327162	0.9759932	5.842604
14676	-3791.206	-3935.05	143.8442	3.667155	0.165886	0.0733372	0.479916	0.280862	0.7791546	6.635908
14682	-3789.009	-3935	145.9908	2.484418	0.27442	0.118945	0.142015	0.464621	1.037894	5.70848
14688	-3787.791	-3931.624	143.8335	3.059647	0.278746	0.180046	0.0615611	0.479647	0.8821289	6.769611
14694	-3789.719	-3934.716	144.9978	2.270453	0.326512	0.181484	0.00852816	0.483477	0.9033072	6.402946
14700	-3800.534	-3947.009	146.4745	2.345118	0.230684	0.207306	0.0097416	0.552268	0.9708301	5.531696
14706	-3784.256	-3930.148	145.8913	1.930053	0.128246	0.55698	0.00769251	0.307082	1.054726	5.97018
14712	-3783.093	-3929.394	146.301	1.930053	0.158978	0.447148	0.0764456	0.317429	1.002912	5.774549
14718	-3791.376	-3937.637	146.2609	2.640903	0.073389	0.438024	0.0880354	0.400552	1.080594	5.480318
14724	-3779.744	-3927.903	148.1594	2.007843	0.163327	0.462289	0.0929123	0.281471	1.100593	4.659806
14730	-3783.587	-3931.407	147.8199	1.926973	0.1117	0.270459	0.266943	0.350898	1.156818	4.852348
14736	-3780.545	-3926.669	146.1237	2.14847	0.211629	0.201034	0.252182	0.335155	1.052972	5.755309
14742	-3784.607	-3931.031	146.424	2.14847	0.26996	0.199328	0.24349	0.287222	0.8807038	5.685157
14748	-3781.311	-3928.38	147.0689	2.202819	0.217431	0.207635	0.357234	0.2177	0.909354	5.293088
14754	-3787.901	-3934.327	146.4269	1.763274	0.102981	0.238001	0.409479	0.249538	0.829976	5.871656
14760	-3784.444	-3930.342	145.8981	2.5107	0.242428	0.176776	0.134431	0.446364	0.8724282	5.840212
14766	-3787.481	-3932.83	145.3483	2.5107	0.295697	0.202585	0.0878897	0.413829	0.8682806	6.142396
14772	-3785.693	-3931.519	145.8259	1.866135	0.211371	0.380859	0.0623669	0.345402	0.8533827	6.142396
14778	-3775.417	-3921.728	146.3111	2.090392	0.233491	0.214959	0.222231	0.329319	0.8591318	5.781962
14784	-3776.618	-3923.459	146.8409	1.466577	0.119528	0.262869	0.404967	0.212637	0.827657	5.781962
14790	-3775.625	-3923.774	148.1484	1.466577	0.0966309	0.405211	0.316482	0.181676	1.173773	4.869221
14796	-3777.17	-3925.843	148.6729	1.748523	0.125663	0.226509	0.411568	0.23626	1.056494	4.509315
14802	-3783.876	-3930.599	146.7225	2.738593	0.094665	0.426361	0.235304	0.24367	0.9302299	5.274357
14808	-3790.704	-3937.721	147.0168	1.340343	0.153709	0.564072	0.132459	0.14976	1.036591	5.632456
14814	-3788.023	-3935.096	147.0729	1.411315	0.16465	0.256414	0.387014	0.191922	1.035456	5.567415
14820	-3781.777	-3927.9	146.1229	1.538385	0.158265	0.251033	0.391041	0.199661	0.9505203	6.073116
14826	-3784.27	-3930.749	146.4785	1.602255	0.21812	0.206902	0.299808	0.27517	0.9505203	5.849597
14832	-3790.879	-3937.597	146.7183	1.636187	0.174726	0.170299	0.406435	0.248541	0.792166	5.789559
14838	-3783.876	-3931.152	147.2757	0.9847619	0.133153	0.231722	0.553027	0.0820988	0.840262	5.784082
14844	-3777.256	-3923.16	145.9039	1.495104	0.233489	0.159359	0.48005	0.127102	0.9541793	6.210557
14850	-3784.424	-3929.06	144.6368	2.088494	0.186833	0.115076	0.330897	0.367195	0.9436655	6.647316
14856	-3790.745	-3936.073	145.3286	1.577964	0.196528	0.279543	0.290854	0.233076	0.9436655	6.490113
14862	-3791.956	-3939.08	147.1232	1.356312	0.0880309	0.424575	0.270571	0.216822	0.9809039	5.596684
14868	-3799.275	-3946.285	147.0097	1.92443	0.07682	0.370505	0.187624	0.365051	1.13756	5.313429
14874	-3801.771	-3949.209	147.4381	1.391121	0.233271	0.137781	0.443056	0.185892	1.026323	5.381351
14880	-3801.125	-3945.17	144.0454	1.383937	0.220725	0.0968315	0.500166	0.182278	0.7685945	7.36678
14886	-3798.12	-3943.495	145.3756	1.28568	0.16527	0.097976	0.579879	0.156875	0.7738262	6.695815
14892	-3788.84	-3935.158	146.3182	1.386778	0.246861	0.306685	0.236216	0.210238	0.7879945	6.127297
14898	-3773.688	-3919.993	146.3052	1.714135	0.178122	0.365644	0.23974	0.216494	1.017274	5.857442
14904	-3776.374	-3922.443	146.0691	1.365505	0.154928	0.170183	0.45029	0.224599	0.9277367	6.197139
14910	-3778.902	-3924.728	145.8258	1.391337	0.146565	0.199375	0.493987	0.160073	0.870418	6.347933
14916	-3779.334	-3925.31	145.976	2.660056	0.335431	0.0568845	0.458962	0.148723	0.860991	5.750465
14922	-3786.206	-3931.855	145.6491	3.179988	0.305838	0.0405971	0.372679	0.280887	0.8712651	5.750465
14928	-3789.228	-3933.765	144.5368	3.509477	0.365163	0.101902	0.184937	0.347999	0.9369777	6.220713
14934	-3784.713	-3931.869	147.1557	2.818503	0.232003	0.320718	0.0147631	0.432515	1.070659	4.928626
14940	-3788.977	-3937.755	148.7784	2.535103	0.113613	0.524322	0.00722956	0.354836	1.138172	4.079776
14946	-3783.343	-3931.37	148.0268	1.799045	0.116173	0.484825	0.0683285	0.330674	1.062386	4.845185
14952	-3780.941	-3929.565	148.6244	1.986665	0.0973263	0.406174	0.270434	0.226066	1.093461	4.411465
14958	-3779.569	-3926.33	146.7611	1.987897	0.0474281	0.428626	0.285383	0.238563	0.93873	5.533321
14964	-3779.548	-3925.137	145.5897	1.987897	0.0559736	0.491028	0.167107	0.285892	0.93873	6.173748
14970	-3775.861	-3924.682	148.8213	1.987897	0.0620062	0.421006	0.185117	0.331871	1.149447	4.268059
14976	-3785.511	-3934.044	148.5331	2.014576	0.0692614	0.470266	0.17625	0.284223	1.200137	4.390955
14982	-3780.036	-3926.537	146.5002	1.991936	0.16956	0.3413	0.182991	0.306148	0.9655085	5.660205
14988	-3790.015	-3936.895	146.8802	2.204583	0.167191	0.350505	0.180434	0.30187	1.028527	5.330819
14994	-3790.857	-3936.397	145.5407	3.10622	0.24188	0.306751	0.215522	0.235847	0.8424343	5.849069
15000	-3789.678	-3935.457	145.7787	2.852005	0.359254	0.0480935	0.20521	0.387442	0.9784318	5.728021
