Iteration	Posterior	Likelihood	Prior	beta_scale	matrix_probs[1]	matrix_probs[2]	matrix_probs[3]	matrix_probs[4]	rate_log_sd	tree_length
0	-3772.84	-3919.145	146.3045	2.275207	0.264095	0.264919	0.115753	0.355233	1.083765	5.589754
6	-3777.596	-3923.991	146.3952	2.489447	0.180213	0.430378	0.0597948	0.329615	0.9185186	5.550246
12	-3790.084	-3934.158	144.0739	2.362486	0.247455	0.250196	0.0771369	0.425212	0.8654032	6.888423
18	-3777.505	-3925.47	147.9648	2.149483	0.119055	0.456271	0.165796	0.258877	1.025488	4.752349
24	-3796.25	-3943.575	147.3253	1.50207	0.0614054	0.579639	0.140139	0.218816	0.8129386	5.507426
30	-3793.126	-3935.552	142.4258	3.95826	0.178833	0.174276	0.340054	0.306837	0.8727807	7.268623
36	-3794.011	-3940.233	146.2216	1.407344	0.171769	0.283153	0.214946	0.330132	0.9316621	6.091696
42	-3796.415	-3942.521	146.1058	2.273605	0.135497	0.206072	0.336822	0.32161	1.102339	5.689227
48	-3795.142	-3941.133	145.9906	1.684353	0.160293	0.182321	0.337049	0.320337	0.9654563	6.070644
54	-3801.009	-3944.835	143.8266	2.393437	0.0704922	0.323619	0.294994	0.310895	0.8886556	6.997734
60	-3792.677	-3937.916	145.2388	1.737931	0.0732863	0.311393	0.264164	0.351157	0.9388575	6.46995
66	-3801.714	-3945.397	143.6828	1.927274	0.0747253	0.376766	0.12363	0.424879	0.7582809	7.326019
72	-3782.342	-3928.944	146.6015	1.68682	0.124796	0.58672	0.0331432	0.25534	0.8675419	5.789448
78	-3789.415	-3933.898	144.4825	2.645265	0.198456	0.272216	0.207648	0.32168	0.7903717	6.606688
84	-3789.526	-3937.243	147.7168	1.448738	0.0821899	0.468861	0.144833	0.304116	0.8415013	5.301473
90	-3798.73	-3942.097	143.3667	2.138212	0.346056	0.0918552	0.291607	0.270481	0.8081508	7.384543
96	-3789.948	-3937.082	147.134	1.526799	0.148361	0.124552	0.446366	0.280722	0.9216304	5.541166
102	-3788.285	-3935.722	147.4366	1.576446	0.152069	0.433857	0.126336	0.287737	0.9903253	5.313405
108	-3791.619	-3939.379	147.7592	1.446026	0.195012	0.370776	0.320512	0.113699	0.9445249	5.222423
114	-3792.586	-3938.434	145.8482	1.953524	0.215755	0.188179	0.400269	0.195796	0.8679064	6.085779
120	-3797.264	-3943.305	146.041	1.56924	0.0769942	0.418267	0.318173	0.186566	0.9829604	6.085779
126	-3797.207	-3942.392	145.1852	2.410046	0.11796	0.301914	0.182509	0.397617	0.9991044	6.196736
132	-3785.874	-3932.046	146.1721	1.891075	0.160957	0.314393	0.232825	0.291824	0.9844873	5.871521
138	-3787.992	-3935.247	147.2546	1.75483	0.188535	0.277034	0.169963	0.364469	0.974951	5.341398
144	-3782.043	-3926.936	144.8927	1.611107	0.0846667	0.510719	0.156539	0.248075	1.003487	6.678552
150	-3778.28	-3922.114	143.8346	4.177037	0.29017	0.211245	0.0445842	0.454001	0.8442501	6.465688
156	-3782.275	-3926.724	144.4486	3.037649	0.396677	0.187271	0.0135758	0.402477	0.8419409	6.465688
162	-3795.214	-3941.001	145.7869	2.31842	0.324168	0.165924	0.269514	0.240394	0.9546778	5.927344
168	-3788.492	-3933.04	144.5482	1.843987	0.144407	0.355155	0.166445	0.333993	0.834208	6.854297
174	-3784.474	-3929.273	144.799	3.056784	0.410213	0.00856261	0.00908293	0.572141	0.8011306	6.291571
180	-3787.244	-3930.954	143.7095	3.841022	0.340188	0.00710093	0.0238454	0.628866	0.7848298	6.656604
186	-3794.218	-3938.692	144.4747	3.046273	0.319968	0.00139409	0.20552	0.473118	1.001012	6.362514
192	-3792.98	-3938.671	145.6914	3.751956	0.376768	0.0653817	0.194128	0.363722	0.9859304	5.492036
198	-3785.391	-3932.643	147.2519	2.599157	0.200717	0.264387	0.109987	0.42491	0.9736224	5.006667
204	-3779.211	-3926.991	147.7793	1.692371	0.147558	0.407327	0.179771	0.265343	0.9731095	5.080155
210	-3781.927	-3927.423	145.4962	1.830144	0.16504	0.32599	0.133417	0.375553	0.8687543	6.32858
216	-3787.59	-3933.402	145.8112	1.386989	0.148048	0.217831	0.429095	0.205026	0.9456109	6.317143
222	-3791.111	-3937.14	146.0297	1.560683	0.15094	0.222085	0.437476	0.189499	0.9487244	6.114562
228	-3793.752	-3938.105	144.3528	2.032151	0.0869468	0.422363	0.125677	0.365014	0.7617981	6.921232
234	-3784.398	-3930.043	145.6444	2.61266	0.358446	0.174743	0.0811621	0.385648	0.8715758	5.942731
240	-3791.146	-3935.953	144.8069	4.06612	0.359111	0.0817848	0.12186	0.437244	0.8881135	5.942731
246	-3793.318	-3937.194	143.8763	2.904872	0.34151	0.234543	0.167844	0.256104	0.8347194	6.822291
252	-3789.779	-3934.563	144.7833	2.311924	0.136626	0.5137	0.0363832	0.313291	0.8643596	6.524561
258	-3788.638	-3935.064	146.4267	1.650124	0.129059	0.486227	0.0347078	0.350007	0.9045001	5.881318
264	-3783.325	-3928.87	145.5454	2.680188	0.318952	0.224596	0.0722373	0.384215	0.9029919	5.955856
270	-3781.319	-3927.109	145.7895	3.375121	0.334346	0.109524	0.251331	0.3048	0.8760811	5.610133
276	-3787.244	-3933.994	146.7494	1.599935	0.323456	0.115828	0.294889	0.265827	0.7762033	5.797814
282	-3783.025	-3931.586	148.5613	2.16825	0.298684	0.0476571	0.38074	0.272918	1.130433	4.350715
288	-3790.936	-3937.312	146.3756	2.250051	0.252168	0.0807453	0.549201	0.117885	0.9761824	5.61949
294	-3787.753	-3933.268	145.515	1.508896	0.185361	0.187906	0.407635	0.219099	0.8711412	6.460285
300	-3801.207	-3947.066	145.8591	2.039527	0.263209	0.323318	0.0900291	0.323444	0.9528337	5.998278
306	-3790.939	-3937.502	146.5634	1.890235	0.244448	0.344686	0.140578	0.270288	0.9623616	5.66979
312	-3780.957	-3926.495	145.5376	1.970691	0.13431	0.354043	0.144394	0.367254	0.866527	6.248453
318	-3783.584	-3930.477	146.893	2.303505	0.22299	0.207374	0.288139	0.281497	1.082622	5.255344
324	-3795.852	-3943.493	147.6412	2.124143	0.215284	0.193557	0.112802	0.478357	1.01186	4.950611
330	-3794.366	-3941.57	147.2042	1.365508	0.147221	0.232162	0.504756	0.115861	0.9002034	5.592015
336	-3791.626	-3937.573	145.9469	1.365508	0.186092	0.191808	0.51446	0.10764	0.8622686	6.299167
342	-3799.911	-3946.09	146.1792	1.268934	0.180084	0.253786	0.507702	0.0584283	0.8530587	6.225705
348	-3796.573	-3941.035	144.4619	1.827907	0.143117	0.204387	0.573231	0.0792652	0.8399156	6.904553
354	-3796.926	-3942.918	145.9924	1.849341	0.224622	0.235937	0.339006	0.200435	0.9380909	6.012661
360	-3787.687	-3933.829	146.1424	1.622849	0.114615	0.18917	0.563872	0.132343	0.7932497	6.109389
366	-3782.673	-3928.67	145.9976	1.614376	0.189459	0.312699	0.212673	0.285168	0.9505663	6.106444
372	-3776.134	-3923.529	147.3949	1.303258	0.0952833	0.344179	0.356925	0.203612	1.029159	5.447262
378	-3776.107	-3921.254	145.1469	1.614044	0.115036	0.384125	0.258874	0.241964	0.9111801	6.589689
384	-3781.655	-3929.946	148.2914	1.382155	0.0848391	0.443275	0.235596	0.23629	1.00311	4.926087
390	-3786.961	-3935.448	148.4865	1.918998	0.256041	0.255992	0.195139	0.292828	1.138639	4.492659
396	-3798.021	-3945.848	147.8267	1.963912	0.294368	0.168434	0.0809281	0.456269	1.063024	4.88514
402	-3793.93	-3941.801	147.8705	1.930656	0.0808822	0.651328	0.0265812	0.241209	0.9810739	4.920492
408	-3798.936	-3945.556	146.6207	2.511	0.224396	0.366016	0.105159	0.304429	0.9428983	5.40487
414	-3792.442	-3938.064	145.6221	3.193293	0.291927	0.280477	0.194314	0.233283	0.9252786	5.731483
420	-3786.667	-3932.325	145.6585	4.028899	0.324244	0.150352	0.146765	0.378639	0.8852187	5.487796
426	-3795.027	-3940.924	145.8967	6.330736	0.33969	0.0420551	0.324586	0.29367	0.9617704	4.769148
432	-3785.657	-3932.48	146.8237	2.012973	0.230081	0.321533	0.154684	0.293702	0.8365734	5.544713
438	-3792.48	-3938.33	145.8503	2.201891	0.103884	0.320493	0.335145	0.240479	0.7858981	6.029586
444	-3785.677	-3931.727	146.05	1.352691	0.128771	0.31794	0.382063	0.171226	0.875697	6.242118
450	-3784.158	-3930.496	146.3377	1.688323	0.129784	0.279683	0.439911	0.150622	0.8459759	5.944743
456	-3788.385	-3934.782	146.3969	1.688323	0.182219	0.276209	0.426752	0.11482	0.8165491	5.92847
462	-3799.929	-3945.388	145.4591	2.399264	0.26524	0.088402	0.43012	0.216237	0.9765551	6.063899
468	-3780.99	-3927.787	146.797	1.509654	0.2186	0.127711	0.400593	0.253096	0.8442025	5.776497
474	-3785.865	-3930.837	144.9716	2.982039	0.222739	0.0926946	0.517509	0.167058	0.9007136	6.167844
480	-3786.861	-3932.466	145.6051	1.922205	0.143781	0.26023	0.408998	0.186991	0.9841046	6.167844
486	-3783.686	-3931.669	147.9831	1.922205	0.23628	0.239513	0.216917	0.307289	1.059045	4.817892
492	-3787.923	-3933.795	145.8722	2.416945	0.293351	0.0975035	0.385822	0.223323	0.9799713	5.829983
498	-3789.379	-3935.498	146.119	2.237054	0.301464	0.241013	0.0833736	0.37415	0.8577901	5.829983
504	-3785.33	-3929.114	143.7846	2.635666	0.31956	0.285056	0.0211464	0.374238	0.7493293	7.008788
510	-3792.466	-3936.701	144.2352	2.635666	0.156809	0.443305	0.00490479	0.394981	0.8961599	6.686527
516	-3786.152	-3929.118	142.9656	3.141546	0.318571	0.106105	0.175071	0.400254	0.6125799	7.355841
522	-3801.708	-3944.897	143.1888	2.487339	0.274757	0.191295	0.165104	0.368844	0.909263	7.295478
528	-3793.922	-3939.836	145.9141	2.487339	0.198207	0.137998	0.290403	0.373391	1.079207	5.726787
534	-3795.161	-3940.094	144.9331	2.487339	0.234191	0.300936	0.115047	0.349826	0.9088657	6.354471
540	-3787.262	-3933.201	145.9389	4.268252	0.345201	0.0739829	0.169581	0.411235	0.9989565	5.205736
546	-3792.698	-3939.265	146.5669	3.516626	0.323518	0.275111	0.0159667	0.385404	0.9500076	5.097622
552	-3791.677	-3938.242	146.5641	2.451291	0.161888	0.471418	0.0277815	0.338913	1.150242	5.343728
558	-3779.635	-3925.576	145.9409	2.451291	0.137192	0.259473	0.192841	0.410493	0.9042962	5.821125
564	-3779.095	-3925.205	146.1104	2.519201	0.160158	0.182066	0.281213	0.376562	0.9059122	5.70259
570	-3789.158	-3933.693	144.5347	2.422836	0.0896815	0.36304	0.138273	0.409006	0.8102847	6.647178
576	-3786.6	-3932.45	145.8506	1.926634	0.146148	0.508831	0.133938	0.211083	0.9784794	6.035375
582	-3784.833	-3932.491	147.6574	1.986388	0.201169	0.392214	0.157849	0.248767	0.9345847	5.041219
588	-3788.737	-3936.054	147.3169	2.049175	0.112986	0.435719	0.0756645	0.37563	0.9583588	5.190754
594	-3784.285	-3928.384	144.099	3.303492	0.370526	0.157281	0.0873245	0.384868	0.8101302	6.588878
600	-3780.554	-3924.424	143.8704	5.218251	0.111821	0.357908	0.104956	0.425315	0.8505694	6.187121
606	-3777.586	-3922.672	145.0867	2.958104	0.308667	0.240891	0.164182	0.28626	0.905396	6.110508
612	-3780.198	-3924.778	144.5798	2.958104	0.307828	0.186234	0.110664	0.395274	0.9704491	6.350714
618	-3794.94	-3939.554	144.6139	3.016283	0.208342	0.176646	0.280338	0.334674	0.90144	6.350714
624	-3780.787	-3927.434	146.6471	2.138644	0.185212	0.158941	0.304788	0.351059	1.065696	5.464911
630	-3777.189	-3925.34	148.1509	2.534308	0.0867435	0.494642	0.157607	0.261007	1.127251	4.441752
636	-3785.412	-3931.652	146.2396	1.791272	0.192521	0.192889	0.41701	0.19758	0.9992346	5.869337
642	-3784.195	-3930.705	146.5096	1.573418	0.228141	0.319974	0.311706	0.140179	0.9075662	5.869337
648	-3786.178	-3933.015	146.8369	1.768709	0.291223	0.150435	0.417665	0.140677	0.8584509	5.62918
654	-3779.093	-3924.011	144.9185	1.768709	0.132774	0.184065	0.511035	0.172126	0.8584509	6.673422
660	-3788.781	-3934.397	145.6166	3.188075	0.30871	0.245482	0.111916	0.333892	0.8749988	5.763684
666	-3785.105	-3930.437	145.3325	2.461742	0.139957	0.402281	0.242048	0.215714	0.8379741	6.185304
672	-3780.93	-3924.07	143.1394	2.33689	0.165846	0.3891	0.189437	0.255617	0.883213	7.390761
678	-3786.341	-3931.124	144.7834	2.241806	0.161348	0.341198	0.248769	0.248684	0.8320435	6.568617
684	-3780.182	-3924.723	144.5405	1.84655	0.134726	0.352029	0.256666	0.256578	0.8545284	6.846414
690	-3793.657	-3939.911	146.2533	1.388522	0.204037	0.215107	0.38876	0.192096	0.8850496	6.108932
696	-3788.664	-3934.223	145.5597	1.368435	0.204037	0.215107	0.38876	0.192096	0.8871336	6.494241
702	-3780.409	-3925.219	144.8104	1.894862	0.141653	0.301137	0.316238	0.240973	0.892965	6.659652
708	-3786.752	-3931.277	144.5251	1.959899	0.216747	0.325545	0.122222	0.335485	0.8753017	6.79641
714	-3786.35	-3932.711	146.3609	1.719428	0.0717318	0.429755	0.0556356	0.442877	0.8660445	5.907279
720	-3782.68	-3929.914	147.2344	2.231376	0.068093	0.403377	0.0975294	0.431001	1.117044	5.07533
726	-3771.268	-3915.578	144.3098	2.10355	0.0814992	0.509069	0.0755522	0.333879	0.8140331	6.887843
732	-3785.066	-3928.778	143.7121	3.339809	0.178906	0.200799	0.233605	0.38669	0.8561871	6.762012
738	-3791.779	-3935.305	143.5253	3.148193	0.244775	0.0899924	0.254768	0.410464	0.7877607	6.958695
744	-3789.601	-3935.701	146.0998	1.862857	0.199358	0.00305189	0.650931	0.146659	0.9293394	5.953098
750	-3796.978	-3942.484	145.5064	1.136768	0.135981	0.113027	0.607865	0.143127	0.9172029	6.623303
756	-3789.797	-3936.662	146.8654	1.646595	0.139453	0.27709	0.359558	0.223899	0.8681931	5.662628
762	-3783.865	-3928.457	144.5912	3.216054	0.305511	0.0467131	0.373094	0.274682	0.8373349	6.334365
768	-3789.584	-3935.167	145.5826	4.789079	0.433778	0.0421144	0.0600323	0.464076	1.035011	5.24955
774	-3787.722	-3933.859	146.1366	4.838646	0.425678	0.041328	0.077583	0.455411	1.035011	4.930202
780	-3797.362	-3941.947	144.5842	3.710256	0.433196	0.0360599	0.0672909	0.463453	0.7796054	6.222109
786	-3784.054	-3927.341	143.2869	2.897442	0.367684	0.166114	0.0936615	0.372541	0.7413044	7.192384
792	-3801.7	-3943.795	142.0949	2.848613	0.234983	0.35958	0.0248026	0.380635	0.7366593	7.849392
798	-3799.891	-3946.297	146.4058	2.282633	0.237555	0.255747	0.121895	0.384802	0.7602261	5.708812
804	-3802.867	-3950.301	147.4339	2.623317	0.149678	0.549033	0.0556405	0.245648	0.9999123	4.882025
810	-3801.685	-3946.337	144.652	1.91018	0.196598	0.102015	0.443837	0.257549	0.8607063	6.756318
816	-3801.992	-3948.046	146.0544	1.92082	0.140399	0.358714	0.316961	0.183926	0.9245965	5.956041
822	-3788.001	-3935.746	147.7448	2.1569	0.161159	0.413751	0.0802437	0.344847	0.9991603	4.88683
828	-3781.493	-3927.905	146.4117	2.122896	0.154738	0.41213	0.0857828	0.347349	1.1158	5.573078
834	-3791.864	-3939.833	147.9691	1.757843	0.250919	0.155377	0.279888	0.313816	1.038909	4.908688
840	-3785.622	-3934.231	148.6083	2.0255	0.169022	0.440216	0.0681303	0.322632	1.222971	4.330983
846	-3789.131	-3936.744	147.6127	1.739853	0.0829735	0.512169	0.145674	0.259183	1.145706	5.055445
852	-3788.939	-3936.563	147.6232	2.69001	0.241961	0.254583	0.105345	0.398111	1.115419	4.687923
858	-3787.414	-3935.19	147.7764	2.900919	0.299835	0.0974229	0.130542	0.4722	1.083062	4.546357
864	-3782.269	-3929.341	147.0723	2.323622	0.232643	0.205753	0.10698	0.454623	1.084458	5.14743
870	-3779.181	-3925.168	145.9874	2.410764	0.241754	0.0906047	0.467445	0.200196	0.8410336	5.845261
876	-3784.413	-3930.584	146.1712	1.824308	0.178769	0.0936711	0.489417	0.238143	1.085542	5.845261
882	-3781.462	-3927.59	146.1285	1.908568	0.254459	0.137279	0.303775	0.304487	0.9202624	5.923085
888	-3796.327	-3939.404	143.0768	1.908568	0.200818	0.0138081	0.569624	0.21575	0.7071122	7.685758
894	-3786.208	-3930.484	144.2756	2.349775	0.350451	0.109887	0.312716	0.226946	0.8689345	6.782391
900	-3792.103	-3937.262	145.1594	1.559608	0.100057	0.381922	0.341789	0.176232	0.8816982	6.623641
906	-3787.22	-3933.662	146.4421	1.309749	0.0517262	0.488847	0.16516	0.294267	0.8991929	6.037099
912	-3782.071	-3928.512	146.441	1.309749	0.0929779	0.611033	0.117649	0.178341	0.9004639	6.036966
918	-3776.408	-3922.923	146.515	1.217543	0.0961249	0.439161	0.295246	0.169468	0.8873789	6.050311
924	-3778.505	-3925.031	146.5261	1.217543	0.137587	0.379889	0.288895	0.193628	0.9095142	6.03217
930	-3774.039	-3919.918	145.8788	1.309617	0.125169	0.368292	0.291086	0.215453	0.9095142	6.337953
936	-3771.603	-3919.02	147.4169	1.502548	0.0879115	0.348727	0.260667	0.302695	1.031824	5.33616
942	-3781.691	-3929.427	147.7355	1.621541	0.106444	0.346964	0.245427	0.301165	1.011762	5.11534
948	-3794.71	-3940.834	146.1238	1.214449	0.147615	0.256809	0.366887	0.228689	0.8243221	6.29905
954	-3785.707	-3932.075	146.3684	1.166073	0.134567	0.329387	0.327571	0.208476	0.9999774	6.095355
960	-3791.709	-3936.864	145.1549	2.743547	0.242127	0.0785482	0.424893	0.254432	0.8784237	6.160127
966	-3794.703	-3940.51	145.8074	1.595654	0.174813	0.334722	0.306768	0.183697	0.8060211	6.297023
972	-3790.723	-3935.963	145.2405	2.032296	0.259593	0.119657	0.292064	0.328686	0.8011795	6.42009
978	-3785.027	-3931.4	146.3726	2.032296	0.264222	0.241333	0.178916	0.315529	0.9568982	5.718298
984	-3794.181	-3940.879	146.6978	2.326475	0.314039	0.11354	0.347231	0.225189	1.037875	5.378957
990	-3790.551	-3937.759	147.2082	1.423375	0.218997	0.187164	0.413085	0.180754	0.8758235	5.574918
996	-3791.69	-3938.17	146.4806	1.416168	0.127404	0.248132	0.423132	0.201332	1.081051	5.864601
1002	-3791.009	-3939.216	148.2069	2.215744	0.287093	0.0271777	0.414837	0.270893	0.9875241	4.611524
1008	-3794.695	-3942.573	147.8776	1.744583	0.287527	0.0502565	0.390913	0.271303	1.046282	4.961441
1014	-3798.921	-3947.822	148.9013	1.996222	0.23863	0.172647	0.394099	0.194625	1.265002	4.153528
1020	-3787.461	-3937.685	150.224	1.554218	0.165672	0.273222	0.351771	0.209334	1.113496	3.68451
1026	-3787.906	-3935.701	147.7948	1.597658	0.118551	0.380929	0.249918	0.250602	0.9838833	5.108987
1032	-3787.96	-3934.545	146.585	1.767362	0.0791379	0.283093	0.407404	0.230364	1.09779	5.636656
1038	-3786.699	-3933.254	146.555	1.464507	0.105051	0.136084	0.696619	0.0622455	0.911347	5.893504
1044	-3795.751	-3944.182	148.4308	1.052689	0.185749	0.125196	0.640884	0.0481715	1.029078	5.006126
1050	-3794.03	-3939.22	145.1902	1.938773	0.131088	0.283885	0.347189	0.237838	0.9967348	6.379549
1056	-3797.239	-3943.494	146.255	1.742883	0.134612	0.357547	0.109666	0.398174	0.952958	5.907349
1062	-3789.475	-3936.182	146.7073	1.899651	0.304839	0.206502	0.228058	0.260602	1.083345	5.520359
1068	-3793.846	-3937.521	143.6742	3.174137	0.22229	0.292414	0.103404	0.381893	0.9722676	6.770755
1074	-3794.499	-3938.055	143.5561	2.289901	0.115938	0.45247	0.0405864	0.391006	0.898373	7.17648
1080	-3791.911	-3937.168	145.2573	1.919814	0.154939	0.37821	0.222391	0.24446	0.8900464	6.408881
1086	-3793.219	-3937.743	144.5237	2.171622	0.17036	0.462246	0.141353	0.226041	0.7891916	6.759215
1092	-3799.072	-3945.355	146.2823	1.609341	0.114458	0.412406	0.232747	0.240388	0.912954	5.97405
1098	-3782.962	-3929.505	146.5437	1.955669	0.106737	0.391919	0.10281	0.398535	0.9012801	5.686611
1104	-3785.445	-3931.978	146.5332	1.983403	0.195477	0.433337	0.00953332	0.361653	1.018634	5.616458
1110	-3782.285	-3926.581	144.2958	2.29131	0.189534	0.450565	0.00924348	0.350658	0.9355099	6.757461
1116	-3778.137	-3923.71	145.5738	2.537117	0.121522	0.545765	0.000758251	0.331954	0.9209645	5.981262
1122	-3793.736	-3937.26	143.5235	2.518922	0.199544	0.399351	0.0192282	0.381876	0.8450555	7.138845
1128	-3790.504	-3936.26	145.7564	2.587715	0.178794	0.412989	0.0133007	0.394917	0.9773088	5.83263
1134	-3794.505	-3940.947	146.4417	2.118366	0.138775	0.459576	0.00253743	0.399112	1.115849	5.55837
1140	-3801.884	-3948.075	146.1918	3.382252	0.276301	0.348309	0.0580453	0.317345	1.046589	5.292618
1146	-3796.675	-3944.676	148.0007	1.920868	0.178324	0.38075	0.0641283	0.376798	1.110544	4.779887
1152	-3789.344	-3936.476	147.132	1.714347	0.0971604	0.5607	0.0212264	0.320913	0.952874	5.439121
1158	-3790.255	-3937.226	146.9717	2.007296	0.137164	0.466981	0.0503155	0.345539	1.030702	5.358715
1164	-3787.301	-3935.284	147.9824	2.08718	0.174739	0.366482	0.187603	0.271176	1.022085	4.769829
1170	-3789.289	-3936.57	147.2808	1.760106	0.132489	0.564145	0.0977559	0.20561	0.9213679	5.354154
1176	-3789.545	-3937.893	148.3475	1.393046	0.10208	0.403005	0.293024	0.20189	0.9807807	4.901914
1182	-3795.204	-3939.583	144.379	1.822506	0.16737	0.27152	0.332217	0.228893	0.8938011	6.922508
1188	-3804.192	-3950.397	146.2053	1.745942	0.216302	0.418752	0.069135	0.295812	0.745051	6.046532
1194	-3804.177	-3949.051	144.874	1.644065	0.206096	0.25458	0.314647	0.224677	0.9264132	6.715508
1200	-3808.128	-3956.685	148.5566	2.327442	0.198904	0.256517	0.182089	0.36249	1.099921	4.307121
1206	-3805.857	-3953.157	147.3001	2.089972	0.150946	0.500793	0.0196355	0.328626	1.029893	5.143765
1212	-3784.202	-3931.893	147.6908	1.626483	0.0450017	0.372917	0.321032	0.261049	0.9037549	5.197616
1218	-3789.567	-3935.805	146.2381	1.549771	0.0435757	0.545702	0.162825	0.247898	0.7684494	6.104283
1224	-3790.188	-3936.18	145.9913	1.738402	0.0396673	0.496757	0.0908129	0.372763	0.8591388	6.104283
1230	-3788.74	-3934.446	145.7053	2.087571	0.164096	0.416269	0.0747978	0.344837	0.9151892	6.083269
1236	-3791.328	-3936.24	144.9125	1.991199	0.188073	0.312607	0.0872386	0.412081	0.7649386	6.633986
1242	-3780.692	-3925.425	144.7339	1.779992	0.187644	0.379628	0.0839852	0.348743	0.8874144	6.75267
1248	-3781.505	-3926.268	144.7636	1.779992	0.134193	0.473771	0.0663102	0.325726	0.8577074	6.75267
1254	-3788.115	-3934.672	146.5571	1.378365	0.190733	0.305215	0.139786	0.364265	1.04743	5.859556
1260	-3781.125	-3927.313	146.188	1.752571	0.245639	0.173538	0.188049	0.392774	0.7961244	6.02522
1266	-3785.306	-3930.423	145.1171	2.237453	0.238571	0.14878	0.231177	0.381473	0.7961244	6.408952
1272	-3787.716	-3933.625	145.9084	1.628699	0.190349	0.161113	0.400952	0.247586	0.8826222	6.185485
1278	-3791.137	-3936.103	144.9658	1.628699	0.20978	0.177559	0.301811	0.31085	0.852537	6.712719
1284	-3788.431	-3936.28	147.849	1.866629	0.113277	0.440485	0.224583	0.221655	1.148978	4.866455
1290	-3787.235	-3934.619	147.3832	1.895665	0.121181	0.378529	0.245526	0.254764	1.06804	5.157633
1296	-3784.762	-3932.802	148.0395	1.847532	0.0847429	0.431314	0.211331	0.272613	1.041201	4.828632
1302	-3787.416	-3932.747	145.3307	1.814092	0.193995	0.404776	0.153108	0.248121	0.9728642	6.368754
1308	-3786.648	-3930.827	144.1792	1.510289	0.139458	0.374591	0.14169	0.344261	0.8056422	7.215622
1314	-3785.958	-3931.49	145.5315	1.955808	0.138454	0.326235	0.300423	0.234888	0.9038197	6.237596
1320	-3782.31	-3927.394	145.084	1.912868	0.172607	0.272148	0.160501	0.394743	0.7879359	6.560978
1326	-3790.283	-3935.259	144.9759	1.912868	0.233297	0.317155	0.19917	0.250379	0.9230404	6.54635
1332	-3784.572	-3932.433	147.8609	1.58762	0.120569	0.451824	0.189449	0.238158	1.020227	5.056869
1338	-3796.036	-3943.421	147.3855	1.120817	0.0754564	0.411485	0.291863	0.221195	1.05176	5.534324
1344	-3784.457	-3933.349	148.8924	1.473129	0.0532611	0.483165	0.203847	0.259727	1.041234	4.523855
1350	-3786.453	-3932.973	146.5194	1.981117	0.0551449	0.332295	0.343648	0.268913	0.9055665	5.686979
1356	-3779.174	-3925.31	146.1367	2.211026	0.262876	0.0485603	0.383342	0.305222	0.9167612	5.798168
1362	-3782.199	-3929.362	147.1633	1.201078	0.281015	0.0709328	0.409793	0.238259	0.9010322	5.696968
1368	-3784.576	-3931.13	146.5542	2.020437	0.185884	0.267961	0.25146	0.294695	0.9177319	5.645052
1374	-3784.47	-3931.452	146.982	1.565698	0.134844	0.283188	0.399675	0.182292	0.9497549	5.590996
1380	-3791.702	-3938.17	146.4686	1.565698	0.201071	0.232964	0.361981	0.203983	0.8646701	5.918739
1386	-3795.175	-3941.084	145.9088	1.874252	0.0845334	0.50561	0.172378	0.237478	0.8421891	6.099931
1392	-3792.501	-3939.815	147.3138	1.252962	0.121275	0.40493	0.281437	0.192359	0.986207	5.54102
1398	-3785.541	-3931.068	145.5265	2.132269	0.151661	0.255831	0.351952	0.240555	0.9100728	6.165641
1404	-3792.545	-3938.115	145.5699	1.895323	0.236329	0.138052	0.371621	0.253999	0.8353724	6.279115
1410	-3791.944	-3938.176	146.2322	2.340093	0.24367	0.0862389	0.408203	0.261888	0.9821647	5.660407
1416	-3787.941	-3932.903	144.962	2.179007	0.268954	0.103318	0.313974	0.313754	0.8339309	6.495099
1422	-3791.769	-3937.572	145.8028	2.290622	0.283263	0.0409869	0.413707	0.262044	0.8334002	5.99541
1428	-3787.378	-3932.318	144.9401	2.188654	0.129832	0.298289	0.351505	0.220374	0.8890935	6.473351
1434	-3778.707	-3925.229	146.5218	1.587766	0.187413	0.255888	0.325744	0.230955	0.8890935	5.866143
1440	-3784.28	-3930.155	145.8743	2.133067	0.191338	0.0277884	0.586964	0.193909	0.8189839	6.025509
1446	-3784.875	-3930.677	145.8018	2.437426	0.176791	0.249124	0.257651	0.316434	0.8803577	5.915298
1452	-3783.148	-3930.539	147.3911	2.375698	0.185287	0.130531	0.171277	0.512905	1.004811	4.994886
1458	-3780.785	-3928.377	147.5922	1.445862	0.108239	0.277691	0.501882	0.112188	1.063665	5.248998
1464	-3787.833	-3936.14	148.3064	2.159004	0.0815848	0.334369	0.305486	0.27856	1.111174	4.508994
1470	-3782.181	-3930.058	147.8768	1.517015	0.135228	0.357915	0.224951	0.281906	1.16034	5.003527
1476	-3795.089	-3944.981	149.8916	1.260302	0.18528	0.166161	0.461356	0.187203	1.16034	3.998511
1482	-3794.053	-3942.665	148.6122	1.705972	0.178304	0.477223	0.112696	0.231777	0.9666351	4.613164
1488	-3784.632	-3931.657	147.0254	2.328532	0.258323	0.0876014	0.287242	0.366833	1.020796	5.206716
1494	-3782.225	-3929.408	147.1831	2.272832	0.290705	0.103977	0.273192	0.332126	1.01289	5.145313
1500	-3782.518	-3928.8	146.2818	1.99994	0.251059	0.158175	0.303935	0.28683	0.9844083	5.766208
1506	-3788.612	-3935.82	147.2076	1.716344	0.179851	0.488312	0.100581	0.231256	0.977962	5.382727
1512	-3787.01	-3933.71	146.6996	1.903344	0.197554	0.356151	0.192277	0.254018	0.8683553	5.641126
1518	-3794.095	-3938.776	144.6811	1.578141	0.134222	0.384735	0.210318	0.270725	0.8354543	6.898429
1524	-3790.432	-3934.439	144.0071	2.211602	0.134884	0.272191	0.252237	0.340687	0.9184518	6.952691
1530	-3787.024	-3933.189	146.1653	1.366939	0.196198	0.123261	0.428845	0.251696	0.8676059	6.176847
1536	-3791.794	-3938.273	146.4784	1.899818	0.285438	0.0737313	0.414371	0.22646	0.9337931	5.727981
1542	-3793.292	-3936.499	143.207	3.764398	0.476051	0.000782145	0.12709	0.396077	0.8108519	6.935153
1548	-3787.218	-3931.794	144.5761	4.054114	0.467647	0.000135511	0.129288	0.402929	0.9153195	6.057041
1554	-3777.45	-3922.852	145.4022	1.915342	0.118592	0.469555	0.233516	0.178336	0.8803639	6.337388
1560	-3772.214	-3917.577	145.3628	1.548649	0.190986	0.109001	0.508391	0.191622	0.9059724	6.505483
1566	-3774.442	-3919.923	145.4811	1.602647	0.177766	0.202317	0.473201	0.146716	0.7420785	6.505483
1572	-3770.691	-3917.627	146.9359	1.616367	0.179598	0.204401	0.478076	0.137925	0.9035517	5.618312
1578	-3776.223	-3922.978	146.7546	1.467089	0.214126	0.285745	0.30734	0.192788	1.021209	5.722984
1584	-3780.321	-3929.569	149.2472	1.467089	0.220424	0.201236	0.479387	0.0989533	1.087138	4.300877
1590	-3785.823	-3934.099	148.276	1.390883	0.139679	0.169687	0.584531	0.106103	1.013463	4.924564
1596	-3780.588	-3926.947	146.3597	1.321406	0.183942	0.243634	0.454967	0.117456	0.8709632	6.091608
1602	-3784.845	-3931.971	147.1263	1.712272	0.189241	0.14832	0.53193	0.130509	1.064863	5.38147
1608	-3778.965	-3926.266	147.3004	0.8203678	0.134795	0.359213	0.378892	0.1271	0.9433873	5.806346
1614	-3779.849	-3924.972	145.1236	2.396834	0.205563	0.291259	0.165942	0.337236	0.9412231	6.266572
1620	-3780.854	-3924.908	144.0537	2.131179	0.177239	0.349931	0.212458	0.260372	0.8509896	6.995081
1626	-3779.488	-3926.168	146.6797	2.290313	0.207756	0.153747	0.362586	0.275911	0.9417921	5.455719
1632	-3781.222	-3925.834	144.6118	2.494142	0.261951	0.132843	0.435238	0.169969	0.9090637	6.526049
1638	-3790.887	-3936.574	145.6869	1.68251	0.223119	0.0472125	0.524492	0.205176	0.9112888	6.2662
1644	-3781.992	-3926.441	144.4488	1.951829	0.260693	0.0127815	0.449289	0.277237	0.8665057	6.845643
1650	-3786.48	-3932.147	145.6668	1.577456	0.0542178	0.365592	0.289611	0.290578	0.8937258	6.334052
1656	-3779.664	-3925.388	145.7247	1.845554	0.0639149	0.46748	0.164562	0.304044	0.9004285	6.18062
1662	-3793.951	-3937.414	143.463	4.699897	0.281252	0.241965	0.216867	0.259915	0.8628038	6.524145
1668	-3787.501	-3932.666	145.1654	2.725416	0.29267	0.300524	0.0839877	0.322819	0.9845893	6.102848
1674	-3780.341	-3925.312	144.9717	2.041431	0.131485	0.449142	0.0638308	0.355542	1.024017	6.441304
1680	-3780.522	-3928.649	148.1268	1.819326	0.177572	0.404119	0.135583	0.282726	1.196204	4.705638
1686	-3781.378	-3929.611	148.2334	1.772374	0.085229	0.419992	0.15051	0.344269	1.196204	4.66681
1692	-3795.565	-3942.532	146.9672	1.930677	0.262586	0.252582	0.183138	0.301693	1.072814	5.369948
1698	-3785.432	-3929.344	143.9116	2.343672	0.208967	0.267049	0.228373	0.295611	0.868648	6.981122
1704	-3785.874	-3930.464	144.5892	1.869067	0.22736	0.123702	0.303772	0.345166	0.8230239	6.827682
1710	-3780.162	-3924.701	144.5391	2.405853	0.23878	0.129916	0.268799	0.362504	0.9228683	6.590146
1716	-3779.04	-3927.322	148.2824	1.651893	0.0545624	0.48659	0.108002	0.350845	0.9419038	4.836176
1722	-3778.838	-3925.363	146.525	1.600857	0.156927	0.444288	0.27694	0.121845	0.8879621	5.859022
1728	-3784.428	-3930.436	146.0073	2.167593	0.200929	0.403768	0.170898	0.224405	0.9659884	5.859022
1734	-3787.327	-3933.158	145.8301	2.304406	0.220002	0.399485	0.106078	0.274434	0.9551973	5.908783
1740	-3779.967	-3925.064	145.0962	2.227649	0.106186	0.38589	0.252253	0.25567	1.033677	6.295138
1746	-3775.871	-3921.262	145.3909	1.802932	0.162999	0.386029	0.149162	0.30181	0.8596388	6.402303
1752	-3777.305	-3922.89	145.5851	2.711327	0.123451	0.483852	0.137199	0.255499	0.8182477	5.969602
1758	-3772.594	-3919.106	146.5122	2.197459	0.15318	0.374412	0.155959	0.31645	0.8264025	5.64725
1764	-3771.344	-3917.93	146.5854	2.197459	0.0625159	0.532806	0.0593852	0.345293	0.9217042	5.554701
1770	-3777.434	-3924.355	146.9209	1.662266	0.0520052	0.670512	0.116304	0.161178	0.996375	5.554701
1776	-3772.428	-3918.819	146.3909	1.270979	0.0624929	0.473608	0.270217	0.193682	0.9401618	6.06206
1782	-3790.861	-3938.113	147.2517	1.377275	0.184362	0.431451	0.19551	0.188678	0.9629725	5.525629
1788	-3785.26	-3932.82	147.5602	1.594992	0.214036	0.28584	0.226979	0.273146	0.9629725	5.251631
1794	-3781.481	-3926.42	144.9392	1.671597	0.126066	0.299175	0.318229	0.25653	0.8982823	6.683239
1800	-3800.488	-3944.224	143.7355	1.324703	0.200983	0.177802	0.420945	0.20027	0.7440429	7.574592
1806	-3808.674	-3953.309	144.6347	1.59023	0.188947	0.167155	0.351143	0.292755	0.806586	6.9335
1812	-3778.433	-3925.873	147.44	2.998174	0.244117	0.194865	0.266585	0.294434	0.9560927	4.772934
1818	-3787.356	-3934.437	147.0808	2.83291	0.166774	0.37573	0.262299	0.195197	0.9960177	5.006827
1824	-3781.282	-3926.52	145.2384	1.60508	0.11627	0.271213	0.400732	0.211786	0.8417324	6.581825
1830	-3790.376	-3933.686	143.3097	2.153808	0.211208	0.24491	0.31145	0.232432	0.7306331	7.450599
1836	-3781.725	-3928.129	146.4038	2.246886	0.263639	0.279642	0.133137	0.323582	0.9854273	5.600204
1842	-3786.331	-3931.699	145.3686	1.836344	0.164991	0.374164	0.270475	0.19037	0.9747204	6.337664
1848	-3779.319	-3924.646	145.3269	1.858333	0.163143	0.370008	0.267444	0.199405	0.879831	6.402454
1854	-3780.845	-3930.064	149.2191	1.793415	0.145529	0.419221	0.284574	0.150676	1.150395	4.127072
1860	-3779.415	-3924.712	145.2978	2.054944	0.174572	0.303315	0.341366	0.180747	0.99475	6.274781
1866	-3779.643	-3926.358	146.7152	1.772507	0.241974	0.13158	0.4501	0.176346	0.9578892	5.639728
1872	-3780.885	-3927.809	146.9246	1.655868	0.209402	0.16487	0.389513	0.236216	1.099919	5.498658
1878	-3784.042	-3931.458	147.4161	1.913949	0.274029	0.18961	0.36049	0.175871	1.127558	5.098604
1884	-3785.113	-3929.505	144.392	1.321696	0.139594	0.340052	0.390741	0.129613	0.8917875	7.144596
1890	-3782.51	-3928.384	145.8744	1.807065	0.162872	0.225072	0.457607	0.154449	0.9691807	6.078183
1896	-3796.652	-3944.73	148.0778	1.874982	0.112715	0.283727	0.359372	0.244186	1.046146	4.79254
1902	-3793.529	-3937.898	144.369	1.874982	0.137488	0.325898	0.342943	0.19367	0.966732	6.866487
1908	-3788.069	-3934.415	146.3453	1.375728	0.0710267	0.389209	0.321025	0.218739	1.028361	5.986916
1914	-3783.512	-3929.733	146.221	1.859596	0.122442	0.352203	0.290502	0.234854	0.9867944	5.856885
1920	-3779.283	-3925.708	146.4248	1.916073	0.12812	0.351992	0.274141	0.245746	0.86458	5.788367
1926	-3791.362	-3939.824	148.4626	1.642707	0.130833	0.404349	0.208678	0.256139	1.150592	4.623015
1932	-3784.574	-3930.841	146.2662	1.846476	0.160762	0.345821	0.178686	0.314732	0.9383322	5.864261
1938	-3776.438	-3922.049	145.6113	1.846476	0.180765	0.38885	0.200919	0.229466	0.9298224	6.225905
1944	-3782.544	-3928.313	145.7693	2.173988	0.124533	0.43106	0.183052	0.261355	0.9711246	5.983644
1950	-3775.304	-3922.331	147.0267	1.611169	0.123732	0.428286	0.188308	0.259674	0.9711246	5.53371
1956	-3775.231	-3921.598	146.3665	1.611169	0.243503	0.299911	0.248886	0.207701	1.022189	5.867555
1962	-3768.872	-3915.32	146.4482	1.845664	0.152719	0.261738	0.295564	0.289979	0.9841755	5.739984
1968	-3777.18	-3923.726	146.5459	1.386056	0.150623	0.275997	0.311665	0.261716	0.9626602	5.908223
1974	-3783.927	-3933.345	149.4189	1.386056	0.0989804	0.293687	0.473629	0.133704	1.164624	4.200116
1980	-3786.199	-3932.937	146.7385	2.050736	0.170737	0.251806	0.387962	0.189496	1.113299	5.423834
1986	-3799.995	-3948.498	148.5028	2.57377	0.0394244	0.353965	0.249763	0.356848	1.121175	4.231583
1992	-3782.44	-3928.83	146.3905	1.477023	0.114374	0.369691	0.303425	0.21251	0.9908956	5.933964
1998	-3806.621	-3952.993	146.372	2.640955	0.13375	0.432317	0.185424	0.24851	1.02217	5.451307
2004	-3800.742	-3946.715	145.9731	2.640955	0.0979627	0.316643	0.00968259	0.575711	0.9227273	5.724994
2010	-3789.226	-3937.693	148.4676	1.516428	0.132237	0.143177	0.468433	0.256153	1.001981	4.762965
2016	-3794.4	-3940.857	146.4576	1.709655	0.22845	0.127302	0.416496	0.227752	0.9296283	5.823996
2022	-3797.264	-3943.451	146.1868	1.988335	0.221028	0.227345	0.29665	0.254977	0.9220994	5.857063
2028	-3796.894	-3944.427	147.5324	1.878851	0.223848	0.216487	0.300972	0.258692	0.9333184	5.156804
2034	-3775.335	-3922.053	146.7181	1.477723	0.0988104	0.336628	0.42239	0.142171	0.9457961	5.779211
2040	-3785.193	-3932.802	147.6094	1.477723	0.240715	0.132247	0.469134	0.157905	0.9289311	5.298562
2046	-3782.441	-3925.702	143.261	3.194163	0.279182	0.153381	0.130095	0.437342	0.9069068	7.022545
2052	-3780.919	-3926.905	145.986	2.301224	0.155613	0.382563	0.0762397	0.385585	0.8607398	5.876427
2058	-3780.662	-3928.68	148.0186	1.4554	0.096461	0.449579	0.321735	0.132225	0.9486087	5.071993
2064	-3777.044	-3923.802	146.7582	1.248378	0.102081	0.306963	0.34048	0.250475	0.8734596	5.909475
2070	-3772.596	-3919.574	146.9785	2.168273	0.166122	0.303987	0.269063	0.260828	0.9914128	5.311399
2076	-3782.561	-3929.373	146.8122	2.259797	0.169747	0.376533	0.130644	0.323075	1.092505	5.311399
2082	-3785.543	-3932.102	146.559	1.567691	0.200603	0.228668	0.237426	0.333303	0.9029436	5.847494
2088	-3782.588	-3930.465	147.8765	1.949068	0.224789	0.152692	0.266051	0.356467	1.032435	4.880699
2094	-3784.411	-3929.966	145.5556	1.949068	0.121838	0.345552	0.269499	0.263112	0.9305301	6.212751
2100	-3782.647	-3928.404	145.7569	1.902913	0.171148	0.296866	0.177102	0.354884	0.7609496	6.214724
2106	-3778.373	-3923.333	144.9603	2.267128	0.243879	0.254098	0.147251	0.354771	0.9304709	6.409818
2112	-3785.963	-3931.632	145.6683	2.267128	0.20668	0.288054	0.0833985	0.421867	1.107888	5.928008
2118	-3783.604	-3929.082	145.4783	1.756159	0.174084	0.242625	0.266874	0.316416	0.8876861	6.359897
2124	-3782.676	-3928.547	145.8707	1.315185	0.177227	0.247006	0.473584	0.102182	0.7243329	6.440067
2130	-3785.705	-3929.607	143.9015	2.028689	0.334969	0.210169	0.154158	0.300704	0.8493407	7.118454
2136	-3797.945	-3944.221	146.2761	3.073937	0.263983	0.206648	0.115979	0.41339	0.946264	5.398896
2142	-3797.399	-3944.071	146.6716	2.307428	0.251345	0.12169	0.301468	0.325496	1.073819	5.380907
2148	-3782.901	-3931.612	148.7117	1.619092	0.111737	0.438139	0.216958	0.233166	1.033352	4.560026
2154	-3784.3	-3933.529	149.2296	1.619092	0.149532	0.376682	0.231385	0.242401	1.068138	4.24825
2160	-3774.731	-3923.493	148.7624	0.998349	0.101794	0.239757	0.559339	0.0991099	0.9589863	4.890697
2166	-3779.904	-3928.298	148.3941	1.71086	0.0886562	0.517749	0.289291	0.104304	1.089493	4.664305
2172	-3779.527	-3924.909	145.382	1.248886	0.0680544	0.397435	0.458691	0.0758194	0.9446067	6.61841
2178	-3781.648	-3927.841	146.1933	1.182895	0.141161	0.314788	0.40089	0.143161	0.9987087	6.182655
2184	-3780.766	-3927.112	146.3458	1.182895	0.124873	0.302196	0.386675	0.186255	1.021544	6.087204
2190	-3782.273	-3928.725	146.452	1.637072	0.0832563	0.405695	0.278343	0.232705	1.000636	5.820802
2196	-3781.313	-3926.649	145.3367	1.768457	0.210603	0.354871	0.182263	0.252262	0.9346065	6.405935
2202	-3783.27	-3928.459	145.1897	1.884628	0.190491	0.307634	0.32708	0.174794	0.9902334	6.405935
2208	-3788.96	-3934.516	145.556	2.460846	0.132449	0.26577	0.293419	0.308363	1.000126	5.975491
2214	-3778.44	-3924.91	146.4703	1.816224	0.0882175	0.501716	0.107147	0.30292	0.9501399	5.759191
2220	-3779.38	-3927	147.6203	1.578768	0.273658	0.178528	0.296439	0.251375	1.098587	5.150923
2226	-3783.392	-3930.48	147.0883	2.06385	0.338094	0.285355	0.186338	0.190213	1.061847	5.253887
2232	-3772.081	-3917.679	145.598	2.783134	0.262581	0.271029	0.220565	0.245825	0.9085404	5.888569
2238	-3772.712	-3918.5	145.7881	2.115745	0.26627	0.149753	0.310496	0.27348	1.019113	5.970258
2244	-3775.465	-3921.122	145.6579	2.643921	0.266788	0.278405	0.180794	0.274012	0.8957702	5.911119
2250	-3771.509	-3916.088	144.5793	2.643921	0.199118	0.241327	0.205373	0.354181	0.9128631	6.488432
2256	-3787.478	-3932.087	144.6094	2.260445	0.165854	0.451716	0.082821	0.299609	0.9143202	6.611135
2262	-3786.021	-3930.869	144.848	3.108534	0.213978	0.43294	0.0425604	0.310521	0.9373567	6.174347
2268	-3781.87	-3925.678	143.8084	3.108534	0.258047	0.332831	0.0346495	0.374473	0.7950294	6.814614
2274	-3791.021	-3933.365	142.3436	2.667645	0.279132	0.207608	0.0661561	0.447104	0.6850216	7.804945
2280	-3792.314	-3935.421	143.1074	1.596709	0.166949	0.177678	0.383376	0.271997	0.6897763	7.812528
2286	-3794.717	-3939.395	144.6785	1.890315	0.279346	0.158496	0.319525	0.242633	0.9581232	6.697647
2292	-3789.124	-3936.785	147.6614	1.252739	0.109557	0.178064	0.518993	0.193385	1.038071	5.321135
2298	-3795.271	-3939.903	144.6323	2.008755	0.352629	0.16043	0.165351	0.32159	0.9007401	6.704916
2304	-3785.239	-3931.386	146.147	1.535744	0.0469897	0.474074	0.252626	0.22631	0.9021479	6.087568
2310	-3778.076	-3924.392	146.3158	1.679289	0.116525	0.403074	0.214791	0.265609	0.8880475	5.937762
2316	-3774.088	-3922.851	148.763	1.613992	0.0848388	0.220497	0.501282	0.193382	0.9519458	4.579301
2322	-3787.187	-3935.01	147.823	2.028336	0.0993222	0.356938	0.224473	0.319267	0.9555797	4.920054
2328	-3782.894	-3931	148.1054	1.689552	0.0726908	0.302812	0.204742	0.419755	0.9374396	4.920054
2334	-3779.655	-3926.757	147.1018	1.689552	0.0797705	0.396554	0.171687	0.351988	1.131043	5.368666
2340	-3786.012	-3933.141	147.1296	1.789681	0.18239	0.296102	0.176742	0.344766	0.8818446	5.446246
2346	-3786.293	-3933.424	147.1304	1.850229	0.128526	0.375911	0.276012	0.21955	0.9324786	5.391653
2352	-3786.218	-3933.535	147.3166	1.850229	0.14223	0.393302	0.258694	0.205775	1.035893	5.231781
2358	-3778.996	-3926.655	147.6593	1.699171	0.132115	0.350212	0.240297	0.277376	1.005344	5.125707
2364	-3787.254	-3933.122	145.8675	2.021482	0.309752	0.233788	0.24144	0.21502	0.7996289	6.084556
2370	-3777.548	-3924.726	147.1781	1.918546	0.237519	0.213391	0.185137	0.363953	0.9521591	5.325309
2376	-3772.246	-3919.672	147.4263	1.918546	0.16151	0.233037	0.238009	0.367445	1.019977	5.1506
2382	-3781.87	-3929.79	147.9203	2.017284	0.150658	0.310294	0.222017	0.317031	1.062547	4.810784
2388	-3782.103	-3927.383	145.28	3.027054	0.14141	0.386605	0.251944	0.220041	0.9326162	5.967756
2394	-3788.238	-3932.588	144.3498	1.374146	0.238882	0.006123	0.580993	0.174002	0.7802526	7.201815
2400	-3787.812	-3934.719	146.9078	1.335097	0.170394	0.232082	0.374233	0.223291	0.9440706	5.745541
2406	-3790.45	-3938.817	148.3676	1.418067	0.144704	0.320586	0.341714	0.192996	1.095664	4.814277
2412	-3792.378	-3940.766	148.3881	1.879154	0.205093	0.173106	0.419533	0.202268	1.15165	4.557948
2418	-3784.699	-3932.675	147.9765	1.966657	0.160531	0.258712	0.315385	0.265373	1.15782	4.747492
2424	-3790.524	-3940.734	150.2104	1.335585	0.0827174	0.391333	0.346048	0.179902	1.261197	3.717812
2430	-3784.715	-3933.3	148.5849	1.891481	0.0332754	0.452021	0.28668	0.228024	1.261197	4.380117
2436	-3788.374	-3938.326	149.9518	1.294358	0.0509229	0.458365	0.290703	0.200008	1.191111	3.928488
2442	-3784.485	-3929.295	144.8102	2.993412	0.239841	0.325552	0.0994809	0.335126	0.8808908	6.262702
2448	-3792.765	-3939.448	146.6835	3.133811	0.255032	0.282832	0.105782	0.356353	0.9598895	5.146918
2454	-3784.515	-3934.16	149.6445	1.910436	0.131005	0.333091	0.416536	0.119368	1.298462	3.746203
2460	-3785.248	-3933.504	148.2564	2.098433	0.139967	0.257244	0.374617	0.228173	1.10862	4.563274
2466	-3778.815	-3924.264	145.4495	2.083132	0.206054	0.0929249	0.399878	0.301142	0.9381964	6.211744
2472	-3787.397	-3932.712	145.3143	2.000577	0.124121	0.398955	0.124519	0.352404	0.8407195	6.371475
2478	-3777.091	-3924.92	147.8294	2.34909	0.158715	0.42056	0.144127	0.276598	0.9773856	4.776155
2484	-3782.406	-3929.234	146.8281	3.831195	0.166084	0.440085	0.104391	0.289439	1.030596	4.814997
2490	-3790.92	-3938.999	148.0792	3.485211	0.155685	0.40261	0.102245	0.33946	1.137162	4.154132
2496	-3782.994	-3929.642	146.6476	2.49086	0.123848	0.201241	0.38194	0.292971	0.9533838	5.391629
2502	-3781.513	-3928.026	146.5123	1.91423	0.0966539	0.493195	0.155553	0.254598	1.02608	5.65273
2508	-3784.64	-3929.37	144.7303	1.837349	0.0913409	0.509336	0.136393	0.262931	0.8764036	6.736091
2514	-3785.864	-3931.367	145.503	2.867925	0.124482	0.352834	0.094484	0.428199	0.8815995	5.92643
2520	-3793.105	-3938.164	145.0598	2.554614	0.279111	0.258782	0.148049	0.314057	0.7434086	6.351336
2526	-3791.038	-3936.712	145.6741	3.236534	0.287832	0.260363	0.127936	0.323869	0.8631241	5.723427
2532	-3790.119	-3934.068	143.9488	3.048569	0.216901	0.339443	0.0569476	0.386708	0.8698153	6.717536
2538	-3788.378	-3933.091	144.7131	2.931356	0.260786	0.178463	0.100948	0.459803	0.854472	6.350087
2544	-3795.588	-3941.029	145.4414	2.67475	0.333203	0.0866762	0.20792	0.372201	0.8037825	6.068579
2550	-3789.106	-3933.925	144.8188	2.984022	0.333203	0.0866762	0.20792	0.372201	0.8633925	6.270605
2556	-3795.518	-3943.488	147.9702	1.424679	0.0542929	0.493636	0.0883186	0.363752	1.132328	5.011846
2562	-3783.591	-3928.235	144.6441	2.875891	0.0477002	0.512858	0.119859	0.319582	0.8405325	6.413444
2568	-3782.601	-3929.576	146.9756	2.149366	0.0931944	0.474157	0.131823	0.300826	0.9333785	5.352535
2574	-3789.009	-3937.53	148.5211	1.562104	0.177033	0.293215	0.220987	0.308765	1.068773	4.673909
2580	-3793.596	-3942.066	148.4698	1.127647	0.1403	0.269867	0.394367	0.195465	1.100487	4.904086
2586	-3781.48	-3929.501	148.0208	1.151655	0.12704	0.38479	0.259791	0.228379	0.9360838	5.231602
2592	-3781.03	-3926.502	145.4716	2.133776	0.17645	0.287853	0.211096	0.324601	1.00998	6.140559
2598	-3786.475	-3933.002	146.5268	2.572952	0.238784	0.0362723	0.28567	0.439273	0.9580043	5.425728
2604	-3792.075	-3938.343	146.2685	2.931008	0.193586	0.400507	0.155126	0.250781	0.9202492	5.464499
2610	-3780.129	-3927.124	146.9946	1.780623	0.160484	0.503017	0.1286	0.207899	0.9908828	5.464499
2616	-3781.268	-3926.642	145.3739	1.979094	0.107681	0.524162	0.140171	0.227985	0.9406699	6.293611
2622	-3791.486	-3939.55	148.0634	1.583528	0.13802	0.142947	0.489004	0.230029	1.196926	4.847899
2628	-3794.931	-3943.648	148.7169	2.410773	0.298278	0.05136	0.383715	0.266647	1.232132	4.108696
2634	-3790.766	-3936.888	146.1218	2.366526	0.196965	0.366721	0.0922272	0.344087	0.8912733	5.760751
2640	-3789.407	-3937.198	147.7905	1.972854	0.114762	0.350041	0.301351	0.233846	1.046878	4.910513
2646	-3789.705	-3937.173	147.4685	1.261108	0.170711	0.240955	0.421886	0.166448	0.9251094	5.485354
2652	-3788.782	-3933.821	145.0391	1.931471	0.161786	0.377668	0.211759	0.248788	1.123767	6.395643
2658	-3785.279	-3930.584	145.3053	1.730879	0.132498	0.338124	0.328266	0.201112	1.015112	6.395643
2664	-3793.732	-3937.495	143.7623	3.321676	0.244532	0.208716	0.1766	0.370151	0.8839165	6.725468
2670	-3802.183	-3946.931	144.7478	1.698022	0.231307	0.228463	0.201743	0.338487	0.8556778	6.797935
2676	-3799.188	-3944.669	145.4815	2.009423	0.109577	0.438482	0.247218	0.204723	0.8003451	6.299018
2682	-3796.705	-3941.81	145.105	2.89388	0.247467	0.188806	0.135131	0.428595	0.8500001	6.15196
2688	-3780.887	-3929.293	148.4059	1.729416	0.0860861	0.427759	0.269093	0.217062	0.9914184	4.704228
2694	-3779.193	-3925.758	146.5645	1.729416	0.13036	0.361614	0.179328	0.328698	0.9779812	5.730279
2700	-3780.602	-3927.088	146.4862	1.821709	0.145576	0.403178	0.0841843	0.367062	0.9138359	5.767971
2706	-3789.912	-3936.781	146.8681	2.594054	0.122033	0.375353	0.0730061	0.429609	1.028678	5.190716
2712	-3785.897	-3932.521	146.6238	2.051124	0.169919	0.479005	0.11142	0.239656	1.039309	5.527531
2718	-3789.956	-3936.062	146.1061	2.024888	0.336104	0.0441165	0.415049	0.204731	0.9196711	5.887474
2724	-3801.915	-3948.891	146.9766	2.021242	0.290107	0.203754	0.180201	0.325938	0.8846474	5.430759
2730	-3799.679	-3947.39	147.7111	1.873956	0.127413	0.225674	0.332339	0.314574	0.8543294	5.103646
2736	-3798.065	-3946.428	148.3625	1.598916	0.0928527	0.394132	0.2053	0.307715	1.01619	4.774616
2742	-3800.996	-3944.92	143.9237	2.277195	0.049839	0.587707	0.134873	0.227581	0.7101624	7.084791
2748	-3802.222	-3946.624	144.4019	1.536704	0.108073	0.459984	0.281528	0.150415	0.8037465	7.084791
2754	-3803.008	-3948.905	145.8973	2.18098	0.126854	0.399703	0.400317	0.0731264	0.6978627	6.060142
2760	-3800.372	-3945.176	144.8048	2.317006	0.14811	0.216975	0.377356	0.257559	0.8330382	6.527962
2766	-3793.257	-3940.506	147.2493	1.915808	0.236967	0.178521	0.392462	0.19205	0.8522071	5.342298
2772	-3780.144	-3925.353	145.2095	1.915808	0.245386	0.0783021	0.500105	0.176207	0.956896	6.400233
2778	-3778.034	-3924.133	146.0987	1.255138	0.110324	0.354382	0.252434	0.28286	0.8506624	6.277712
2784	-3781.884	-3927.905	146.0211	1.321549	0.198402	0.341192	0.243039	0.217367	0.8672387	6.277712
2790	-3785.814	-3929.575	143.7611	2.441467	0.0378365	0.280043	0.462969	0.219151	0.892709	7.013254
2796	-3792.735	-3939.933	147.1987	1.089973	0.0836125	0.397681	0.395049	0.123658	0.9122172	5.729823
2802	-3793.821	-3941.723	147.9024	1.618552	0.23573	0.238051	0.330431	0.195788	0.978414	5.042671
2808	-3790.555	-3937.795	147.2396	2.560834	0.107237	0.511936	0.0658646	0.314962	0.9461253	5.042671
2814	-3790.235	-3935.888	145.6526	1.844059	0.0971113	0.546027	0.0814025	0.275459	0.9741034	6.180418
2820	-3787.437	-3934.866	147.4283	1.690393	0.0993996	0.425811	0.270589	0.204201	0.9362419	5.295635
2826	-3800.89	-3945.767	144.8779	1.877701	0.0928829	0.397894	0.323887	0.185336	0.833365	6.662556
2832	-3794.538	-3941.838	147.3001	2.168753	0.249102	0.0231131	0.366967	0.360818	0.92523	5.170004
2838	-3791.775	-3939.884	148.1093	2.348418	0.231972	0.0927998	0.27873	0.396498	0.9245301	4.64945
2844	-3787.317	-3935.388	148.0712	1.953093	0.13214	0.22952	0.321757	0.316582	1.070551	4.749078
2850	-3791.485	-3939.26	147.7758	2.171503	0.224916	0.326157	0.170662	0.278265	1.071884	4.823151
2856	-3791.05	-3939.425	148.3753	2.286949	0.20037	0.237177	0.215706	0.346748	1.075237	4.43932
2862	-3793.937	-3942.902	148.9654	1.481273	0.241211	0.28552	0.107521	0.365749	1.111369	4.43932
2868	-3793.454	-3941.804	148.3508	1.947871	0.28007	0.270898	0.102015	0.347018	1.122276	4.565765
2874	-3785.311	-3933.823	148.5115	1.805091	0.158014	0.338538	0.235611	0.267836	0.999742	4.606524
2880	-3802.281	-3948.621	146.3397	1.495312	0.132934	0.214741	0.447143	0.205182	1.027945	5.932794
2886	-3798.746	-3945.527	146.7809	1.500235	0.136164	0.239462	0.439341	0.185033	0.9537501	5.729782
2892	-3810.692	-3956.007	145.3143	1.75227	0.203418	0.171313	0.454438	0.170831	0.7981139	6.499043
2898	-3811.509	-3956.338	144.829	1.851616	0.254076	0.104309	0.428241	0.213374	0.8807788	6.674337
2904	-3807.317	-3952.112	144.7952	1.680648	0.314551	0.00817546	0.524057	0.153216	0.8819379	6.765818
2910	-3790.795	-3934.386	143.5908	2.521574	0.216521	0.199023	0.247739	0.336717	0.811916	7.119537
2916	-3788.155	-3931.797	143.642	2.405382	0.228676	0.313378	0.144102	0.313844	0.7529179	7.165688
2922	-3789.362	-3933.598	144.2357	2.177782	0.208219	0.407616	0.0720639	0.312101	0.7556939	6.930235
2928	-3797.303	-3941.23	143.9265	2.471187	0.196053	0.269725	0.240356	0.293866	0.8093515	6.958301
2934	-3791.073	-3935.229	144.1554	2.797992	0.16734	0.213448	0.297425	0.321787	0.8243173	6.712822
2940	-3799.232	-3943.765	144.5323	2.349701	0.184174	0.136469	0.325201	0.354156	0.7411907	6.712822
2946	-3797.341	-3940.736	143.3952	2.349701	0.289449	0.0881417	0.251466	0.370944	0.778901	7.304751
2952	-3783.936	-3929.812	145.8756	2.36462	0.27654	0.0789802	0.320483	0.323997	0.733853	5.98206
2958	-3785.719	-3928.426	142.7074	2.78243	0.32518	0.0612879	0.350457	0.263075	0.7347149	7.544935
2964	-3782.566	-3926.659	144.0931	1.574848	0.221274	0.185909	0.306113	0.286703	0.8226905	7.223195
2970	-3789.645	-3934.123	144.4779	1.934708	0.221274	0.185909	0.306113	0.286703	0.8347541	6.854115
2976	-3789.388	-3930.956	141.5683	3.026442	0.204101	0.251613	0.0923743	0.451912	0.8008352	8.03864
2982	-3807.953	-3951.105	143.1525	5.565017	0.506515	0.0117971	0.0855933	0.396095	0.807013	6.522845
2988	-3792.782	-3938.002	145.2202	4.193178	0.332982	0.0173513	0.0670871	0.58258	0.9173733	5.666436
2994	-3790.825	-3939.612	148.7875	1.566744	0.172005	0.324302	0.196554	0.307139	1.233555	4.429449
3000	-3788.47	-3937.041	148.5717	2.168995	0.10624	0.176115	0.501985	0.21566	1.238738	4.283277
3006	-3790.881	-3938.731	147.8499	3.270556	0.207632	0.342567	0.143695	0.306106	1.18234	4.326315
3012	-3789.941	-3935.098	145.1576	2.564038	0.213359	0.278286	0.161503	0.346853	0.9923488	6.159496
3018	-3786.597	-3932.184	145.5879	3.247688	0.264158	0.187775	0.181354	0.366714	1.182685	5.591964
3024	-3788.03	-3935.415	147.3859	2.770934	0.264233	0.0843564	0.284592	0.366818	1.172423	4.760115
3030	-3782.972	-3931.016	148.0444	2.755541	0.30922	0.0921176	0.283834	0.314828	0.9330193	4.530724
3036	-3783.075	-3930.356	147.2811	2.030035	0.388989	0.0945373	0.244867	0.271606	0.9269441	5.235773
3042	-3781.432	-3929.36	147.9283	2.345107	0.255644	0.182912	0.266189	0.295256	1.018961	4.699175
3048	-3786.142	-3934.476	148.3343	2.746106	0.261356	0.107781	0.45934	0.171523	1.175302	4.233678
3054	-3793.409	-3938.469	145.0599	2.4546	0.178448	0.30423	0.26575	0.251572	1.003524	6.246104
3060	-3792.106	-3936.525	144.4199	1.66336	0.132512	0.354086	0.245837	0.267565	0.7612993	7.040819
3066	-3791.724	-3936.758	145.0343	1.791532	0.161255	0.428287	0.186932	0.223525	0.8004381	6.632379
3072	-3798.214	-3945.302	147.0877	1.884737	0.17833	0.167243	0.38881	0.265617	1.027232	5.348155
3078	-3798.448	-3946.47	148.0229	2.071484	0.20592	0.0676699	0.418907	0.307503	1.034473	4.746711
3084	-3796.995	-3945.001	148.0057	1.991835	0.240471	0.110262	0.372249	0.277018	1.140222	4.730397
3090	-3799.547	-3947.792	148.2444	1.768865	0.207673	0.241077	0.28268	0.268571	1.121627	4.703972
3096	-3793.821	-3937.599	143.7783	1.861322	0.175859	0.204146	0.314889	0.305107	0.9523494	7.197862
3102	-3800.213	-3946.12	145.9068	1.398603	0.143425	0.421768	0.188174	0.246633	1.00006	6.230023
3108	-3793.185	-3939.127	145.9419	1.753155	0.117651	0.328805	0.227837	0.325706	0.9694253	6.064638
3114	-3797.293	-3944.647	147.3531	1.391939	0.162455	0.27547	0.226058	0.336017	0.9562991	5.466302
3120	-3777.895	-3924.183	146.2882	1.330994	0.113749	0.29027	0.342778	0.253203	0.8550781	6.134417
3126	-3794.851	-3940.321	145.4707	1.406579	0.112303	0.286579	0.388007	0.213111	0.8068416	6.567515
3132	-3788.395	-3934.527	146.1315	2.204783	0.139276	0.367768	0.0809665	0.41199	0.8937281	5.816026
3138	-3785.747	-3932.445	146.698	2.083279	0.138733	0.338871	0.170593	0.351802	1.046073	5.469939
3144	-3775.822	-3923.042	147.2205	1.905157	0.145368	0.355077	0.178752	0.320803	1.049049	5.254075
3150	-3787.07	-3933.73	146.66	1.891587	0.246204	0.32255	0.22378	0.207465	0.9991674	5.596013
3156	-3785.356	-3932.47	147.1137	2.341996	0.302799	0.110029	0.332016	0.255155	0.9031818	5.217795
3162	-3789.717	-3937.158	147.4406	1.696972	0.0396299	0.591796	0.157198	0.211376	0.8943247	5.309019
3168	-3803.646	-3950.936	147.2896	1.050605	0.0358788	0.57964	0.255813	0.128668	0.9841382	5.661759
3174	-3788.024	-3933.784	145.7603	1.00936	0.299387	0.111252	0.510861	0.0785001	0.791249	6.621581
3180	-3786.874	-3935.485	148.6105	1.421329	0.140473	0.310243	0.268461	0.280823	0.9221183	4.773944
3186	-3784.687	-3933.129	148.4419	1.707235	0.0808203	0.205176	0.479642	0.234362	1.096638	4.635201
3192	-3788.55	-3935.561	147.0113	1.327496	0.170978	0.236081	0.443136	0.149806	0.9634938	5.681968
3198	-3796.649	-3943.267	146.6173	1.732787	0.204428	0.251866	0.291209	0.252497	0.9951985	5.690426
3204	-3804.995	-3949.621	144.626	2.677351	0.112318	0.40926	0.0874748	0.390947	0.7451221	6.542376
3210	-3799.123	-3943.371	144.248	1.593114	0.213161	0.267961	0.158039	0.360839	0.8031088	7.1422
3216	-3797.268	-3943.577	146.3091	2.30552	0.100732	0.398243	0.154583	0.346442	0.9606632	5.643172
3222	-3805.524	-3953.648	148.1245	1.486471	0.0875294	0.391286	0.197967	0.323217	1.056154	4.938404
3228	-3803.105	-3951.745	148.6403	2.004456	0.112977	0.477104	0.155341	0.254578	1.026679	4.432611
3234	-3805.638	-3953.857	148.2193	1.33958	0.150816	0.229116	0.497045	0.123022	1.029924	4.972562
3240	-3793.724	-3940.114	146.3898	1.699465	0.181901	0.231667	0.4177	0.168732	0.9622101	5.8478
3246	-3796.57	-3943.961	147.3915	1.432144	0.16606	0.271465	0.364757	0.197719	0.9321083	5.438915
3252	-3795.124	-3941.672	146.5479	1.394851	0.0833119	0.406046	0.283722	0.22692	0.8740453	5.951238
3258	-3788.344	-3935.857	147.5124	1.933202	0.191471	0.288644	0.136317	0.383568	1.056003	5.076735
3264	-3776.335	-3923.694	147.359	1.434322	0.143689	0.288401	0.280063	0.287847	0.8701472	5.489832
3270	-3778.596	-3924.658	146.0625	2.384605	0.154783	0.374141	0.22026	0.250816	0.9642283	5.746503
3276	-3775.127	-3923.402	148.2755	1.608235	0.149708	0.335514	0.252844	0.261934	1.040824	4.805068
3282	-3782.78	-3927.345	144.5648	1.629094	0.151548	0.351784	0.255951	0.240716	0.7490207	6.984695
3288	-3783.283	-3929.53	146.247	2.530704	0.0768	0.349175	0.29338	0.280645	0.8349278	5.662424
3294	-3780.262	-3927.089	146.8271	1.878029	0.236121	0.262958	0.289571	0.21135	0.9232303	5.551685
3300	-3783.148	-3927.92	144.7721	1.878029	0.121715	0.472299	0.242077	0.163908	0.7797319	6.748593
3306	-3788.789	-3934.512	145.7234	1.470424	0.161045	0.359157	0.237504	0.242294	0.831574	6.386813
3312	-3797.67	-3944.159	146.4883	1.883427	0.184648	0.391709	0.210295	0.213348	0.9816463	5.703267
3318	-3798.41	-3945.873	147.4633	2.538753	0.260094	0.234598	0.148931	0.356377	1.007338	4.892307
3324	-3799.503	-3947.035	147.5327	2.266053	0.320992	0.218201	0.12934	0.331467	1.083664	4.914585
3330	-3794.03	-3940.225	146.1947	1.631592	0.124557	0.29516	0.476201	0.104081	0.7705098	6.089351
3336	-3792.913	-3939.682	146.7689	1.657796	0.126446	0.222771	0.483425	0.167357	0.9465224	5.667519
3342	-3793.834	-3939.529	145.6952	2.299088	0.261331	0.335365	0.0950384	0.308266	0.7745376	6.082982
3348	-3790.757	-3935.705	144.9476	2.973713	0.223999	0.090696	0.154452	0.530853	0.892499	6.188078
3354	-3789.113	-3932.407	143.2938	2.612589	0.293276	0.17795	0.303197	0.225577	0.9200521	7.189013
3360	-3795.343	-3940.708	145.3647	2.039531	0.253906	0.158556	0.358384	0.229155	0.9139324	6.288564
3366	-3795.113	-3941.296	146.1833	1.704531	0.174473	0.230243	0.462216	0.133069	0.9859134	5.945395
3372	-3792.524	-3937.992	145.4678	2.354222	0.0606319	0.478377	0.171708	0.289283	0.9486694	6.091191
3378	-3794.95	-3939.18	144.2301	2.007594	0.175182	0.330764	0.199948	0.294106	0.7381284	7.009999
3384	-3789.609	-3933.03	143.4218	3.630425	0.354773	0.15638	0.10308	0.385768	0.8183784	6.853338
3390	-3790.255	-3933.083	142.8287	3.552792	0.335988	0.148706	0.0600206	0.455286	0.8961744	7.15323
3396	-3788.91	-3933.35	144.4401	3.552792	0.343637	0.172743	0.0179695	0.465651	0.912223	6.273915
3402	-3799.891	-3943.481	143.59	3.502913	0.377806	0.16375	0.0170341	0.44141	0.9766497	6.714215
3408	-3790.236	-3934.539	144.3035	3.009156	0.246595	0.239793	0.0190839	0.494528	0.7823796	6.5857
3414	-3782.507	-3924.75	142.2435	3.341725	0.212712	0.296187	0.0857842	0.405317	0.7518741	7.606784
3420	-3778.951	-3924.593	145.6418	1.680652	0.190632	0.360232	0.107147	0.341989	0.8119906	6.345409
3426	-3788.806	-3933.223	144.4165	3.158936	0.201777	0.378799	0.0302568	0.389168	0.9207203	6.401808
3432	-3799.53	-3943.815	144.2855	2.402496	0.245355	0.224187	0.227097	0.303361	0.884105	6.7494
3438	-3785.596	-3929.911	144.3149	2.413062	0.219551	0.233153	0.235343	0.311954	0.847494	6.7494
3444	-3796.394	-3941.13	144.7364	1.7704	0.257995	0.183319	0.24024	0.318446	0.8322908	6.785206
3450	-3788.429	-3932.904	144.4747	2.343513	0.173465	0.376762	0.190624	0.259149	0.8335928	6.69629
3456	-3782.721	-3927.956	145.2344	1.90916	0.103231	0.272065	0.321356	0.303348	0.8862966	6.427765
3462	-3775.411	-3922.089	146.6785	1.616267	0.237223	0.241223	0.308307	0.213246	0.9519455	5.732981
3468	-3778.476	-3923.539	145.0636	1.616267	0.157097	0.28384	0.344093	0.21497	0.869404	6.65634
3474	-3782.877	-3927.108	144.2308	2.046489	0.0522381	0.566552	0.17213	0.20908	0.855151	6.930967
3480	-3788.249	-3936.616	148.3661	1.958864	0.229987	0.25052	0.243075	0.276418	1.145346	4.539475
3486	-3783.127	-3929.254	146.1268	2.054003	0.187101	0.290475	0.234845	0.28758	1.105697	5.762593
3492	-3799.507	-3948.142	148.6341	2.677862	0.228301	0.252498	0.189166	0.330034	1.196268	4.076017
3498	-3795.302	-3942.293	146.9913	2.35725	0.12176	0.490036	0.136437	0.251766	1.000744	5.225687
3504	-3783.088	-3929.726	146.6386	1.893631	0.14691	0.352423	0.142988	0.357679	0.8386518	5.694965
3510	-3789.211	-3935.532	146.3212	2.145667	0.0911385	0.410035	0.0775198	0.421307	0.9676405	5.694965
3516	-3791.302	-3937.35	146.0482	1.494537	0.12132	0.577351	0.0327819	0.268547	0.8619354	6.182496
3522	-3793.659	-3938.435	144.776	1.540461	0.103066	0.530378	0.0549206	0.311636	0.8130642	6.876522
3528	-3796.187	-3941.183	144.9956	2.06838	0.0660748	0.547517	0.0936721	0.292736	0.9140744	6.477116
3534	-3787.773	-3932.309	144.5364	1.790828	0.121799	0.532439	0.0610888	0.284674	0.8997734	6.847917
3540	-3791.907	-3939.114	147.2064	2.137303	0.148861	0.388789	0.226531	0.235819	1.125792	5.123448
3546	-3783.569	-3930.226	146.6576	1.806498	0.132208	0.385199	0.137911	0.344682	0.8878386	5.694889
3552	-3786.84	-3932.364	145.524	2.205547	0.2043	0.29848	0.227409	0.26981	0.9391659	6.122489
3558	-3799.944	-3945.973	146.0292	1.53828	0.228332	0.358318	0.272999	0.140351	0.8905922	6.156811
3564	-3788.948	-3935.492	146.544	3.957014	0.506888	0.0377461	0.0346642	0.420702	0.8832945	5.019424
3570	-3782.83	-3929.181	146.3509	3.97844	0.447402	0.150671	0.0305961	0.371331	0.9409505	5.088613
3576	-3798.787	-3945.807	147.0199	3.97844	0.495994	0.0289033	0.0400251	0.435077	1.152318	4.597716
3582	-3785.219	-3930.424	145.2052	2.13564	0.212855	0.464243	0.108897	0.214006	0.8549417	6.368839
3588	-3792.344	-3937.062	144.718	2.536757	0.189712	0.370218	0.249331	0.190738	0.8718976	6.473382
3594	-3787.175	-3932.021	144.8462	2.300692	0.146944	0.453192	0.203114	0.196751	0.9037417	6.473382
3600	-3789.545	-3934.857	145.3119	1.829036	0.104156	0.472927	0.188606	0.234312	0.8318558	6.449015
3606	-3780.013	-3924.866	144.8535	2.40073	0.257689	0.236	0.232041	0.27427	0.8725656	6.449015
3612	-3784.89	-3931.313	146.4225	1.817676	0.216512	0.119005	0.490871	0.173611	0.9933354	5.761057
3618	-3787.662	-3932.258	144.5961	2.290367	0.284023	0.11644	0.404842	0.194695	0.8509434	6.641276
3624	-3788.977	-3930.797	141.8194	3.207104	0.322729	0.185078	0.134349	0.357843	0.7164852	7.893249
3630	-3786.882	-3932.144	145.2614	2.575786	0.302684	0.268875	0.16352	0.264921	0.9240598	6.135989
3636	-3783.924	-3930.155	146.231	2.2292	0.213834	0.357779	0.139739	0.288647	0.8491674	5.776443
3642	-3781.874	-3928.355	146.4807	2.532305	0.13616	0.573479	0.09362	0.196741	0.9823699	5.452433
3648	-3776.359	-3921.566	145.2072	2.160095	0.122992	0.52091	0.114815	0.241283	0.8099376	6.382607
3654	-3776.715	-3922.33	145.6158	1.782748	0.126363	0.419611	0.236772	0.217255	0.9585823	6.235146
3660	-3787.454	-3933.803	146.3484	1.609647	0.089368	0.457293	0.153459	0.299879	1.161688	5.801874
3666	-3790.36	-3936.488	146.1275	2.731164	0.230696	0.235182	0.123066	0.411056	0.9403901	5.599032
3672	-3771.659	-3918.949	147.2903	1.977127	0.169177	0.297028	0.212217	0.321578	0.9566903	5.236206
3678	-3796.347	-3944.304	147.957	2.103455	0.129124	0.252641	0.344712	0.273523	1.049046	4.762252
3684	-3777.241	-3925.686	148.445	1.989666	0.178348	0.367801	0.236528	0.217324	1.159989	4.473798
3690	-3794.871	-3944.799	149.9285	1.8505	0.127405	0.345908	0.226	0.300688	1.112328	3.716532
3696	-3803.735	-3952.023	148.2882	2.096945	0.148782	0.391199	0.197393	0.262626	1.159681	4.517323
3702	-3795.638	-3943.879	148.2404	1.474298	0.126125	0.435488	0.206561	0.231826	0.9724441	4.926381
3708	-3782.529	-3930.952	148.4223	1.806733	0.146051	0.372743	0.282781	0.198424	1.150452	4.571271
3714	-3774.536	-3923.213	148.6765	1.572914	0.0745007	0.413574	0.266461	0.245464	1.070628	4.580603
3720	-3791.178	-3935.953	144.7756	1.662147	0.174943	0.373167	0.197989	0.253901	0.9659185	6.739298
3726	-3809.128	-3956.469	147.3412	2.067159	0.107174	0.172936	0.340615	0.379275	0.8843265	5.210892
3732	-3792.72	-3937.982	145.2627	2.28326	0.139267	0.337914	0.142024	0.380795	0.9154647	6.247615
3738	-3795.491	-3940.623	145.1322	1.940622	0.118737	0.288099	0.359007	0.234157	0.9721479	6.423572
3744	-3788.936	-3933.102	144.1659	1.57284	0.222613	0.139014	0.372727	0.265646	0.7707444	7.212886
3750	-3785.56	-3930.917	145.3571	2.209874	0.232976	0.0875122	0.390079	0.289433	0.8575216	6.25596
3756	-3784.256	-3929.493	145.237	2.263873	0.252688	0.194069	0.239321	0.313921	0.8392778	6.31036
3762	-3776.481	-3924.222	147.7405	1.835858	0.205061	0.157491	0.382696	0.254753	1.003992	5.020832
3768	-3769.829	-3916.013	146.1837	1.449799	0.0943716	0.356385	0.431265	0.117978	0.9588094	6.077182
3774	-3785.706	-3932.903	147.1974	1.259489	0.0961396	0.363062	0.439345	0.101454	0.9189413	5.63854
3780	-3785.801	-3932.138	146.337	2.413389	0.244087	0.16212	0.336213	0.257579	0.9326229	5.602539
3786	-3788.072	-3934.847	146.7755	1.78755	0.228877	0.0673142	0.421147	0.282662	0.953358	5.602539
3792	-3792.12	-3939.949	147.8292	2.320969	0.198752	0.107076	0.392926	0.301245	1.027212	4.759298
3798	-3782.614	-3928.459	145.8454	2.534633	0.367018	0.0914159	0.250025	0.291541	0.8664602	5.863652
3804	-3799.663	-3947.758	148.0951	2.657078	0.153994	0.244837	0.262074	0.339095	1.142065	4.419744
3810	-3788.23	-3934.676	146.4455	2.300118	0.283601	0.125363	0.239156	0.351881	0.9932238	5.55249
3816	-3802.046	-3945.51	143.4639	2.300118	0.222294	0.163146	0.224779	0.389781	0.8406205	7.253188
3822	-3801.971	-3947.195	145.2236	1.88819	0.150017	0.398815	0.259196	0.191972	0.8697666	6.451356
3828	-3793.282	-3940.191	146.9089	2.528103	0.146343	0.297498	0.231118	0.325041	1.13533	5.133081
3834	-3785.296	-3929.829	144.5328	3.085876	0.218151	0.383606	0.0845587	0.313684	0.9502396	6.345823
3840	-3783.403	-3930.076	146.6727	2.136295	0.12554	0.479266	0.0297352	0.365459	1.019851	5.476986
3846	-3784.762	-3930.041	145.2793	1.985058	0.119984	0.518832	0.0271762	0.334008	0.8824015	6.374187
3852	-3780.107	-3927.262	147.155	2.059593	0.153715	0.408974	0.0348378	0.402473	0.8862477	5.315788
3858	-3782.101	-3928.213	146.1121	2.842554	0.113475	0.301911	0.37366	0.210954	0.9263611	5.576949
3864	-3783.088	-3930.362	147.2744	1.463792	0.135012	0.225884	0.388111	0.250993	0.8714423	5.521444
3870	-3806.011	-3952.633	146.6228	1.640368	0.119041	0.367714	0.373774	0.139471	0.9750358	5.739833
3876	-3805.314	-3952.826	147.5112	1.484524	0.0866075	0.522576	0.253115	0.137701	0.9760628	5.323481
3882	-3800.146	-3944.991	144.8452	1.709197	0.122094	0.536372	0.15679	0.184745	0.8896507	6.722117
3888	-3794.138	-3939.303	145.1651	1.709197	0.113918	0.449986	0.263722	0.172374	0.8576805	6.566441
3894	-3776.266	-3923.028	146.7613	1.290079	0.265688	0.106721	0.508772	0.11882	0.9637517	5.837393
3900	-3775.518	-3922.291	146.7736	2.262876	0.298392	0.0645029	0.516484	0.120621	1.014325	5.374666
3906	-3780.704	-3928.831	148.1264	1.410698	0.279944	0.11017	0.506654	0.103232	1.036875	4.984941
3912	-3779.037	-3926.775	147.7379	1.733469	0.244362	0.188258	0.33759	0.229789	1.098537	5.014984
3918	-3779.765	-3927.311	147.5459	2.029556	0.252407	0.18671	0.339984	0.220899	0.9912001	5.053747
3924	-3778.064	-3926.175	148.1115	2.002147	0.198587	0.232723	0.277623	0.291067	1.078171	4.701612
3930	-3790.265	-3938.377	148.1125	2.002147	0.112011	0.251271	0.262107	0.374611	1.057351	4.712694
3936	-3786.486	-3931.029	144.543	1.843593	0.091454	0.373263	0.194635	0.340648	0.8693944	6.838289
3942	-3779.898	-3926.631	146.7336	1.631727	0.0899959	0.537908	0.0368793	0.335217	0.9238742	5.711084
3948	-3788.465	-3934.822	146.3567	2.142723	0.0656156	0.494628	0.0339872	0.405769	0.9048681	5.711084
3954	-3781.644	-3928.63	146.9863	1.824749	0.112711	0.464148	0.0471683	0.375973	0.9115032	5.493502
3960	-3790.202	-3936.911	146.7091	1.976265	0.177809	0.447643	0.105016	0.269531	1.049322	5.505918
3966	-3789.175	-3933.458	144.2826	2.12236	0.21809	0.169929	0.137108	0.474873	0.8544108	6.873383
3972	-3797.307	-3942.215	144.9074	3.145334	0.165586	0.395054	0.0558886	0.383471	0.8947357	6.153527
3978	-3790.613	-3934.805	144.1916	2.190228	0.0855789	0.55705	0.118856	0.238515	0.9448502	6.847231
3984	-3791.842	-3940.192	148.3496	2.383219	0.119583	0.423652	0.151913	0.304852	1.285709	4.29737
3990	-3790.041	-3938.849	148.8086	2.485875	0.201021	0.248533	0.31677	0.233676	1.322494	3.975971
3996	-3791.325	-3938.084	146.7592	1.790659	0.212436	0.264239	0.276378	0.246946	1.013616	5.577031
4002	-3799.319	-3947.312	147.9922	1.833396	0.24762	0.210626	0.253909	0.287845	1.032341	4.866093
4008	-3796.493	-3942.969	146.4767	1.512776	0.178971	0.357559	0.255426	0.208044	0.9326108	5.901859
4014	-3798.412	-3946.182	147.7695	2.118521	0.213499	0.320021	0.273268	0.193212	1.125218	4.818305
4020	-3788.671	-3935.102	146.431	2.42497	0.237066	0.249386	0.0776815	0.435867	0.9273782	5.549514
4026	-3796.66	-3944.443	147.783	2.298688	0.121184	0.40812	0.0711994	0.399496	1.089904	4.758735
4032	-3802.255	-3948.815	146.5605	1.483009	0.110914	0.373533	0.209231	0.306322	0.7976509	5.943823
4038	-3795.301	-3942.767	147.4667	1.545012	0.110266	0.150802	0.547649	0.191283	0.9457371	5.336118
4044	-3789.459	-3936.491	147.0325	1.545012	0.125011	0.24998	0.436885	0.188125	1.00092	5.544804
4050	-3804.374	-3949.639	145.2648	1.808671	0.138831	0.412606	0.244643	0.20392	0.9341956	6.427797
4056	-3789.544	-3936.129	146.5843	1.140781	0.133385	0.396422	0.274272	0.195921	0.8121127	6.093248
4062	-3794.346	-3939.851	145.5043	1.186328	0.112073	0.307985	0.458982	0.12096	0.8654581	6.626869
4068	-3798.095	-3944.956	146.8611	1.509379	0.082768	0.373099	0.4024	0.141733	0.8956297	5.713351
4074	-3783.052	-3930.687	147.6357	1.95574	0.172226	0.142232	0.548078	0.137464	0.9451763	5.060261
4080	-3784.58	-3930.444	145.8635	1.802633	0.192781	0.015803	0.637546	0.15387	0.930904	6.106848
4086	-3795.109	-3940.069	144.9593	3.233199	0.468899	0.0384374	0.143997	0.348667	0.6927156	6.207611
4092	-3793.092	-3938.444	145.3521	2.432353	0.224809	0.0955924	0.177787	0.501812	0.925998	6.13748
4098	-3791.809	-3938.05	146.2407	2.916196	0.334822	0.0508507	0.297009	0.317319	0.9161421	5.487013
4104	-3787.849	-3933.877	146.0285	1.741855	0.169603	0.245449	0.239348	0.3456	0.8699015	6.076631
4110	-3783.364	-3928.503	145.1392	1.893839	0.182956	0.179835	0.264398	0.372811	0.9449343	6.453994
4116	-3788.682	-3935.179	146.4968	1.328277	0.158849	0.337339	0.229559	0.274253	0.9157902	5.988993
4122	-3781.559	-3930.376	148.8165	1.19978	0.161199	0.276364	0.413453	0.148984	1.070534	4.688854
4128	-3795.616	-3945.314	149.6975	1.054533	0.155145	0.259823	0.397926	0.187106	1.155783	4.223513
4134	-3777.367	-3923.043	145.6762	2.628354	0.185431	0.310543	0.239499	0.264527	0.9434866	5.880515
4140	-3779.154	-3925.705	146.551	1.579668	0.0538253	0.476352	0.166366	0.303458	0.8727106	5.862868
4146	-3782.305	-3929.57	147.2652	1.30052	0.0535188	0.473639	0.171112	0.30173	0.8685225	5.60824
4152	-3784.49	-3930.038	145.5475	2.397441	0.185828	0.279918	0.169528	0.364726	0.8611295	6.079314
4158	-3780.628	-3927.226	146.5981	2.087239	0.184531	0.131528	0.48702	0.196921	0.9298636	5.587103
4164	-3774.073	-3920.361	146.2874	1.562084	0.215734	0.160155	0.444416	0.179695	0.9119775	5.993486
4170	-3777.29	-3924.009	146.7186	1.562084	0.150862	0.244823	0.478655	0.12566	0.8794707	5.77562
4176	-3780.131	-3925.707	145.5761	1.178395	0.0862759	0.429164	0.34391	0.140651	0.7475288	6.655853
4182	-3783.26	-3928.641	145.3809	1.681071	0.127441	0.346222	0.332196	0.194141	0.8337542	6.474938
4188	-3775.713	-3921.84	146.1277	1.976318	0.152446	0.488577	0.126743	0.232233	1.003151	5.850012
4194	-3776.468	-3923.669	147.2008	2.015071	0.115107	0.558637	0.0607217	0.265534	1.003151	5.244196
4200	-3783.352	-3931.949	148.5965	1.76538	0.167706	0.318299	0.127121	0.386873	1.106472	4.516552
4206	-3784.937	-3933.098	148.1618	2.516152	0.140486	0.270789	0.273744	0.314981	1.116008	4.448692
4212	-3790.598	-3936.811	146.2127	3.636855	0.126711	0.267012	0.246215	0.360062	0.9950729	5.232963
4218	-3796.1	-3944.064	147.964	1.528317	0.159671	0.336466	0.31026	0.193602	0.9950729	5.041533
4224	-3795.718	-3940.034	144.3162	3.25328	0.19007	0.218276	0.154887	0.436768	0.9002985	6.43784
4230	-3795.537	-3942.602	147.0646	2.20571	0.199018	0.228444	0.19782	0.374718	0.9478672	5.273064
4236	-3800.156	-3945.348	145.1918	1.255019	0.0807464	0.386722	0.3805	0.152032	0.7506193	6.822912
4242	-3810.467	-3955.491	145.0243	2.210799	0.142612	0.437846	0.037393	0.382149	0.8021417	6.466245
4248	-3801.933	-3946.635	144.7018	1.8438	0.30863	0.195695	0.203127	0.292548	0.8768432	6.748522
4254	-3799.013	-3943.635	144.6227	2.422411	0.315527	0.0518572	0.333531	0.299085	0.8728945	6.565838
4260	-3817.333	-3962.966	145.6331	1.296092	0.0765778	0.409615	0.246143	0.267665	0.8301543	6.520876
4266	-3813.247	-3958.719	145.4717	1.623498	0.103571	0.465153	0.181333	0.249943	0.6579994	6.546669
4272	-3804.017	-3949.754	145.7364	0.6240758	0.0453068	0.347533	0.593121	0.0140394	0.8171333	6.836766
4278	-3798.603	-3946.261	147.6587	0.7209809	0.0776732	0.398461	0.50777	0.0160967	0.8213063	5.7343
4284	-3792.034	-3937.697	145.6628	2.593361	0.164881	0.20276	0.391492	0.240867	0.9241366	5.910813
4290	-3791.583	-3936.354	144.7705	2.501189	0.317893	0.0878096	0.367928	0.22637	0.8723817	6.457417
4296	-3808.692	-3955.885	147.1928	3.470689	0.228576	0.223282	0.347301	0.200841	0.9396523	4.769093
4302	-3797.915	-3945.834	147.9193	1.743048	0.213449	0.208506	0.324317	0.253728	1.034918	4.945266
4308	-3785.954	-3932.048	146.0945	1.453076	0.213853	0.223572	0.308367	0.254209	0.8574577	6.179363
4314	-3782.289	-3928.106	145.8172	1.653916	0.137088	0.271128	0.1944	0.397384	0.8119249	6.262162
4320	-3778.682	-3924.907	146.225	2.125451	0.274604	0.312314	0.102338	0.310744	0.9046786	5.790161
4326	-3778.435	-3923.112	144.677	1.625996	0.173345	0.184306	0.451163	0.191187	0.8553952	6.868278
4332	-3785.51	-3932.823	147.3136	1.864738	0.205967	0.189299	0.463385	0.14135	1.081524	5.201964
4338	-3784.921	-3932.216	147.2949	1.941682	0.209551	0.325038	0.140483	0.324928	1.040944	5.201964
4344	-3794.532	-3939.375	144.8425	1.73332	0.20739	0.338365	0.302993	0.151253	0.8749155	6.720969
4350	-3792.862	-3939.446	146.5847	2.397996	0.23745	0.479645	0.0164748	0.266431	0.9532567	5.460802
4356	-3781.442	-3927.695	146.2525	2.768439	0.185699	0.396685	0.0464076	0.371208	1.043304	5.460802
4362	-3786.417	-3932.671	146.2543	2.295997	0.0837018	0.469169	0.0301685	0.416961	0.9367182	5.689988
4368	-3784.343	-3929.421	145.0787	2.616118	0.126428	0.512403	0.0148327	0.346336	0.8519934	6.260298
4374	-3794.477	-3940.073	145.5965	2.616118	0.167352	0.322481	0.0306187	0.479549	0.9246128	5.938678
4380	-3783.933	-3930.636	146.703	1.821076	0.118124	0.337719	0.217699	0.326458	0.9025863	5.655631
4386	-3780.137	-3926.754	146.6165	1.813513	0.144214	0.386285	0.147403	0.322097	0.9950191	5.655631
4392	-3775.134	-3922.782	147.6483	1.751667	0.127943	0.41204	0.174262	0.285755	1.015367	5.10273
4398	-3781.282	-3928.94	147.6585	2.036752	0.226371	0.202396	0.219684	0.351549	1.10557	4.924608
4404	-3789.005	-3934.792	145.7862	1.516461	0.140376	0.389707	0.180708	0.289209	1.061095	6.206411
4410	-3793.014	-3939.922	146.9082	1.808611	0.119794	0.519906	0.0617998	0.298501	1.044978	5.47005
4416	-3793.804	-3939.127	145.3232	2.196469	0.159193	0.41372	0.115552	0.311536	1.079274	6.159034
4422	-3794.651	-3943.139	148.4879	2.196469	0.168067	0.436784	0.0224439	0.372705	1.0508	4.425687
4428	-3789.801	-3936.38	146.5799	2.070409	0.100146	0.549516	0.0131306	0.337207	0.9510772	5.592293
4434	-3792.71	-3939.885	147.1751	2.783304	0.143923	0.522783	0.0124919	0.320803	1.180667	4.868789
4440	-3806.899	-3956.358	149.4583	1.650946	0.0956095	0.395055	0.00229909	0.507036	1.147691	4.058019
4446	-3804.014	-3949.948	145.934	2.586168	0.0948119	0.39176	0.0106222	0.502806	0.877229	5.790756
4452	-3798.097	-3943.031	144.9337	2.511121	0.10715	0.511514	0.0351802	0.346156	0.7711663	6.420239
4458	-3786.899	-3932.101	145.2017	1.58842	0.115871	0.505947	0.0357931	0.342389	0.7338777	6.667553
4464	-3784.935	-3930.126	145.191	1.58842	0.120717	0.430746	0.157039	0.291498	0.7445911	6.667553
4470	-3785.895	-3930.953	145.0577	1.388327	0.105435	0.376217	0.263751	0.254597	0.808942	6.798343
4476	-3778.841	-3925.049	146.2085	1.877971	0.124606	0.393568	0.180936	0.300889	0.9357724	5.883799
4482	-3783.165	-3930.428	147.2626	2.138771	0.138022	0.274619	0.208853	0.378507	1.03349	5.14285
4488	-3794.533	-3940.219	145.6867	1.730735	0.180873	0.169715	0.451182	0.198229	0.9351095	6.232039
4494	-3798.462	-3944.6	146.1372	1.610447	0.167115	0.240581	0.285529	0.306775	0.7954522	6.116696
4500	-3778.469	-3924.471	146.0021	1.792231	0.125554	0.450222	0.016271	0.407954	0.7825107	6.116696
4506	-3789.447	-3933.478	144.0307	2.464104	0.135155	0.379819	0.0195129	0.465513	0.7754004	6.923007
4512	-3785.678	-3930.285	144.6078	2.104417	0.176191	0.374624	0.0529524	0.396233	0.6867685	6.795421
4518	-3781.37	-3925.812	144.4425	2.730861	0.246047	0.300601	0.131704	0.321647	0.8838727	6.548159
4524	-3779.745	-3926.234	146.4894	1.615315	0.16472	0.201243	0.390673	0.243363	0.8324684	5.902179
4530	-3784.488	-3932.048	147.5596	1.492019	0.139225	0.472948	0.200013	0.187815	0.8980187	5.336244
4536	-3784.993	-3930.092	145.099	1.291297	0.142336	0.375784	0.310389	0.171492	0.7911968	6.832995
4542	-3787.917	-3933.726	145.8098	1.326822	0.143838	0.354513	0.313664	0.187986	0.8444095	6.402239
4548	-3786.049	-3933.09	147.0408	1.51137	0.166219	0.198693	0.413728	0.22136	0.8725049	5.626541
4554	-3786.463	-3932.356	145.8929	1.213514	0.0770221	0.429177	0.197473	0.296328	0.8647829	6.402875
4560	-3785.537	-3930.652	145.1145	1.578779	0.0811588	0.452227	0.208079	0.258536	1.003085	6.573532
4566	-3788.95	-3934.574	145.6242	1.413779	0.0836298	0.43396	0.234317	0.248093	0.9100225	6.425002
4572	-3789.283	-3935.73	146.4465	1.413779	0.0795951	0.55819	0.197249	0.164966	0.9497286	5.956102
4578	-3794.872	-3938.509	143.6369	1.824844	0.119929	0.402336	0.142174	0.33556	0.8124382	7.364256
4584	-3797.808	-3940.888	143.0798	2.571058	0.15729	0.216146	0.186466	0.440098	0.8347425	7.364256
4590	-3783.008	-3928.965	145.9579	1.999136	0.131961	0.465587	0.109979	0.292472	0.8874141	5.996545
4596	-3786.231	-3933.145	146.9133	1.721402	0.113002	0.398846	0.166439	0.321713	1.058125	5.498402
4602	-3787.077	-3934.303	147.2262	1.363089	0.132491	0.485588	0.11154	0.270381	1.058125	5.494293
4608	-3779.485	-3926.785	147.2998	1.741371	0.15165	0.376246	0.222077	0.250027	1.091765	5.257913
4614	-3793.373	-3941.017	147.6438	1.411777	0.0568771	0.40212	0.317935	0.223068	1.032816	5.254114
4620	-3788.705	-3936.911	148.2056	1.854072	0.0261942	0.501109	0.276213	0.196483	1.026629	4.741194
4626	-3785.894	-3933.014	147.1204	1.714988	0.0354817	0.551012	0.241627	0.17188	1.01006	5.413703
4632	-3785.647	-3932.807	147.1604	1.691062	0.0347836	0.540171	0.256548	0.168498	0.9894898	5.413703
4638	-3793.294	-3940.075	146.7814	1.691062	0.166766	0.289367	0.234215	0.309653	0.9680802	5.633842
4644	-3783.37	-3929.804	146.4336	1.673065	0.103083	0.388429	0.197006	0.311482	0.8373543	5.903888
4650	-3783.707	-3929.324	145.6176	2.728026	0.190361	0.396331	0.193626	0.219682	1.087467	5.798941
4656	-3785.572	-3932.38	146.808	1.410217	0.0506407	0.575212	0.124273	0.249874	0.9240935	5.774275
4662	-3789.02	-3936.217	147.1969	1.973529	0.16701	0.462249	0.125881	0.24486	1.024883	5.251654
4668	-3793.387	-3942.208	148.8203	1.475664	0.132627	0.312521	0.219816	0.335036	1.179784	4.485279
4674	-3787.93	-3935.918	147.9885	1.734513	0.0229003	0.482742	0.337738	0.15662	1.109005	4.869296
4680	-3786.468	-3934.204	147.7362	1.247781	0.0261412	0.389956	0.438357	0.145545	1.048847	5.276419
4686	-3791.048	-3939.738	148.6897	1.657759	0.156855	0.415621	0.175306	0.252218	1.012427	4.56612
4692	-3787.369	-3935.206	147.8367	1.644369	0.244554	0.216285	0.416788	0.122373	0.9499027	5.083066
4698	-3797.222	-3943.2	145.978	2.216799	0.274931	0.104005	0.305722	0.315342	0.9351895	5.872634
4704	-3784.257	-3928.114	143.8574	3.234485	0.187224	0.379143	0.0761763	0.357457	0.8821139	6.701763
4710	-3784.877	-3929.834	144.9568	2.448178	0.166466	0.337107	0.171377	0.32505	0.8317448	6.397679
4716	-3786.599	-3929.667	143.0676	2.323047	0.221358	0.30515	0.137917	0.335574	0.7402055	7.511039
4722	-3816.349	-3964.557	148.2074	1.984441	0.188816	0.292441	0.162659	0.356084	1.062895	4.663915
4728	-3814.546	-3961.366	146.8202	3.338329	0.218682	0.245688	0.0832499	0.452381	1.138377	4.906963
4734	-3793.927	-3938.781	144.8547	2.070963	0.222949	0.203038	0.399304	0.174709	0.8822636	6.569637
4740	-3800.54	-3945.485	144.9449	2.9683	0.296962	0.224327	0.261458	0.217253	0.9364735	6.167434
4746	-3786.676	-3930.902	144.2263	2.068452	0.20874	0.127798	0.50047	0.162992	0.8678615	6.917735
4752	-3798.473	-3942.343	143.8701	2.098841	0.151653	0.119661	0.468722	0.259964	0.737641	7.167535
4758	-3790.677	-3935.704	145.0266	3.57543	0.160384	0.385564	0.157036	0.297015	0.859137	5.976868
4764	-3792.535	-3936.587	144.0519	1.808968	0.222392	0.19948	0.181016	0.397112	0.859137	7.12299
4770	-3789.437	-3934.201	144.7637	3.021778	0.15033	0.247742	0.193896	0.408033	0.8435672	6.29903
4776	-3786.847	-3931.463	144.6166	3.094186	0.25771	0.194195	0.151988	0.396107	0.8825121	6.334465
4782	-3799.664	-3945.404	145.7403	3.707144	0.146434	0.399489	0.333539	0.120538	1.023732	5.457233
4788	-3789.006	-3932.371	143.3651	4.985623	0.306554	0.222495	0.23249	0.238461	0.8754901	6.50185
4794	-3779.25	-3926.981	147.7309	1.491088	0.209678	0.155344	0.462689	0.172289	0.9869222	5.192931
4800	-3789.463	-3935.075	145.6118	2.139542	0.329334	0.135877	0.233905	0.300884	0.8659132	6.140408
4806	-3790.502	-3935.768	145.2662	3.618405	0.28627	0.104725	0.162836	0.446169	0.9524491	5.78237
4812	-3783.226	-3930.54	147.314	2.612925	0.359525	0.112858	0.254593	0.273024	0.9583378	4.97567
4818	-3778.728	-3925.387	146.6591	3.25566	0.341791	0.0354577	0.401964	0.220787	1.031494	5.081827
4824	-3772.653	-3918.901	146.2481	2.375069	0.269091	0.0822023	0.295546	0.35316	1.107425	5.569725
4830	-3806.412	-3953.676	147.2643	3.751821	0.145212	0.314152	0.0838006	0.456835	0.9639458	4.631364
4836	-3799.657	-3944.05	144.3929	4.140533	0.114602	0.339647	0.0518421	0.493909	1.025454	6.073616
4842	-3799.201	-3943.818	144.6176	3.029738	0.0905983	0.548006	0.117722	0.243673	0.8763736	6.35794
4848	-3790.038	-3934.343	144.3049	3.51646	0.0307652	0.447663	0.0428018	0.47877	0.9123893	6.35794
4854	-3795.793	-3941.392	145.5989	1.543908	0.0238324	0.572129	0.0331566	0.370882	1.011946	6.322134
4860	-3791.691	-3936.896	145.2057	1.59308	0.0136516	0.617034	0.117284	0.25203	0.8427689	6.604415
4866	-3792.761	-3937.599	144.838	1.868415	0.0257711	0.58987	0.0564695	0.32789	0.8252257	6.692427
4872	-3789.046	-3937.088	148.0424	2.007516	0.281083	0.147684	0.299059	0.272174	1.100687	4.725404
4878	-3786.078	-3932.878	146.8007	2.675659	0.207577	0.271627	0.198073	0.322724	0.9469001	5.244079
4884	-3792.725	-3939.138	146.4123	1.552015	0.189839	0.323529	0.163355	0.323276	0.8825416	5.946052
4890	-3802.262	-3949.974	147.7124	1.835283	0.0867383	0.410916	0.286696	0.21565	1.117386	4.973673
4896	-3800.517	-3949.98	149.4629	2.142542	0.135798	0.467276	0.151697	0.245228	1.243976	3.782443
4902	-3794.832	-3943.411	148.5792	2.003599	0.137233	0.472214	0.142733	0.247819	1.097774	4.427312
4908	-3786.731	-3933.578	146.8477	1.565155	0.142116	0.435697	0.172491	0.249696	0.8212857	5.735358
4914	-3786.244	-3931.37	145.1254	2.151127	0.169985	0.4079	0.18835	0.233765	0.8574331	6.404687
4920	-3784.776	-3929.586	144.8099	2.738421	0.220608	0.23157	0.244441	0.303381	0.7764855	6.404687
4926	-3782.151	-3927.556	145.4052	1.894568	0.304744	0.189864	0.337668	0.167723	0.769273	6.404687
4932	-3793.685	-3941.526	147.841	1.744588	0.205083	0.0859079	0.336154	0.372855	0.9544334	5.032811
4938	-3792.259	-3938.559	146.2995	2.865922	0.347849	0.080872	0.330452	0.240826	1.026552	5.410824
4944	-3791.043	-3937.071	146.0283	1.997844	0.207481	0.0856768	0.390352	0.31649	0.811766	5.99993
4950	-3789.659	-3935.397	145.7382	1.975907	0.195937	0.156164	0.368634	0.279265	0.918824	6.108682
4956	-3782.259	-3927.324	145.065	1.927006	0.200528	0.176397	0.483549	0.139526	0.870173	6.520867
4962	-3780.867	-3926.186	145.3191	1.578374	0.129283	0.37985	0.277164	0.213703	0.8960601	6.520867
4968	-3782.095	-3928.475	146.3805	1.673252	0.19577	0.394216	0.161516	0.248498	0.9044443	5.896157
4974	-3784.397	-3932.227	147.8302	1.767677	0.0824241	0.383546	0.292258	0.241772	1.025424	4.989057
4980	-3786.441	-3931.843	145.4015	1.810926	0.106438	0.495291	0.107155	0.291116	0.9731426	6.331537
4986	-3792.479	-3936.271	143.7914	3.712598	0.214233	0.297005	0.0903586	0.398404	0.8693284	6.602713
4992	-3785.34	-3930.07	144.73	2.240984	0.197531	0.464727	0.14608	0.191663	0.8230466	6.602713
4998	-3784.517	-3930.979	146.4613	1.333269	0.138681	0.412997	0.313761	0.134561	0.9171907	6.005128
5004	-3789.441	-3936.414	146.973	1.965427	0.178725	0.231079	0.442435	0.147762	0.8463541	5.476915
5010	-3771.677	-3918.663	146.9862	1.807652	0.226227	0.288173	0.298565	0.187034	0.9552557	5.476915
5016	-3773.27	-3920.245	146.975	1.93283	0.208995	0.339494	0.214698	0.236812	0.9703659	5.421224
5022	-3776.133	-3921.657	145.5239	1.917435	0.162525	0.238028	0.317903	0.281543	0.9051042	6.256964
5028	-3788.042	-3932.175	144.1333	2.41903	0.103871	0.597539	0.0790952	0.219495	0.9097907	6.811604
5034	-3787.077	-3932.552	145.4745	2.750601	0.161812	0.486418	0.01158	0.34019	0.8242482	6.013117
5040	-3779.856	-3925.2	145.3436	1.967072	0.145774	0.373621	0.0631451	0.41746	0.691334	6.450267
5046	-3785.835	-3929.149	143.3135	2.953387	0.31653	0.274667	0.0538629	0.35494	0.7049033	7.179367
5052	-3805.222	-3948.793	143.5713	2.964032	0.282508	0.038092	0.232724	0.446676	0.7639558	7.005487
5058	-3798.398	-3945.098	146.6999	2.450557	0.262182	0.0850745	0.354157	0.298587	0.7592106	5.484613
5064	-3800.01	-3947.873	147.863	1.769214	0.243015	0.272206	0.205137	0.279642	0.9258237	5.025499
5070	-3782.059	-3928.838	146.7787	1.675562	0.214526	0.206255	0.432569	0.14665	0.9339913	5.661004
5076	-3783.296	-3930.224	146.9279	1.581097	0.289407	0.116837	0.30612	0.287636	1.000463	5.585747
5082	-3783.68	-3932.743	149.0631	1.861003	0.253224	0.253483	0.179434	0.313858	1.121815	4.201726
5088	-3788.107	-3935.268	147.1604	3.052379	0.0999787	0.412716	0.136422	0.350883	0.9529218	4.912571
5094	-3795.635	-3944.558	148.9226	1.765194	0.0937588	0.440701	0.106105	0.359435	1.007377	4.388775
5100	-3779.3	-3928.685	149.3846	1.558404	0.11192	0.427303	0.189632	0.271144	1.032986	4.209251
5106	-3777.059	-3925.065	148.0059	1.786615	0.11865	0.465625	0.128277	0.287448	1.038573	4.875618
5112	-3790.654	-3937.965	147.3113	1.257795	0.132759	0.254448	0.366685	0.246108	0.9608651	5.553848
5118	-3790.453	-3937.254	146.8006	2.254089	0.0956703	0.461906	0.18631	0.256113	1.081632	5.32605
5124	-3780.296	-3929.166	148.8697	1.831723	0.182026	0.110827	0.51249	0.194656	1.140653	4.313623
5130	-3782.754	-3930.001	147.2471	2.065587	0.158794	0.254037	0.217307	0.369862	0.9701941	5.216071
5136	-3790.976	-3939.408	148.432	1.88759	0.133184	0.388477	0.168129	0.310211	1.078301	4.570814
5142	-3795.502	-3938.351	142.8486	2.998349	0.065315	0.417043	0.107042	0.4106	0.9257413	7.295907
5148	-3787.084	-3933.17	146.0861	2.000727	0.103864	0.379549	0.139688	0.376899	0.9190352	5.908625
5154	-3784.183	-3929.218	145.0352	2.56671	0.374471	0.0361576	0.359444	0.229928	0.8553606	6.299558
5160	-3783.289	-3928.767	145.4778	1.38709	0.10141	0.280135	0.398542	0.219913	0.8631845	6.542525
5166	-3783.045	-3928.583	145.538	1.38709	0.120729	0.216523	0.407473	0.255275	0.7880949	6.550616
5172	-3790.051	-3935.508	145.4576	1.624441	0.211703	0.215013	0.25055	0.322734	0.8250616	6.463413
5178	-3789.143	-3935.261	146.1179	1.863889	0.0648551	0.257449	0.334999	0.342697	0.9072089	5.954892
5184	-3805.394	-3951.481	146.0873	2.836284	0.291392	0.203247	0.129737	0.375624	0.9131231	5.599922
5190	-3801.461	-3948.728	147.2676	1.337645	0.150988	0.430437	0.133261	0.285313	0.7835911	5.635021
5196	-3789.397	-3935.886	146.4889	1.382216	0.161978	0.35576	0.246448	0.235814	0.8017093	6.029046
5202	-3790.184	-3937.607	147.4235	1.320216	0.139102	0.301388	0.208782	0.350728	0.9559621	5.463301
5208	-3786.553	-3934.774	148.2206	1.664605	0.17848	0.2974	0.251611	0.272509	1.067758	4.794631
5214	-3784.048	-3932.071	148.0234	1.781002	0.17179	0.286254	0.233742	0.308214	1.003945	4.887606
5220	-3781.366	-3927.819	146.4528	1.540378	0.134519	0.505977	0.162485	0.19702	0.9862265	5.872691
5226	-3780.309	-3929.116	148.8074	1.70746	0.144951	0.253399	0.38935	0.212299	1.04736	4.457432
5232	-3779.407	-3924.956	145.5488	2.59987	0.207473	0.0742404	0.414417	0.30387	1.025269	5.91552
5238	-3788.673	-3935.392	146.7191	2.571281	0.304301	0.0212805	0.434737	0.239682	0.9057276	5.349165
5244	-3777.405	-3923.697	146.2913	1.495034	0.0614516	0.358653	0.297932	0.281963	0.9602275	5.996306
5250	-3783.78	-3929.4	145.6203	0.9925629	0.0709887	0.513366	0.34673	0.0689145	0.8242417	6.688542
5256	-3788.194	-3932.904	144.7104	1.208905	0.0567476	0.373323	0.424085	0.145845	0.7602842	7.100212
5262	-3786.592	-3931.161	144.5688	1.208905	0.218004	0.213709	0.465804	0.102483	0.9019021	7.100212
5268	-3792.181	-3939.129	146.948	1.59887	0.218431	0.0442455	0.576274	0.161049	0.8029542	5.674899
5274	-3785.86	-3930.644	144.784	1.952188	0.318405	0.109051	0.240461	0.332083	0.7460693	6.729578
5280	-3794.759	-3942.373	147.6133	1.726403	0.136154	0.196696	0.36444	0.302709	1.005356	5.138949
5286	-3797.064	-3943.813	146.7486	1.777658	0.129261	0.476065	0.107291	0.287384	0.9443435	5.626578
5292	-3803.086	-3950.439	147.353	2.470295	0.271478	0.288995	0.0739714	0.365556	1.0355	4.963351
5298	-3805.536	-3952.413	146.8771	3.149017	0.19776	0.259487	0.0492724	0.49348	1.088247	4.963351
5304	-3793.692	-3939.389	145.697	1.795395	0.251741	0.0585219	0.387502	0.302235	0.8937355	6.220817
5310	-3784.35	-3930.927	146.5769	2.516496	0.246994	0.065752	0.431313	0.255941	0.918963	5.440154
5316	-3787.033	-3933.67	146.6378	2.206664	0.253563	0.12821	0.236535	0.381692	1.070999	5.440154
5322	-3783.369	-3930.561	147.1919	2.104673	0.240171	0.0913985	0.355484	0.312946	1.011171	5.208067
5328	-3779.115	-3925.303	146.1882	2.104673	0.202918	0.279641	0.314688	0.202752	0.899367	5.821476
5334	-3789.003	-3934.648	145.6457	1.4325	0.111012	0.320661	0.146944	0.421383	0.8300137	6.447752
5340	-3784.915	-3930.103	145.1886	1.512031	0.204383	0.250311	0.238555	0.30675	0.8398635	6.652448
5346	-3786.432	-3932.706	146.2744	1.955587	0.265699	0.0880057	0.410112	0.236183	0.8742585	5.848849
5352	-3771.782	-3916.778	144.9955	1.955587	0.14993	0.264138	0.402501	0.183431	0.912468	6.523815
5358	-3781.01	-3925.543	144.533	2.439825	0.192812	0.359186	0.190436	0.257566	0.8183492	6.637501
5364	-3785.495	-3931.447	145.9516	2.319556	0.249037	0.176883	0.234364	0.339716	0.8183492	5.911414
5370	-3793.671	-3939.084	145.4134	2.074731	0.269535	0.196322	0.165566	0.368577	0.8183492	6.299884
5376	-3793.169	-3938.632	145.4628	3.121069	0.247809	0.210018	0.157776	0.384397	0.7986273	5.9108
5382	-3790.132	-3936.189	146.0573	2.921867	0.0705288	0.440547	0.0932142	0.39571	1.004881	5.537186
5388	-3787.985	-3935.295	147.3099	2.488959	0.124891	0.392122	0.0630589	0.419928	1.039404	4.978219
5394	-3785.511	-3931.826	146.3146	3.780786	0.223352	0.361912	0.0943619	0.320373	1.048956	5.104824
5400	-3784.766	-3931.291	146.5254	1.624143	0.0975963	0.323271	0.206317	0.372816	0.9495144	5.814491
5406	-3798.468	-3945.196	146.7279	1.643189	0.0147395	0.50242	0.0970581	0.385782	0.8830367	5.731373
5412	-3783.795	-3930.718	146.9233	0.9699712	0.187007	0.283033	0.393934	0.136025	0.8382324	5.98588
5418	-3782.493	-3928.728	146.2353	1.589926	0.10622	0.151459	0.514796	0.227525	0.9545632	5.98588
5424	-3779.381	-3924.528	145.1464	2.200803	0.170211	0.208823	0.395247	0.225719	0.9482095	6.324699
5430	-3788.715	-3936.754	148.0389	2.469257	0.14138	0.263988	0.220657	0.373974	1.037585	4.579482
5436	-3785.844	-3933.083	147.2386	2.469257	0.152646	0.285024	0.0789217	0.483408	0.9591626	5.069649
5442	-3790.122	-3935.93	145.8081	2.350564	0.127631	0.420825	0.047355	0.404189	0.9495846	5.906405
5448	-3789.331	-3934.762	145.4314	1.42343	0.106615	0.31081	0.314547	0.268028	0.7775493	6.596587
5454	-3801.603	-3946.001	144.3976	1.989209	0.178637	0.391478	0.111737	0.318148	0.7191116	6.937472
5460	-3785.972	-3930.898	144.9262	1.673801	0.0816947	0.42219	0.207391	0.288724	0.8334004	6.724336
5466	-3792.863	-3938.463	145.6001	2.100521	0.0603308	0.610651	0.0132338	0.315784	0.8559006	6.167656
5472	-3788.838	-3933.62	144.7816	2.301797	0.0791276	0.643024	0.0476696	0.230179	0.8227462	6.551863
5478	-3793.731	-3941.346	147.6153	2.238929	0.152016	0.349767	0.0397347	0.458483	0.9235837	4.968315
5484	-3794.304	-3940.244	145.9397	3.782784	0.232103	0.314003	0.0422912	0.411603	0.8580249	5.41692
5490	-3804.414	-3949.187	144.7731	4.176905	0.366808	0.0560362	0.0090881	0.568068	0.7662191	5.997936
5496	-3800.437	-3944.587	144.1504	4.176905	0.439132	0.0621592	0.00938746	0.489321	0.7928324	6.322314
5502	-3785.969	-3931.739	145.7696	2.114902	0.135699	0.339999	0.255978	0.268323	0.8262883	6.08578
5508	-3779.949	-3924.88	144.9308	3.300419	0.256562	0.29813	0.213689	0.231619	0.9067977	6.08578
5514	-3786.253	-3932.673	146.4197	3.300419	0.275275	0.291279	0.0619231	0.371523	1.075124	5.176227
5520	-3781.328	-3926.737	145.4088	1.923763	0.1609	0.492199	0.0196827	0.327218	0.8065873	6.370317
5526	-3781.867	-3926.906	145.0394	2.292858	0.151381	0.51217	0.00908948	0.327359	0.9060831	6.370317
5532	-3780.111	-3924.546	144.4355	3.31816	0.190701	0.385459	0.0114504	0.41239	0.8409967	6.385367
5538	-3784.295	-3931.91	147.6149	2.042171	0.183972	0.474065	0.00770363	0.33426	1.015029	4.996956
5544	-3786.935	-3932.299	145.3648	2.583897	0.229154	0.298075	0.219479	0.253292	0.9723744	6.050459
5550	-3786.557	-3933.515	146.9579	1.586666	0.229558	0.303272	0.219866	0.247304	1.040951	5.54444
5556	-3782.894	-3929.667	146.7727	1.756974	0.101036	0.386789	0.133479	0.378696	0.9692957	5.608698
5562	-3791.517	-3940.827	149.3101	1.745041	0.0500798	0.361938	0.261583	0.326399	1.129353	4.109207
5568	-3799.363	-3947.785	148.422	1.94472	0.0635526	0.353576	0.435736	0.147135	1.051193	4.567023
5574	-3774.683	-3922.698	148.0147	1.625398	0.159023	0.332939	0.30083	0.207208	1.043346	4.94103
5580	-3781.739	-3928.931	147.192	1.659955	0.259819	0.182778	0.365957	0.191446	1.043734	5.380488
5586	-3790.448	-3937.252	146.8035	1.559366	0.239895	0.130829	0.449729	0.179547	0.7968793	5.775623
5592	-3785.929	-3930.865	144.9356	2.424582	0.281205	0.113051	0.301223	0.304521	0.8511806	6.407315
5598	-3797.156	-3942.501	145.345	2.176645	0.165269	0.105068	0.427493	0.30217	0.8549941	6.276862
5604	-3788.596	-3934.112	145.516	1.985689	0.19238	0.28464	0.338132	0.184848	0.8404925	6.268183
5610	-3791.444	-3936.655	145.2112	2.98513	0.269128	0.152696	0.353437	0.22474	0.87751	6.049004
5616	-3782.262	-3927.33	145.0678	1.66266	0.150813	0.229514	0.408938	0.210734	0.7715356	6.686183
5622	-3794.801	-3939.231	144.4306	2.243139	0.189529	0.246103	0.355043	0.209325	0.6594387	6.851941
5628	-3797.572	-3943.341	145.7686	1.402419	0.226595	0.236014	0.32043	0.216961	0.7634475	6.431654
5634	-3786.041	-3934.293	148.2524	1.586127	0.16117	0.231414	0.358593	0.248824	1.005999	4.84772
5640	-3793.67	-3939.752	146.0818	3.317121	0.332646	0.103332	0.345526	0.218496	0.9720555	5.41449
5646	-3790.985	-3935.043	144.0578	2.685612	0.206685	0.214541	0.204277	0.374497	0.7991743	6.817417
5652	-3784.381	-3929.79	145.4099	1.721218	0.257625	0.235314	0.178966	0.328095	0.9077092	6.401428
5658	-3790.31	-3936.591	146.2803	2.020084	0.119057	0.431963	0.0490974	0.399883	1.096165	5.697517
5664	-3790.237	-3935.599	145.3618	2.193415	0.17449	0.387826	0.0364952	0.401189	1.074248	6.141924
5670	-3797.907	-3942.301	144.3942	2.383767	0.259092	0.313952	0.0643558	0.362601	0.9482855	6.662858
5676	-3796.916	-3942.29	145.3745	3.244675	0.221414	0.346204	0.060847	0.371535	0.8583764	5.887427
5682	-3790.61	-3938.93	148.3194	2.115914	0.178821	0.392721	0.132603	0.295855	1.171963	4.48507
5688	-3783.067	-3928.874	145.8074	2.187168	0.212121	0.229996	0.172659	0.385225	1.039913	5.920151
5694	-3783.04	-3928.306	145.2665	2.615225	0.198948	0.335924	0.0430913	0.422037	1.054363	6.048236
5700	-3778.709	-3925.88	147.1714	2.142403	0.193958	0.327498	0.0833288	0.395216	0.9332222	5.247322
5706	-3783.318	-3930.98	147.6618	1.361427	0.13716	0.311797	0.220199	0.330844	0.9674913	5.305037
5712	-3781.039	-3928.069	147.0305	1.699906	0.106296	0.337639	0.224527	0.331538	0.8662457	5.549029
5718	-3780.091	-3926.792	146.7011	2.099104	0.129585	0.378632	0.244325	0.247457	0.9926721	5.491202
5724	-3784.715	-3930.725	146.01	1.56226	0.118232	0.34546	0.22292	0.313388	0.8685292	6.168209
5730	-3788.473	-3935.303	146.83	2.041559	0.114376	0.343093	0.242349	0.300182	0.9463559	5.46914
5736	-3791.759	-3938.864	147.1048	2.302454	0.137107	0.27914	0.223911	0.359842	0.9630051	5.204774
5742	-3781.112	-3926.225	145.1126	2.096226	0.210897	0.239265	0.314812	0.235026	0.8141384	6.456761
5748	-3784.528	-3928.761	144.2333	2.125424	0.215672	0.275123	0.184446	0.324759	0.8794667	6.885201
5754	-3801.065	-3945.177	144.1122	1.721051	0.123635	0.516435	0.0525598	0.30737	0.7348089	7.195243
5760	-3787.405	-3932.331	144.9257	1.986262	0.193958	0.393632	0.0664146	0.345995	0.8338264	6.591556
5766	-3783.286	-3928.109	144.8232	2.136267	0.0482116	0.53168	0.039957	0.380151	0.8254598	6.591556
5772	-3793.301	-3937.559	144.2586	3.203966	0.212046	0.302697	0.0711139	0.414143	0.6649032	6.611784
5778	-3783.68	-3928.024	144.3443	3.203966	0.236171	0.293399	0.0689411	0.401489	0.8364833	6.472511
5784	-3792.27	-3939.02	146.7504	3.758659	0.135934	0.341537	0.0428196	0.479709	0.9935038	4.899952
5790	-3787.77	-3931.286	143.5158	3.038496	0.190177	0.223243	0.273023	0.313558	0.8512494	6.964352
5796	-3792.629	-3936.305	143.6759	1.623973	0.150873	0.182383	0.410577	0.256168	0.7198542	7.480086
5802	-3800.767	-3948.673	147.9065	3.001264	0.221659	0.240634	0.175073	0.362633	1.037552	4.464645
5808	-3795.003	-3941.825	146.8222	1.691784	0.208196	0.226018	0.22518	0.340606	0.8557952	5.672743
5814	-3796.528	-3942.13	145.6019	1.650436	0.192455	0.210775	0.352711	0.244059	0.8407845	6.364946
5820	-3793.667	-3941.275	147.6084	1.667559	0.341056	0.0295921	0.469474	0.159878	0.8562103	5.250731
5826	-3795.341	-3942.251	146.9099	2.869027	0.300412	0.212523	0.146406	0.34066	1.090828	5.036708
5832	-3793.422	-3941.225	147.8026	1.774892	0.224094	0.182253	0.284938	0.308715	0.9712657	5.031281
5838	-3793.799	-3941.564	147.7655	1.485072	0.201682	0.236398	0.284078	0.277841	1.040824	5.146831
5844	-3800.755	-3948.813	148.0582	1.686173	0.217292	0.252294	0.403064	0.12735	1.02572	4.898737
5850	-3791.498	-3937.418	145.9193	1.65442	0.209387	0.19825	0.422332	0.170031	0.8776627	6.170676
5856	-3790.433	-3935.92	145.4875	2.205083	0.125843	0.270994	0.302929	0.300235	0.8874417	6.170676
5862	-3779.106	-3925.009	145.9033	1.687664	0.197447	0.089183	0.575029	0.138341	0.8663362	6.170676
5868	-3779.952	-3926.267	146.3148	2.411236	0.154167	0.372531	0.364607	0.108695	0.9012537	5.632773
5874	-3788.771	-3935.3	146.5287	1.464391	0.10505	0.459517	0.287506	0.147927	0.8061959	5.965314
5880	-3784.503	-3931.556	147.0528	1.373396	0.149338	0.324896	0.410162	0.115605	0.8623711	5.69195
5886	-3782.653	-3929.633	146.9802	1.429139	0.0634561	0.542448	0.260753	0.133343	0.9772974	5.641601
5892	-3788.126	-3936.204	148.0782	0.9162878	0.0720657	0.480368	0.296132	0.151435	0.9566447	5.317287
5898	-3779.869	-3925.023	145.154	2.126655	0.139153	0.367969	0.352896	0.139981	0.8889445	6.381713
5904	-3786.835	-3934.95	148.1158	1.419582	0.232625	0.285303	0.373538	0.108534	1.057402	4.975102
5910	-3785.999	-3932.257	146.2582	1.429761	0.0933189	0.370585	0.331507	0.20459	0.9418966	6.055386
5916	-3782.594	-3929.207	146.6132	0.9610882	0.111145	0.354945	0.317516	0.216394	0.816801	6.171414
5922	-3788.518	-3932.87	144.3521	1.111946	0.198214	0.314803	0.295061	0.191922	0.8917317	7.271855
5928	-3778.522	-3925.463	146.941	1.098083	0.125137	0.409356	0.226414	0.239094	0.9195917	5.862488
5934	-3784.641	-3932.109	147.4673	2.766026	0.228686	0.205341	0.176092	0.38988	0.9984483	4.813508
5940	-3781.653	-3929.032	147.3789	2.691085	0.24424	0.245112	0.159399	0.351248	1.069933	4.849389
5946	-3794.103	-3943.931	149.8282	1.996229	0.197226	0.433429	0.0352668	0.334078	1.217328	3.649161
5952	-3790.086	-3940.227	150.1408	2.033913	0.277544	0.202699	0.0496288	0.470128	1.175754	3.475146
5958	-3798.279	-3949.089	150.8099	1.830551	0.248552	0.181525	0.271551	0.298372	1.368776	3.057859
5964	-3786.059	-3936.271	150.2127	1.557134	0.101263	0.412531	0.33048	0.155725	1.251284	3.609784
5970	-3789.817	-3935.569	145.7515	3.851263	0.308731	0.164092	0.0194675	0.507709	0.9213687	5.46622
5976	-3782.15	-3925.554	143.4036	3.067721	0.269866	0.267512	0.0188277	0.443795	0.8767064	7.001733
5982	-3788.491	-3933.551	145.0598	2.276944	0.134571	0.337098	0.116164	0.412168	0.8532995	6.393962
5988	-3789.998	-3934.806	144.808	2.560165	0.169381	0.278294	0.357718	0.194607	0.9616118	6.367571
5994	-3788.25	-3935.146	146.896	1.409685	0.0386419	0.37012	0.346831	0.244407	0.9087364	5.73476
6000	-3785.392	-3932.123	146.731	1.997006	0.101047	0.351831	0.329692	0.21743	1.069584	5.474127
6006	-3781.952	-3930.219	148.2672	1.614593	0.0582772	0.366892	0.343806	0.231025	1.069584	4.790689
6012	-3810.264	-3957.246	146.9826	1.476782	0.146006	0.156244	0.598541	0.0992089	0.8947916	5.662678
6018	-3792.188	-3939.767	147.5791	1.264619	0.152351	0.119578	0.624551	0.10352	0.9739158	5.395825
6024	-3769.894	-3915.866	145.9715	1.491142	0.200197	0.301974	0.316796	0.181032	0.9015894	6.204271
6030	-3771.156	-3914.816	143.66	2.877575	0.263952	0.262768	0.128823	0.344457	0.7608905	6.987679
6036	-3787.283	-3933.223	145.9394	2.684611	0.257797	0.274545	0.131235	0.336424	0.9746731	5.699603
6042	-3786.223	-3932.089	145.8662	2.684611	0.213914	0.322333	0.0981584	0.365595	0.9571728	5.749304
6048	-3778.86	-3925.501	146.6415	2.577687	0.274466	0.197153	0.32987	0.198511	0.9063984	5.389277
6054	-3784.871	-3931.588	146.7165	1.475433	0.173108	0.268704	0.344087	0.214101	1.014638	5.743457
6060	-3784.88	-3930.248	145.3682	2.199898	0.169565	0.263205	0.264969	0.302262	0.9222208	6.218672
6066	-3779.785	-3925.427	145.6421	1.678558	0.187582	0.221212	0.337168	0.254038	0.8189244	6.34242
6072	-3785.199	-3931.268	146.0699	1.44898	0.109995	0.242338	0.369368	0.278299	0.9789374	6.128613
6078	-3783.043	-3930.328	147.2845	1.64006	0.0680658	0.349283	0.332289	0.250362	1.011678	5.356235
6084	-3785.735	-3929.883	144.1478	2.916257	0.110561	0.361435	0.18469	0.343314	0.846691	6.665451
6090	-3777.527	-3921.75	144.223	1.633698	0.092802	0.391452	0.328978	0.186768	0.8232397	7.126598
6096	-3778.536	-3920.914	142.3785	1.941341	0.155202	0.239627	0.292822	0.31235	0.9101696	7.936897
6102	-3780.704	-3927.865	147.1612	1.672689	0.271359	0.12199	0.404311	0.202339	0.9923023	5.420021
6108	-3781.615	-3928.036	146.4211	2.360989	0.264785	0.143259	0.394517	0.197438	0.897279	5.595418
6114	-3793.532	-3939.999	146.4671	1.646243	0.150462	0.134505	0.578764	0.136269	0.9390643	5.842102
6120	-3786.35	-3931.709	145.3591	1.72062	0.140621	0.135594	0.596429	0.127356	0.9147905	6.425383
6126	-3790.545	-3937.987	147.4422	1.93458	0.207555	0.146167	0.508992	0.137287	0.9865177	5.153524
6132	-3784.158	-3930.046	145.8885	1.466191	0.172481	0.191125	0.364935	0.271459	0.7809264	6.326696
6138	-3778.121	-3923.405	145.2844	2.365855	0.185147	0.158771	0.364688	0.291394	0.9049554	6.210409
6144	-3780.931	-3929.943	149.0117	1.425647	0.112164	0.275092	0.364601	0.248143	1.070527	4.46367
6150	-3779.988	-3928.789	148.8003	1.610044	0.107962	0.377421	0.321888	0.19273	1.123679	4.46367
6156	-3781.181	-3930.78	149.5992	1.152018	0.167755	0.235951	0.399609	0.196685	1.219162	4.189629
6162	-3781.791	-3930.038	148.2465	1.243376	0.107701	0.242371	0.46757	0.182358	1.014244	5.015263
6168	-3789.772	-3936.298	146.5255	1.52734	0.139928	0.458285	0.113562	0.288225	1.014244	5.823722
6174	-3782.872	-3929.101	146.2291	1.696829	0.163532	0.270339	0.336694	0.229434	0.9148929	5.962588
6180	-3789.824	-3937.03	147.2059	2.011064	0.0344822	0.465737	0.237681	0.2621	0.9360352	5.280144
6186	-3795.735	-3941.3	145.5648	1.561214	0.0785825	0.419615	0.265659	0.236144	0.8751312	6.406945
6192	-3801.352	-3947.313	145.9603	1.354383	0.105205	0.352723	0.343573	0.1985	1.099824	6.168183
6198	-3803.042	-3950.008	146.9653	1.284551	0.161059	0.208915	0.469041	0.160985	0.9466899	5.737854
6204	-3784.669	-3931.409	146.74	1.12587	0.153084	0.327293	0.290422	0.229201	0.9679704	5.93119
6210	-3786.674	-3932.179	145.5049	2.015235	0.117089	0.32724	0.21324	0.342431	0.8655554	6.248523
6216	-3781.796	-3927.789	145.9934	2.016423	0.19029	0.309238	0.181436	0.319035	1.014791	5.900573
6222	-3794.374	-3940.688	146.3142	2.176016	0.167137	0.393285	0.15936	0.280217	0.9023373	5.722576
6228	-3787.444	-3933.204	145.7609	1.394572	0.120814	0.341254	0.329913	0.208019	0.9133091	6.358302
6234	-3798.621	-3945.659	147.0383	1.820887	0.1928	0.0677328	0.453514	0.285953	0.899646	5.473125
6240	-3786.248	-3933.192	146.9437	2.389082	0.230149	0.118379	0.458706	0.192766	0.9965563	5.242284
6246	-3789.826	-3937.5	147.6742	1.425515	0.245664	0.223153	0.141249	0.389934	1.263387	5.102977
6252	-3785.255	-3933.057	147.8018	1.808495	0.270412	0.2123	0.319247	0.198041	1.222138	4.87738
6258	-3788.423	-3935.122	146.6981	1.862226	0.259632	0.0647054	0.369248	0.306415	0.9786874	5.598838
6264	-3795.709	-3942.108	146.3997	1.862226	0.247973	0.127285	0.352666	0.272076	1.032068	5.733216
6270	-3796.295	-3940.541	144.2464	2.623668	0.271081	0.377702	0.00628644	0.344931	0.8112412	6.730585
6276	-3790.571	-3936.415	145.8439	3.323644	0.217377	0.347649	0.00531275	0.429662	0.9737309	5.54243
6282	-3784.971	-3932.093	147.1223	2.367648	0.134283	0.456406	0.00155183	0.407759	1.031979	5.131964
6288	-3801.133	-3949.003	147.87	1.906857	0.171995	0.534335	0.00222154	0.291449	1.031979	4.90258
6294	-3797.914	-3946.284	148.3705	1.872906	0.0733382	0.552972	0.0222618	0.351428	1.060055	4.621955
6300	-3793.225	-3942.061	148.8364	1.122445	0.0221419	0.398761	0.425857	0.15324	1.100671	4.702193
6306	-3798.732	-3946.452	147.7203	1.415857	0.0797037	0.346463	0.254074	0.319759	1.087541	5.179526
6312	-3787.759	-3934.301	146.5416	3.57269	0.360319	0.186792	0.0587151	0.394175	1.118134	5.001525
6318	-3781.907	-3930.113	148.2058	2.291958	0.207143	0.209669	0.285408	0.29778	1.191477	4.4673
6324	-3780.919	-3927.218	146.2993	2.588514	0.178401	0.219359	0.298598	0.303642	1.016632	5.513096
6330	-3779.872	-3926.398	146.5261	2.313892	0.149313	0.223889	0.423049	0.203748	0.974648	5.513096
6336	-3784.967	-3930.339	145.3716	4.481999	0.226278	0.339294	0.0350634	0.399365	0.9078351	5.513096
6342	-3789.664	-3934.962	145.298	2.893108	0.163475	0.358188	0.0567328	0.421604	0.842882	6.050971
6348	-3799.052	-3944.891	145.8392	2.82108	0.20385	0.195401	0.0384833	0.562266	0.9421113	5.72528
6354	-3792.614	-3941.925	149.3103	2.515567	0.154876	0.263274	0.258526	0.323325	1.218859	3.735916
6360	-3792.82	-3942.301	149.4808	2.258515	0.174117	0.291787	0.170602	0.363494	1.241068	3.726047
6366	-3798.087	-3947.117	149.0301	2.250613	0.155616	0.444745	0.127654	0.271985	1.22635	3.996587
6372	-3787.746	-3933.132	145.3859	1.746337	0.0458186	0.582886	0.0958265	0.275469	0.820238	6.450865
6378	-3792.683	-3938.615	145.9325	1.652453	0.0614485	0.516274	0.0528389	0.369439	1.009783	6.092432
6384	-3779.681	-3925.743	146.0623	1.655393	0.0974895	0.278098	0.393914	0.230499	1.016956	6.016461
6390	-3784.783	-3931.259	146.4762	1.299363	0.117283	0.265672	0.363808	0.253237	0.9123921	6.016461
6396	-3775.286	-3924.143	148.8569	1.810933	0.186581	0.220732	0.302267	0.29042	1.140605	4.330117
6402	-3780.847	-3929.267	148.4205	1.810933	0.188985	0.306874	0.209978	0.294162	1.110651	4.592734
6408	-3791.342	-3938.375	147.0331	1.810933	0.197082	0.16547	0.402565	0.234882	0.9768546	5.43779
6414	-3794.46	-3940.931	146.4704	2.858802	0.190048	0.143058	0.352131	0.314764	0.9870795	5.340778
6420	-3797.159	-3943.087	145.9279	2.567221	0.127852	0.411829	0.248566	0.211753	1.033102	5.715531
6426	-3788.143	-3935.991	147.8478	1.552961	0.13504	0.349874	0.302272	0.212814	0.860368	5.168962
6432	-3784.333	-3930.598	146.2656	1.759706	0.213116	0.29987	0.255797	0.231217	0.9281219	5.907718
6438	-3777.423	-3924.8	147.3777	1.853025	0.25148	0.272099	0.265566	0.210856	0.9995441	5.216883
6444	-3789.678	-3934.412	144.7349	4.598776	0.302598	0.0439659	0.173664	0.479772	0.9250978	5.823241
6450	-3785.472	-3928.946	143.4742	3.429143	0.368844	0.0634069	0.0984954	0.469253	0.9183313	6.830038
6456	-3783.233	-3928.519	145.2861	6.110626	0.238868	0.0721877	0.0918649	0.597079	1.008255	5.128666
6462	-3791.634	-3934.85	143.2161	4.013594	0.218869	0.117262	0.0292683	0.634601	0.8910855	6.818467
6468	-3788.153	-3933.881	145.7274	4.013594	0.233695	0.221772	0.125413	0.41912	0.8587599	5.468647
6474	-3794.834	-3941.698	146.8637	1.71253	0.187314	0.171408	0.336505	0.304774	0.9326599	5.59852
6480	-3794.204	-3941.493	147.289	2.02163	0.289547	0.26496	0.213748	0.231745	1.03105	5.17729
6486	-3773.437	-3919.705	146.2684	1.894898	0.0766953	0.461518	0.203999	0.257787	0.9268772	5.848766
6492	-3793.466	-3939.552	146.0857	1.691271	0.112984	0.488413	0.163655	0.234948	0.8303683	6.089356
6498	-3789.782	-3935.87	146.088	1.654771	0.0891685	0.321206	0.441859	0.147767	0.8580379	6.089356
6504	-3782.442	-3928.436	145.994	1.51971	0.122962	0.383374	0.282663	0.211001	0.9224758	6.167306
6510	-3791.162	-3937.01	145.8484	1.618251	0.220407	0.164798	0.511876	0.102919	0.8108404	6.261875
6516	-3790.889	-3937.384	146.495	1.819534	0.111558	0.08004	0.562205	0.246197	0.8402082	5.804403
6522	-3792.596	-3939.109	146.5126	2.266368	0.211779	0.111709	0.519899	0.156613	1.008939	5.519948
6528	-3802.883	-3951.678	148.7951	2.155029	0.158661	0.234254	0.215254	0.391831	1.202592	4.18285
6534	-3792.615	-3939.394	146.779	1.553605	0.104742	0.443944	0.371307	0.0800068	0.8463631	5.764635
6540	-3792.539	-3939.354	146.8144	1.350511	0.0581039	0.419757	0.307314	0.214825	0.7619866	5.888617
6546	-3795.309	-3941.984	146.6759	2.05841	0.181247	0.367618	0.214903	0.236232	0.9786169	5.529291
6552	-3793.821	-3941.182	147.3611	2.05841	0.177198	0.210145	0.183071	0.429586	1.132512	5.065944
6558	-3792.69	-3937.121	144.4316	2.935751	0.210358	0.249128	0.162571	0.377943	0.8920948	6.480898
6564	-3796.457	-3943.555	147.0983	2.215504	0.249553	0.184252	0.232102	0.334093	1.027354	5.206673
6570	-3803.76	-3949.225	145.4649	2.071875	0.118881	0.589612	0.0567998	0.234707	0.9375939	6.208234
6576	-3804.335	-3950.55	146.2157	2.071875	0.108051	0.5359	0.108065	0.247984	1.063809	5.729624
6582	-3787.479	-3934.044	146.5641	2.376488	0.238162	0.304542	0.323656	0.133641	1.072107	5.414782
6588	-3779.943	-3926.833	146.8898	1.851293	0.216982	0.403227	0.105092	0.274699	1.05643	5.455429
6594	-3775.92	-3923.62	147.7	2.381443	0.249023	0.282115	0.161496	0.307366	1.139463	4.745515
6600	-3770.29	-3917.595	147.3049	1.757561	0.123891	0.344442	0.25286	0.278807	0.9872777	5.305626
6606	-3779.365	-3926.061	146.6964	1.474601	0.111727	0.363836	0.33248	0.191956	0.9414927	5.794897
6612	-3778.345	-3925.192	146.8466	1.138013	0.116903	0.334366	0.347882	0.200848	0.8760192	5.916811
6618	-3786.103	-3932.347	146.2433	1.96027	0.106307	0.304061	0.419551	0.170081	0.9894692	5.80087
6624	-3772.683	-3919.693	147.0096	1.086748	0.104779	0.382204	0.39176	0.121256	0.9746793	5.80087
6630	-3777.73	-3925.82	148.0904	1.174121	0.107472	0.392024	0.401826	0.0986783	1.020426	5.134509
6636	-3771.12	-3919.054	147.9338	1.578173	0.0999479	0.344366	0.434604	0.121082	0.9948926	5.034861
6642	-3791.726	-3936.72	144.9941	2.117228	0.208273	0.124627	0.34904	0.31806	0.9745331	6.425736
6648	-3791.832	-3939.005	147.1722	1.755431	0.197109	0.335722	0.182239	0.28493	1.100164	5.317479
6654	-3777.09	-3922.508	145.4185	2.003564	0.132026	0.426325	0.0669323	0.374717	0.8694019	6.298115
6660	-3774.2	-3919.003	144.8024	2.860668	0.088703	0.449435	0.195183	0.266679	0.9876736	6.252702
6666	-3782.565	-3929.716	147.1514	1.699613	0.158353	0.293761	0.292028	0.255858	0.9628244	5.429507
6672	-3797.523	-3944.245	146.722	2.007154	0.245317	0.0322493	0.500846	0.221588	0.8971302	5.569715
6678	-3794.36	-3939.814	145.454	1.392642	0.256319	0.0123684	0.536353	0.19496	0.7317075	6.623889
6684	-3799.277	-3943.544	144.2668	2.326324	0.20744	0.341051	0.12064	0.330869	0.9552763	6.749304
6690	-3792.471	-3939.838	147.3675	2.334155	0.170454	0.391489	0.110917	0.32714	1.318541	4.849281
6696	-3784.142	-3933.267	149.1242	1.610214	0.246314	0.057478	0.490149	0.20606	1.242468	4.213368
6702	-3783.727	-3933.183	149.456	1.610214	0.226312	0.0590034	0.503157	0.211528	1.121781	4.093394
6708	-3785.999	-3932.379	146.3798	1.567588	0.186471	0.124103	0.416193	0.273233	1.0895	5.843504
6714	-3797.022	-3944.004	146.9825	1.793457	0.244813	0.0694044	0.406792	0.278991	0.9536875	5.485981
6720	-3794.311	-3940.154	145.8437	2.69516	0.264146	0.247613	0.0263715	0.46187	0.9172779	5.779775
6726	-3792.35	-3936.023	143.673	2.345423	0.179284	0.345983	0.0201091	0.454624	0.7742429	7.159612
6732	-3791.054	-3936.118	145.0637	2.388481	0.300221	0.128972	0.24989	0.320917	1.003607	6.268361
6738	-3784.555	-3929.772	145.2168	2.61978	0.18429	0.228846	0.120206	0.466658	0.8462389	6.187054
6744	-3796.531	-3941.3	144.7689	1.648662	0.291133	0.114373	0.413036	0.181459	0.7786439	6.849957
6750	-3788.026	-3933.356	145.3298	1.919254	0.298935	0.242498	0.272246	0.186322	0.8345938	6.399863
6756	-3790.332	-3935.585	145.2534	1.919254	0.0645397	0.510317	0.14949	0.275654	0.9110442	6.399863
6762	-3789.571	-3935.59	146.0189	2.170761	0.151005	0.464863	0.129606	0.254526	0.8763951	5.900361
6768	-3789.096	-3935.955	146.8594	1.690892	0.0992277	0.514396	0.104729	0.281647	0.9756041	5.586973
6774	-3793.497	-3939.916	146.4193	1.856371	0.228259	0.128383	0.40139	0.241968	0.9526882	5.768434
6780	-3791.086	-3933.88	142.7937	1.91409	0.263536	0.182345	0.279114	0.275005	0.8007748	7.784754
6786	-3797.043	-3942.371	145.3275	2.249275	0.196437	0.154949	0.326712	0.321902	0.8550719	6.258233
6792	-3781.011	-3927.865	146.8543	2.567967	0.103718	0.487105	0.116945	0.292232	0.9678278	5.241438
6798	-3780.537	-3925.782	145.2446	2.567967	0.178657	0.32821	0.165006	0.328127	0.8408392	6.193202
6804	-3791.601	-3937.615	146.0136	2.415563	0.0479515	0.443313	0.14384	0.364896	0.8795096	5.808082
6810	-3791.3	-3936.437	145.1367	2.82982	0.17779	0.21614	0.338533	0.267538	0.8259891	6.169236
6816	-3792.703	-3936.412	143.709	2.559485	0.310892	0.0619203	0.359927	0.267261	0.8099072	7.043619
6822	-3797.817	-3942.853	145.0357	2.981396	0.192219	0.253675	0.144421	0.409685	0.8433545	6.164401
6828	-3788.29	-3933.317	145.027	2.830079	0.226629	0.336265	0.114519	0.322587	0.7565095	6.266562
6834	-3795.622	-3946.36	150.7382	1.348427	0.0976966	0.428976	0.264938	0.208389	1.188286	3.446702
6840	-3783.537	-3930.511	146.9747	2.487301	0.111726	0.350161	0.237274	0.300839	1.079254	5.14267
6846	-3790.553	-3937.101	146.5481	1.428238	0.178101	0.329236	0.226474	0.266189	0.9146012	5.912838
6852	-3785.751	-3931.768	146.0166	1.56978	0.156695	0.302469	0.30664	0.234195	0.8674406	6.161714
6858	-3790.217	-3934.121	143.9036	2.54592	0.287484	0.157956	0.280377	0.274183	0.7854425	6.956811
6864	-3792.641	-3937.084	144.443	2.062557	0.244727	0.215685	0.272808	0.266781	0.6804412	6.904342
6870	-3784.304	-3930.324	146.0196	1.569917	0.228713	0.193473	0.349471	0.228343	0.8370287	6.176564
6876	-3790.713	-3936.885	146.1717	2.126969	0.182139	0.166257	0.270764	0.38084	0.9382882	5.800297
6882	-3780.148	-3925.339	145.191	2.359162	0.333682	0.234003	0.0643582	0.367957	0.8686914	6.283381
6888	-3785.867	-3930.69	144.8226	1.697933	0.204785	0.334206	0.219264	0.241745	0.9793253	6.690816
6894	-3796.096	-3942.495	146.3993	1.316162	0.0804795	0.560703	0.137995	0.220823	0.9539141	6.027376
6900	-3789.537	-3936.907	147.3697	2.242916	0.035032	0.595839	0.0914401	0.277689	0.9574573	5.084286
6906	-3784.166	-3928.533	144.367	1.975145	0.115196	0.454758	0.168602	0.261444	0.9583775	6.830681
6912	-3777.88	-3922.596	144.7167	1.731957	0.139017	0.340631	0.324521	0.195832	0.7351834	6.864848
6918	-3780.526	-3925.141	144.6151	1.731957	0.183173	0.257488	0.383929	0.175409	0.8368607	6.864848
6924	-3779.475	-3926.196	146.7211	1.403143	0.212288	0.113146	0.436835	0.237731	0.9025411	5.837051
6930	-3797.221	-3945.311	148.0901	1.392108	0.0977569	0.250881	0.318047	0.333315	1.060339	5.001264
6936	-3791.178	-3938.691	147.5124	1.727565	0.13797	0.246729	0.287502	0.327799	1.072313	5.157199
6942	-3793.203	-3939.783	146.5804	1.576281	0.285702	0.0460413	0.461956	0.206301	0.9138218	5.825866
6948	-3785.505	-3930.894	145.3885	1.788561	0.23132	0.23442	0.287733	0.246527	0.9090134	6.383019
6954	-3797.335	-3944.891	147.5555	1.021369	0.113134	0.386764	0.446732	0.05337	0.8667767	5.596129
6960	-3798.808	-3945.757	146.9485	1.699972	0.162212	0.117522	0.557427	0.16284	0.8624593	5.596129
6966	-3808.503	-3953.915	145.4125	2.324204	0.214002	0.155043	0.51884	0.112115	0.8954416	6.161565
6972	-3785.791	-3931.941	146.1496	2.110428	0.247393	0.233341	0.332954	0.186312	0.968603	5.80245
6978	-3791.578	-3938.195	146.6172	2.367082	0.0622472	0.437118	0.294571	0.206064	0.899012	5.484391
6984	-3795	-3941.923	146.9226	1.602659	0.114905	0.356586	0.360409	0.1681	0.9021527	5.63265
6990	-3780.73	-3927.12	146.3898	1.722956	0.105045	0.325989	0.329484	0.239481	0.8807213	5.881952
6996	-3787.571	-3933.34	145.7697	1.640055	0.16586	0.320355	0.234074	0.279712	0.7704001	6.316723
7002	-3776.017	-3923.837	147.8192	1.749473	0.0767182	0.456564	0.193456	0.273262	1.045963	4.991853
7008	-3775.055	-3921.784	146.7287	1.701136	0.251898	0.195526	0.240358	0.312219	1.121095	5.574265
7014	-3780.038	-3926.39	146.3523	1.645801	0.114369	0.191214	0.400909	0.293508	0.9122531	5.919691
7020	-3782.843	-3930.331	147.4889	1.906249	0.130407	0.217412	0.30348	0.348701	1.026966	5.117306
7026	-3778.426	-3927.165	148.739	0.953749	0.183549	0.306009	0.39707	0.113371	0.8929629	4.965417
7032	-3788.785	-3935.4	146.6152	2.030832	0.246693	0.202973	0.324158	0.226177	1.015744	5.553461
7038	-3788.584	-3936.956	148.3722	1.459138	0.171631	0.297086	0.331456	0.199827	1.024864	4.831094
7044	-3786.584	-3936.164	149.5808	1.30363	0.11163	0.405361	0.21348	0.26953	1.212915	4.123014
7050	-3794.22	-3942.173	147.9533	1.629834	0.174244	0.274766	0.285646	0.265344	1.190746	4.891113
7056	-3791.306	-3938.547	147.2402	1.96942	0.273151	0.25938	0.226371	0.241098	1.050152	5.215431
7062	-3787.921	-3935.934	148.0121	0.8382852	0.0450899	0.295671	0.629071	0.030168	0.9369263	5.408936
7068	-3788.261	-3934.021	145.7596	1.66948	0.100265	0.235069	0.39042	0.274246	0.895775	6.240912
7074	-3794.062	-3940.338	146.2758	1.89664	0.215375	0.315415	0.0531925	0.416018	0.8257485	5.899264
7080	-3785.42	-3931.275	145.855	1.498506	0.0673049	0.50904	0.138681	0.284973	0.816905	6.310148
7086	-3779.935	-3924.965	145.0306	1.356668	0.0715531	0.541171	0.0843155	0.302961	0.8451929	6.808733
7092	-3782.016	-3928.278	146.2624	1.780735	0.0383703	0.329112	0.370336	0.262181	0.8318809	5.952851
7098	-3781.321	-3927.472	146.1511	1.820565	0.2193	0.301723	0.257031	0.221946	0.9116594	5.952851
7104	-3791.091	-3936.009	144.9181	2.256915	0.22014	0.223494	0.322592	0.233774	1.044389	6.374774
7110	-3787.28	-3937.483	150.2033	1.716837	0.0764665	0.594487	0.0858946	0.243152	1.160699	3.590903
7116	-3789.311	-3938.772	149.4605	2.453578	0.161755	0.502906	0.150548	0.184791	1.304515	3.623393
7122	-3775.341	-3922.216	146.8751	1.616083	0.124817	0.344736	0.377851	0.152597	0.977076	5.611442
7128	-3777.957	-3925.225	147.2685	0.9808629	0.146283	0.415151	0.342308	0.0962589	1.019522	5.691988
7134	-3792.872	-3938.68	145.808	2.599531	0.273226	0.106793	0.141914	0.478066	0.919588	5.831761
7140	-3787.218	-3934.821	147.6027	2.126117	0.160039	0.180878	0.490449	0.168634	0.9197518	5.022409
7146	-3781.954	-3928.438	146.4843	1.572065	0.201334	0.304062	0.384499	0.110106	1.03541	5.813866
7152	-3780.823	-3928.368	147.5454	1.885592	0.119344	0.168721	0.297548	0.414387	1.006295	5.10628
7158	-3797.27	-3942.875	145.6049	2.476841	0.0910855	0.416548	0.194203	0.298164	0.8876945	6.004344
7164	-3789.786	-3935.36	145.574	2.476841	0.179067	0.435523	0.0500183	0.335392	0.9233235	6.001724
7170	-3788.819	-3934.169	145.3494	2.381523	0.117197	0.367431	0.141613	0.373759	0.9480322	6.145774
7176	-3795.772	-3939.856	144.0831	2.33695	0.0872918	0.539226	0.0883817	0.2851	0.8310836	6.911411
7182	-3778.39	-3924.495	146.1051	2.158734	0.150454	0.481571	0.113358	0.254617	0.9645674	5.809801
7188	-3781.026	-3927.495	146.4689	1.62859	0.153353	0.384878	0.202247	0.259522	1.113688	5.753535
7194	-3780.821	-3927.291	146.4709	2.460543	0.119774	0.225225	0.291323	0.363677	1.040558	5.452138
7200	-3778.481	-3923.913	145.4324	2.709339	0.388744	0.104408	0.338257	0.168591	1.053575	5.925181
7206	-3784.777	-3931.395	146.6184	2.509948	0.268916	0.0919579	0.256232	0.382894	1.067671	5.337735
7212	-3779.763	-3924.574	144.8115	2.214718	0.243628	0.28833	0.160069	0.307974	0.8019671	6.580092
7218	-3787.122	-3932.771	145.6484	3.163787	0.322457	0.12861	0.251135	0.297798	0.8066937	5.791362
7224	-3790.42	-3936.795	146.3747	2.304913	0.190782	0.177985	0.314133	0.3171	0.9421251	5.617605
7230	-3784.932	-3931.685	146.7536	1.705197	0.16198	0.253042	0.25881	0.326168	0.9899291	5.630808
7236	-3797.319	-3943.8	146.4811	2.373849	0.277533	0.0630522	0.348287	0.311128	1.037218	5.480706
7242	-3790.329	-3934.063	143.7341	2.035865	0.240385	0.0797631	0.419336	0.260517	0.9655577	7.143114
7248	-3778.547	-3923.853	145.306	1.833758	0.217853	0.121788	0.38003	0.280329	0.9335762	6.395059
7254	-3782.429	-3928.201	145.7716	1.452857	0.26406	0.24123	0.394774	0.0999359	0.7834996	6.395059
7260	-3810.416	-3954.081	143.6657	2.047598	0.331609	0.0794436	0.350201	0.238746	0.7593681	7.285964
7266	-3806.338	-3949.428	143.0899	2.760153	0.316292	0.0840395	0.37195	0.227719	0.8491659	7.285964
7272	-3778.819	-3925.55	146.7302	0.555786	0.0820137	0.358255	0.555934	0.00379764	0.8426599	6.323781
7278	-3783.779	-3930.244	146.4654	0.723004	0.0719526	0.272724	0.651992	0.00333176	0.9313838	6.323781
7284	-3796.676	-3941.728	145.0527	2.131044	0.269832	0.0867226	0.255283	0.388163	0.9427056	6.405781
7290	-3794.651	-3938.997	144.3467	3.177502	0.310205	0.0648675	0.178685	0.446242	0.9621384	6.411336
7296	-3798.377	-3944.241	145.8634	2.108959	0.318803	0.0389482	0.183638	0.45861	0.9787041	5.95392
7302	-3805.187	-3950.871	145.6837	0.5623631	0.0770227	0.354871	0.561677	0.00642887	0.8350048	6.890383
7308	-3814.245	-3958.135	143.89	0.9211745	0.0780407	0.35448	0.561058	0.00642178	0.6781835	7.735536
7314	-3800.094	-3944.651	144.5567	2.661604	0.223364	0.120671	0.379165	0.276799	0.8901008	6.506842
7320	-3791.323	-3936.984	145.6606	1.753653	0.157441	0.235315	0.237084	0.37016	0.8200762	6.298719
7326	-3803.278	-3947.936	144.6578	3.079132	0.161221	0.240965	0.218765	0.379049	0.879252	6.318652
7332	-3804.973	-3949.983	145.0106	1.68748	0.215957	0.161378	0.318019	0.304646	0.8497927	6.663824
7338	-3798.049	-3942.533	144.4841	1.678695	0.234125	0.16885	0.41142	0.185605	0.9072179	6.920894
7344	-3793.282	-3939.269	145.9872	2.104683	0.170017	0.114446	0.413237	0.302299	0.9997537	5.876512
7350	-3777.578	-3923.98	146.4023	1.844319	0.174738	0.202256	0.41171	0.211296	0.9703166	5.773265
7356	-3782.885	-3929.659	146.7734	1.567672	0.1719	0.246904	0.405022	0.176174	1.045094	5.652237
7362	-3793.141	-3940.277	147.1359	1.560533	0.154153	0.146388	0.396235	0.303224	0.9007461	5.535776
7368	-3785.88	-3931.645	145.7644	2.241899	0.0864937	0.469605	0.07126	0.372641	1.036084	5.924474
7374	-3782.226	-3928.09	145.8646	2.039776	0.0552359	0.518437	0.0149366	0.41139	1.082374	5.924474
7380	-3801.937	-3948.359	146.4225	1.736361	0.158268	0.262728	0.405724	0.17328	1.037323	5.772489
7386	-3811.272	-3954.739	143.4679	1.736361	0.176397	0.108862	0.514076	0.200665	0.8112545	7.493268
7392	-3797.954	-3944.412	146.458	3.084355	0.267474	0.2734	0.209255	0.249872	0.9488664	5.293753
7398	-3794.954	-3941.394	146.4398	3.189459	0.204484	0.292351	0.0646937	0.438471	0.9057814	5.293753
7404	-3786.977	-3932.236	145.2588	1.983196	0.109307	0.47847	0.148451	0.263772	1.020224	6.311282
7410	-3781.23	-3928.364	147.1334	2.233751	0.257146	0.49412	0.0570008	0.191733	1.028751	5.179319
7416	-3783.781	-3930.221	146.4399	1.877587	0.0833126	0.282	0.347829	0.286858	0.855889	5.801134
7422	-3789.674	-3936.042	146.368	2.813194	0.114579	0.318161	0.074388	0.492872	1.024315	5.392287
7428	-3796.951	-3944.203	147.2527	1.591851	0.0947771	0.436	0.0615318	0.407691	1.018273	5.392287
7434	-3787.886	-3933.473	145.5872	2.229986	0.17254	0.39386	0.0837453	0.349855	0.9774306	6.05773
7440	-3781.027	-3926.939	145.9115	2.550345	0.220621	0.377438	0.0553762	0.346565	0.9337161	5.785029
7446	-3786.828	-3933.562	146.7347	2.158132	0.129089	0.378523	0.0689768	0.423411	1.141791	5.366969
7452	-3816.281	-3962.196	145.9151	2.815528	0.20394	0.321738	0.112832	0.36149	1.037765	5.633113
7458	-3801.941	-3947.835	145.8935	2.849245	0.129555	0.400782	0.0193639	0.450299	1.038515	5.633113
7464	-3791.978	-3939.515	147.5365	2.038948	0.125609	0.388573	0.0492366	0.436582	1.204875	4.936371
7470	-3792.329	-3939.718	147.3886	2.492848	0.135763	0.321004	0.147881	0.395351	1.004683	4.952302
7476	-3800.162	-3947.077	146.9144	1.41785	0.147593	0.308313	0.281175	0.262919	0.9757236	5.684009
7482	-3798.653	-3946.146	147.4924	1.464751	0.0996562	0.281901	0.403649	0.214793	0.9757236	5.34354
7488	-3794.804	-3941.633	146.8287	1.484324	0.180299	0.281061	0.310852	0.227789	0.9022418	5.739354
7494	-3793.892	-3939.227	145.3356	1.484324	0.128212	0.236112	0.314397	0.321279	0.7778041	6.619441
7500	-3788.168	-3932.843	144.675	2.117335	0.168101	0.147761	0.262901	0.421237	0.9358395	6.619441
7506	-3796.337	-3942.353	146.016	2.117335	0.22833	0.0933391	0.258171	0.42016	0.8941487	5.913397
7512	-3794.139	-3939.268	145.1286	1.444812	0.287367	0.17243	0.377889	0.162313	0.8176517	6.728418
7518	-3797.621	-3943.514	145.8932	2.336301	0.109665	0.368847	0.205996	0.315493	1.037224	5.817391
7524	-3792.435	-3938.781	146.3461	1.863425	0.139799	0.223739	0.364724	0.271738	1.091198	5.729667
7530	-3780.033	-3927.924	147.8916	1.860575	0.232114	0.286928	0.246575	0.234382	1.013022	4.921069
7536	-3773.28	-3920.36	147.0797	1.712492	0.209333	0.328694	0.20601	0.255963	1.109525	5.382418
7542	-3775.339	-3921.604	146.2653	1.449116	0.235292	0.300357	0.176647	0.287704	0.8611496	6.08629
7548	-3777.724	-3924.876	147.1522	2.276895	0.348921	0.117185	0.272581	0.261313	1.06232	5.133463
7554	-3774.739	-3920.77	146.0314	1.91029	0.22582	0.167504	0.233155	0.373521	0.9152735	5.978057
7560	-3766.906	-3913.46	146.5543	1.577851	0.191366	0.104009	0.472694	0.231931	0.9152735	5.838623
7566	-3771.222	-3918.099	146.8764	1.600303	0.237686	0.129184	0.41077	0.22236	0.9573239	5.62882
7572	-3779.241	-3926.205	146.964	1.372085	0.164138	0.120831	0.555721	0.15931	0.9322388	5.702947
7578	-3783.6	-3930.412	146.8122	1.503902	0.0734687	0.33526	0.39422	0.197052	0.9682173	5.702947
7584	-3788.093	-3936.461	148.3672	1.722799	0.224714	0.06645	0.328342	0.380494	1.026574	4.709151
7590	-3784.082	-3929.076	144.9936	2.084359	0.193819	0.270666	0.338762	0.196753	0.7988796	6.534247
7596	-3793.098	-3937.181	144.0827	1.726391	0.119543	0.227142	0.413282	0.240034	0.8370648	7.153773
7602	-3784.952	-3933.296	148.3441	1.590556	0.165938	0.0758262	0.447647	0.310588	1.136214	4.721734
7608	-3789.408	-3936.08	146.6727	1.583885	0.268515	0.0833392	0.306784	0.341362	0.7322801	5.871185
7614	-3789.128	-3934.854	145.7263	1.583885	0.192826	0.0252189	0.621309	0.160646	0.8142222	6.341966
7620	-3787.909	-3934.167	146.2587	1.355513	0.168078	0.283709	0.340464	0.20775	0.8365367	6.148539
7626	-3798.857	-3943.746	144.8888	1.595949	0.253638	0.219048	0.252237	0.275077	0.9325757	6.725867
7632	-3785.253	-3932.201	146.9485	1.733089	0.264929	0.184224	0.328463	0.222384	0.9449605	5.536077
7638	-3788.168	-3933.516	145.3471	1.664366	0.211216	0.200261	0.324958	0.263565	0.9261818	6.450577
7644	-3783.712	-3930.232	146.5199	1.509396	0.148907	0.39011	0.255402	0.20558	0.9913346	5.847705
7650	-3795.598	-3939.909	144.3109	2.662265	0.181951	0.268822	0.316478	0.232749	0.8445189	6.664312
7656	-3799.315	-3945.463	146.1485	1.561892	0.0687339	0.429135	0.398371	0.10376	0.8606151	6.097294
7662	-3788.771	-3936.065	147.2936	1.197914	0.0811342	0.298822	0.514083	0.105961	0.9551427	5.597451
7668	-3790.147	-3938.897	148.7506	1.285379	0.181519	0.265649	0.322161	0.230671	1.003395	4.718723
7674	-3786.637	-3935.122	148.4845	1.601827	0.0870417	0.313478	0.349345	0.250135	0.9918248	4.718723
7680	-3786.074	-3933.869	147.7948	1.356743	0.160866	0.27104	0.406615	0.16148	0.9065268	5.267579
7686	-3789.4	-3937.041	147.6414	1.356743	0.153654	0.284925	0.401839	0.159583	1.07279	5.260479
7692	-3775.566	-3925.268	149.7022	1.241228	0.15543	0.19737	0.488251	0.158949	1.011308	4.20133
7698	-3778.945	-3928.037	149.0917	1.612036	0.198715	0.123626	0.463002	0.214657	1.230839	4.237536
7704	-3790.031	-3936.073	146.0426	2.032294	0.137653	0.214617	0.206006	0.441724	0.8008878	5.984
7710	-3775.929	-3922.493	146.5634	2.148067	0.228721	0.239769	0.268411	0.263099	0.9322997	5.580512
7716	-3775.882	-3919.857	143.9751	2.255935	0.186263	0.21418	0.309422	0.290136	0.9690629	6.925756
7722	-3777.335	-3922.317	144.9828	2.030635	0.188982	0.276436	0.265725	0.268858	0.9218121	6.495022
7728	-3778.055	-3924.409	146.3536	1.704051	0.157774	0.358036	0.259729	0.224461	1.034263	5.826141
7734	-3776.468	-3923.397	146.9295	1.652218	0.243557	0.133082	0.447007	0.176354	0.9879073	5.559194
7740	-3783.92	-3929.483	145.5629	1.796007	0.238026	0.128427	0.463362	0.170185	0.9949942	6.238417
7746	-3791.51	-3934.945	143.435	2.73537	0.167712	0.0869416	0.38936	0.355986	0.9394366	7.06038
7752	-3783.054	-3929.744	146.6902	2.734616	0.355018	0.0527957	0.313852	0.278334	0.9834109	5.264229
7758	-3787.95	-3932.566	144.6158	2.649043	0.22991	0.0690666	0.344433	0.35659	1.053106	6.390846
7764	-3780.187	-3924.83	144.6438	2.746231	0.262015	0.164352	0.169883	0.40375	0.9323745	6.407563
7770	-3780.807	-3927.014	146.2071	2.645675	0.254096	0.273164	0.145314	0.327426	1.016428	5.543478
7776	-3779.798	-3926.057	146.2586	1.885993	0.169796	0.322317	0.0955157	0.412372	0.883841	5.881414
7782	-3785.81	-3932.247	146.4372	2.457889	0.311692	0.231268	0.107333	0.349707	1.060511	5.460675
7788	-3790.608	-3936.228	145.6199	2.196678	0.172646	0.226846	0.161451	0.439058	1.165836	5.950057
7794	-3776.507	-3923.898	147.3911	2.195704	0.104827	0.413859	0.0867571	0.394557	1.014337	5.059476
7800	-3775.891	-3923.416	147.5248	1.675988	0.0379207	0.504545	0.150647	0.306888	0.9935103	5.217215
7806	-3780.254	-3925.923	145.6689	1.675988	0.065986	0.433264	0.240537	0.260213	0.9694022	6.247269
7812	-3790.416	-3936.796	146.3798	1.964246	0.260959	0.0875901	0.401399	0.250053	1.114496	5.656
7818	-3788.207	-3934.93	146.7236	1.770729	0.24772	0.0649535	0.381035	0.306292	0.9212042	5.656
7824	-3782.53	-3928.856	146.3259	2.243807	0.259998	0.180616	0.237911	0.321474	0.9638028	5.656
7830	-3791.512	-3937.924	146.4116	1.079641	0.150907	0.104896	0.652331	0.091866	0.8895858	6.177352
7836	-3797.961	-3946.376	148.4147	0.9583432	0.10829	0.204112	0.618663	0.0689351	0.9417888	5.115766
7842	-3805.534	-3949.228	143.6939	2.221689	0.187349	0.0668721	0.494683	0.251096	0.8122197	7.174549
7848	-3801.483	-3946.913	145.4297	1.870865	0.298745	0.0111051	0.491373	0.198777	0.727701	6.423917
7854	-3800.492	-3945.415	144.9232	1.728917	0.277956	0.0149625	0.527127	0.179954	0.9965499	6.61353
7860	-3785.62	-3932.772	147.1515	1.414259	0.227328	0.154912	0.431114	0.186647	1.041195	5.519629
7866	-3786.83	-3934.035	147.2047	1.834806	0.208165	0.242814	0.284253	0.264768	0.9160435	5.366368
7872	-3784.103	-3929.387	145.284	2.452993	0.210163	0.320748	0.20178	0.26731	0.939596	6.159585
7878	-3785.458	-3931.404	145.9458	2.155087	0.205872	0.314198	0.197659	0.28227	0.9896889	5.884606
7884	-3781.067	-3926.195	145.1281	1.702749	0.0878835	0.21678	0.403167	0.29217	0.9957612	6.514556
7890	-3787.783	-3936.231	148.4475	1.62264	0.115162	0.25967	0.427696	0.197473	1.030752	4.707891
7896	-3788.324	-3935.67	147.3459	2.225271	0.159652	0.243027	0.412505	0.184816	1.025361	5.06678
7902	-3775.363	-3921.093	145.7297	1.512297	0.183952	0.124608	0.495922	0.195518	0.8034672	6.378972
7908	-3781.807	-3926.963	145.1569	1.917318	0.148127	0.291029	0.284537	0.276307	0.8661504	6.477308
7914	-3776.596	-3923.081	146.4848	1.476824	0.171358	0.335431	0.328171	0.16504	0.9066095	5.928579
7920	-3780.972	-3926.617	145.6448	1.442903	0.177818	0.314711	0.337659	0.169812	0.9597452	6.372982
7926	-3789.478	-3934.975	145.4966	1.473957	0.244448	0.150057	0.410525	0.19497	0.9295948	6.454957
7932	-3783.512	-3930.874	147.3619	1.413381	0.191641	0.131102	0.524405	0.152852	0.8561563	5.50611
7938	-3785.734	-3933.581	147.847	2.144421	0.1681	0.114997	0.473763	0.243141	1.050533	4.806224
7944	-3791.771	-3939.702	147.9309	2.192063	0.179663	0.273343	0.143099	0.403894	0.9323241	4.806224
7950	-3793.297	-3940.511	147.2137	2.192063	0.153227	0.270761	0.131858	0.444154	1.135702	5.092038
7956	-3788.267	-3932.627	144.3592	3.891941	0.314898	0.252768	0.0176973	0.414637	0.9459869	6.202862
7962	-3798.123	-3943.698	145.5751	3.891941	0.285507	0.229176	0.0233002	0.462017	1.118226	5.443495
7968	-3792.229	-3938.322	146.0937	2.592983	0.322087	0.267905	0.0124398	0.397568	0.9318067	5.670956
7974	-3808.823	-3954.454	145.6306	2.308079	0.152196	0.276256	0.0919589	0.479589	0.8336275	6.082569
7980	-3800.291	-3947.036	146.7446	3.766483	0.283302	0.358701	0.0111308	0.346866	1.013213	4.889931
7986	-3792.178	-3939.564	147.3858	2.078667	0.282852	0.358131	0.0127023	0.346315	0.9174089	5.163211
7992	-3788.287	-3933.214	144.9264	2.466921	0.124092	0.478141	0.0140733	0.383694	0.8944929	6.373291
7998	-3782.81	-3929.15	146.3398	2.364892	0.0923487	0.418509	0.0437229	0.44542	0.9636915	5.602146
8004	-3790.703	-3937.051	146.3484	2.453897	0.24644	0.309265	0.0296374	0.414657	0.8946574	5.602146
8010	-3780.601	-3927.243	146.6418	2.319018	0.242269	0.371332	0.0814744	0.304925	0.9445471	5.464061
8016	-3787.461	-3934.764	147.3034	2.042399	0.182613	0.34484	0.105772	0.366775	0.9964851	5.179863
8022	-3796.858	-3945.245	148.3866	1.225609	0.0964449	0.432721	0.219584	0.25125	0.8979021	5.011246
8028	-3792.129	-3937.94	145.8104	1.578777	0.0930111	0.479191	0.190223	0.237575	0.8631854	6.272016
8034	-3810.423	-3959.052	148.6286	1.608745	0.337002	0.129786	0.316162	0.21705	1.175893	4.531473
8040	-3796.088	-3942.738	146.6491	1.88901	0.256144	0.209313	0.327345	0.207199	0.9689616	5.619663
8046	-3787.869	-3933.066	145.1969	1.950032	0.344758	0.0797923	0.29657	0.27888	0.8430774	6.454569
8052	-3788.873	-3935.159	146.2865	2.464342	0.145291	0.241449	0.316776	0.296485	0.8334479	5.665804
8058	-3796.926	-3944.422	147.4967	1.057164	0.164671	0.279838	0.367142	0.18835	0.8752372	5.604337
8064	-3797.87	-3944.331	146.4613	1.057164	0.133518	0.424994	0.297686	0.143802	0.8252198	6.197346
8070	-3798.913	-3945.529	146.6159	1.920555	0.102787	0.463926	0.0340639	0.399224	0.9785304	5.619321
8076	-3792.378	-3939.333	146.9556	1.851759	0.0189697	0.494033	0.0362745	0.450722	0.9899609	5.455596
8082	-3795.262	-3943.277	148.0146	1.476324	0.108143	0.333131	0.489572	0.0691537	0.9242474	5.077629
8088	-3785.42	-3932.676	147.2563	1.401608	0.192775	0.138725	0.476053	0.192447	0.8894249	5.55162
8094	-3784.738	-3930.803	146.0641	1.347938	0.179877	0.196353	0.4442	0.179571	0.915897	6.214907
8100	-3800	-3945.292	145.292	1.835201	0.157796	0.279686	0.299422	0.263096	0.7881843	6.480851
8106	-3790.755	-3935.239	144.4842	3.29137	0.22974	0.222519	0.263259	0.284482	0.9170591	6.32583
8112	-3794.111	-3939.846	145.7351	1.950955	0.339523	0.0749097	0.485116	0.100451	0.9022026	6.129717
8118	-3783.979	-3930.454	146.4745	1.409727	0.176429	0.243072	0.405316	0.175183	0.830019	6.008132
8124	-3795.529	-3940.55	145.0205	3.991547	0.251956	0.161444	0.0699692	0.516632	0.9245709	5.82638
8130	-3800.136	-3945.73	145.5939	2.103412	0.271347	0.0896153	0.361443	0.277595	1.033217	6.073321
8136	-3797.531	-3942.571	145.0403	3.312102	0.345791	0.114201	0.186256	0.353752	0.8135838	6.073321
8142	-3796.771	-3941.545	144.7745	2.647163	0.281233	0.0204376	0.341801	0.356529	0.8512129	6.414946
8148	-3795.208	-3940.89	145.682	1.67333	0.243306	0.109947	0.345406	0.30134	0.9613666	6.245731
8154	-3795.206	-3940.567	145.3608	2.3041	0.230521	0.0819838	0.359579	0.327915	0.806328	6.245731
8160	-3790.741	-3936.204	145.4632	1.857943	0.239898	0.157414	0.261434	0.341254	0.981101	6.273648
8166	-3795.528	-3940.917	145.3888	1.837024	0.332404	0.212389	0.19746	0.257747	0.8234459	6.408486
8172	-3794.288	-3939.774	145.4859	2.081602	0.16376	0.27171	0.119815	0.444714	0.8192141	6.257261
8178	-3801.144	-3947.161	146.0177	1.863622	0.214282	0.326412	0.156779	0.302527	0.8192141	6.057596
8184	-3795.335	-3942.739	147.4037	1.326441	0.154234	0.209812	0.410527	0.225426	0.9715443	5.462513
8190	-3798.642	-3946.084	147.4418	1.413843	0.152063	0.165172	0.505301	0.177464	0.9588765	5.405376
8196	-3797.092	-3944.308	147.2153	1.56432	0.170609	0.281778	0.299499	0.248113	0.8929716	5.494635
8202	-3774.644	-3919.427	144.7831	2.394909	0.278978	0.321111	0.0190941	0.380816	0.828879	6.512974
8208	-3777.556	-3920.383	142.8273	3.166849	0.298075	0.211896	0.024856	0.465173	0.831254	7.304804
8214	-3792.199	-3936.245	144.0451	2.258075	0.22822	0.367293	0.0483281	0.356159	0.8397503	6.956906
8220	-3783.389	-3928.943	145.5536	1.775161	0.120963	0.284474	0.287212	0.307351	1.095687	6.197739
8226	-3792.647	-3938.056	145.4098	2.076972	0.142615	0.407298	0.0853782	0.364709	1.008199	6.197739
8232	-3785.332	-3932.309	146.9769	1.899301	0.15332	0.353994	0.20022	0.292465	0.9835246	5.427088
8238	-3781.961	-3929.055	147.0934	1.81653	0.190036	0.316574	0.239125	0.254265	0.9315471	5.427088
8244	-3780.406	-3925.513	145.1073	1.522738	0.111503	0.37513	0.22382	0.289547	0.9094416	6.653841
8250	-3785.647	-3930.663	145.0154	1.522738	0.24177	0.250242	0.308473	0.199516	0.8591061	6.730659
8256	-3781.243	-3926.015	144.7715	1.863926	0.284242	0.189908	0.167928	0.357923	0.8244963	6.730659
8262	-3778.292	-3924.447	146.1548	2.806618	0.262466	0.174376	0.234509	0.32865	1.066229	5.488836
8268	-3786.144	-3932.65	146.5055	2.806618	0.217053	0.179473	0.408643	0.194832	1.051415	5.303756
8274	-3785.296	-3930.849	145.553	2.18566	0.286058	0.192544	0.270688	0.25071	0.9004385	6.135481
8280	-3783.585	-3930.348	146.7637	1.457432	0.115831	0.301494	0.369752	0.212923	0.8709606	5.804873
8286	-3798.298	-3944.973	146.6746	1.457432	0.224987	0.106069	0.424496	0.244448	0.960058	5.804873
8292	-3787.143	-3934.028	146.8854	1.709116	0.201067	0.355638	0.1001	0.343195	0.9403238	5.583965
8298	-3786.155	-3932.455	146.3	1.799626	0.130981	0.50765	0.0884496	0.27292	0.9403238	5.864868
8304	-3792.397	-3937.048	144.6514	3.391091	0.148283	0.384014	0.0738493	0.393854	0.995451	6.161943
8310	-3789.553	-3935.152	145.599	3.624259	0.144878	0.360196	0.0644789	0.430447	1.045196	5.547297
8316	-3786.762	-3931.323	144.561	2.519212	0.280939	0.25167	0.0608915	0.406499	0.8779397	6.561388
8322	-3796.687	-3943.508	146.8209	1.845773	0.246289	0.352871	0.0835007	0.317339	1.014881	5.518533
8328	-3790.147	-3933.757	143.6093	2.336196	0.282807	0.282689	0.0905134	0.34399	0.7847612	7.191602
8334	-3788.372	-3933.788	145.4167	2.583021	0.298078	0.178943	0.104227	0.418751	0.7164111	6.16192
8340	-3797.218	-3942.772	145.5534	2.198905	0.231584	0.221778	0.175599	0.371039	0.8420606	6.16192
8346	-3793.214	-3940.163	146.9487	1.130669	0.0980204	0.309377	0.435556	0.157046	0.8747492	5.865592
8352	-3782.185	-3927.282	145.0974	1.86895	0.111644	0.371585	0.371042	0.145729	0.9064221	6.507932
8358	-3777.531	-3923.347	145.8159	1.613709	0.0790735	0.346533	0.439265	0.135128	1.017214	6.16938
8364	-3781.737	-3927.504	145.7673	2.309834	0.212796	0.263419	0.296218	0.227568	0.8754173	5.98456
8370	-3778.3	-3925.809	147.5096	1.63332	0.166636	0.156385	0.386859	0.29012	0.9819439	5.251436
8376	-3774.87	-3920.822	145.9522	1.810749	0.0977725	0.335828	0.266439	0.29996	1.001178	6.016758
8382	-3773.252	-3919.718	146.4666	1.949919	0.104585	0.40371	0.147825	0.34388	1.0009	5.676655
8388	-3774.473	-3919.669	145.1959	2.478003	0.110351	0.425966	0.0278183	0.435864	1.000387	6.165306
8394	-3804.429	-3951.597	147.1677	1.785822	0.100871	0.317338	0.320137	0.261653	0.9024738	5.415606
8400	-3788.059	-3933.877	145.8182	1.767362	0.163624	0.341751	0.205241	0.289385	0.7956322	6.220406
8406	-3783.812	-3930.683	146.8708	1.636809	0.162276	0.338936	0.211786	0.287001	1.014896	5.583601
8412	-3784.186	-3930.029	145.8432	4.269254	0.28062	0.0719112	0.151164	0.496304	1.014896	5.249576
8418	-3781.169	-3928.709	147.5398	1.708744	0.188827	0.27127	0.274125	0.265777	0.9731772	5.205374
8424	-3788.058	-3935.59	147.5318	1.916195	0.217035	0.341701	0.224043	0.21722	0.9705399	5.120539
8430	-3778.613	-3925.666	147.0536	1.819688	0.238681	0.105623	0.364798	0.290898	1.017467	5.400311
8436	-3785.842	-3931.963	146.1202	1.972162	0.213961	0.109053	0.376642	0.300344	0.9765168	5.870389
8442	-3788.439	-3935.516	147.0762	1.339911	0.224087	0.144594	0.533156	0.0981625	0.8844823	5.683485
8448	-3792.538	-3938.713	146.1757	2.14521	0.205549	0.213439	0.468733	0.112279	0.9584525	5.779879
8454	-3794.792	-3941.056	146.2641	2.333751	0.295455	0.076516	0.34463	0.283399	0.8553952	5.714838
8460	-3790.776	-3935.846	145.0707	2.436916	0.37667	0.0148462	0.343991	0.264492	0.942889	6.279686
8466	-3800.974	-3947.62	146.646	2.130871	0.341803	0.0169849	0.309461	0.331752	0.9954204	5.50724
8472	-3799.374	-3946.546	147.1716	2.595115	0.300885	0.0436988	0.272414	0.383002	1.079762	4.993751
8478	-3800.27	-3948.871	148.6014	1.447716	0.167235	0.184352	0.301518	0.346895	1.099295	4.666982
8484	-3808.421	-3955.932	147.5109	1.3846	0.167458	0.269699	0.409545	0.153299	1.087105	5.310891
8490	-3795.519	-3944.803	149.2844	1.19835	0.032333	0.416862	0.363401	0.187405	1.028872	4.45034
8496	-3789.416	-3938.601	149.1852	1.479461	0.15921	0.22658	0.388767	0.225442	1.189604	4.271902
8502	-3787.238	-3936.645	149.4065	1.293109	0.178696	0.254311	0.337184	0.229809	1.134554	4.271902
8508	-3796.148	-3945.122	148.9744	1.554336	0.0781408	0.40725	0.313635	0.200973	1.135529	4.385292
8514	-3802.742	-3951.354	148.6118	1.661136	0.167089	0.322454	0.237398	0.273059	1.238155	4.481475
8520	-3798.243	-3945.084	146.8406	1.473038	0.10744	0.485118	0.231861	0.175581	0.9584361	5.707385
8526	-3794.832	-3943.308	148.4756	1.348953	0.0455085	0.49882	0.245184	0.210487	0.9963715	4.843826
8532	-3804.293	-3948.576	144.2825	2.492574	0.280925	0.227571	0.218235	0.273269	0.8340611	6.745241
8538	-3796.855	-3942.041	145.1855	2.028805	0.209513	0.378112	0.176674	0.2357	0.8517796	6.42385
8544	-3802.052	-3947.922	145.8707	1.785869	0.239272	0.355758	0.117116	0.287855	0.8052293	6.178571
8550	-3797.709	-3944.959	147.2496	1.694371	0.195813	0.388298	0.152278	0.26361	1.089725	5.307797
8556	-3793.76	-3941.427	147.6665	1.31211	0.107099	0.394781	0.295398	0.202722	1.00243	5.307797
8562	-3790.539	-3934.42	143.8803	1.96549	0.238211	0.0622161	0.473141	0.226432	0.7643865	7.201063
8568	-3788.646	-3934.553	145.9076	1.96549	0.227653	0.0287164	0.499367	0.244264	0.8358265	6.065907
8574	-3796.965	-3942.433	145.4671	1.96549	0.18023	0.127798	0.525216	0.166756	1.004323	6.213997
8580	-3794.133	-3942.067	147.9337	1.590799	0.320533	0.0732864	0.439113	0.167068	1.03541	5.006549
8586	-3809.603	-3958.976	149.3729	1.89287	0.19877	0.164297	0.360063	0.27687	1.050467	4.051972
8592	-3808.248	-3957.547	149.2989	1.775346	0.17468	0.186381	0.324852	0.314087	1.093726	4.122079
8598	-3793.638	-3942.304	148.6663	1.183429	0.0736687	0.345659	0.295228	0.285444	1.24166	4.685842
8604	-3795.477	-3942.396	146.9187	1.404666	0.0912932	0.402877	0.22674	0.279089	0.8631704	5.749699
8610	-3802.959	-3948.489	145.5295	2.506777	0.097941	0.379583	0.205907	0.316569	0.7786505	6.093962
8616	-3792.339	-3937.713	145.3736	2.686371	0.0906819	0.415161	0.147917	0.34624	0.8980832	6.050116
8622	-3786.632	-3932.598	145.9656	1.481309	0.124579	0.418294	0.104563	0.352563	0.8465553	6.242042
8628	-3779.694	-3924.272	144.578	2.359646	0.289079	0.207256	0.103574	0.40009	0.9850835	6.552499
8634	-3782.8	-3927.168	144.3684	2.979378	0.312451	0.199815	0.0369302	0.450804	0.9414183	6.474126
8640	-3795.434	-3942.184	146.7499	2.788517	0.18919	0.349749	0.134399	0.326662	0.9121109	5.251945
8646	-3782.301	-3928.805	146.5037	2.165724	0.0847782	0.577546	0.0985658	0.23911	1.004493	5.566659
8652	-3797.901	-3944.946	147.0457	1.680926	0.289129	0.0475448	0.499535	0.163791	0.9801501	5.4866
8658	-3810.88	-3955.864	144.984	1.429367	0.234999	0.0599157	0.581392	0.123693	0.9482714	6.743262
8664	-3808.187	-3953.67	145.4823	1.429367	0.240557	0.0613326	0.458384	0.239727	0.8163847	6.545145
8670	-3793.594	-3938.555	144.9612	2.383974	0.248901	0.280327	0.0463681	0.424404	0.8081442	6.431712
8676	-3787.163	-3932.145	144.9823	2.96789	0.271341	0.295362	0.0659912	0.367306	0.8741468	6.181126
8682	-3778.562	-3925.109	146.5462	2.507245	0.220407	0.453134	0.0679518	0.258508	0.8577384	5.494095
8688	-3794.833	-3942.416	147.5827	1.986695	0.167123	0.302911	0.0587173	0.471248	1.093149	4.994534
8694	-3792.885	-3938.094	145.2087	2.52822	0.199665	0.304426	0.0223046	0.473604	0.8994517	6.195118
8700	-3793.85	-3938.542	144.6925	4.343905	0.149765	0.28202	0.212973	0.355242	0.9201739	5.914077
8706	-3786.967	-3931.801	144.8338	3.080863	0.33489	0.177076	0.0611456	0.426888	0.9564243	6.180508
8712	-3793.46	-3940.403	146.9426	1.623225	0.186175	0.142315	0.451641	0.219868	0.8989433	5.614012
8718	-3796.524	-3941.816	145.2918	3.482558	0.162577	0.267977	0.234102	0.335345	1.006117	5.779138
8724	-3803.211	-3948.866	145.655	1.719795	0.078111	0.369977	0.196255	0.355656	0.9586223	6.241307
8730	-3793.057	-3938.455	145.3982	2.334884	0.221048	0.222505	0.176216	0.380231	0.9978287	6.109578
8736	-3782.804	-3927.45	144.6463	1.928568	0.190846	0.262874	0.218001	0.328279	0.8326925	6.766876
8742	-3789.32	-3934.369	145.0483	1.687273	0.173024	0.331707	0.197644	0.297624	0.878446	6.628008
8748	-3791.488	-3935.449	143.9615	1.728677	0.192431	0.354329	0.211124	0.242116	0.8292424	7.22211
8754	-3795.657	-3940.54	144.8824	2.342475	0.308281	0.271189	0.125629	0.294901	0.756096	6.518092
8760	-3797.183	-3942.069	144.8858	2.19561	0.106285	0.183318	0.528121	0.182275	0.8557804	6.518092
8766	-3798.246	-3944.327	146.0808	2.920714	0.197596	0.185339	0.415053	0.202012	1.098686	5.473057
8772	-3788.421	-3935.843	147.4221	2.08742	0.257151	0.143146	0.31817	0.281533	1.025664	5.079513
8778	-3801.972	-3949.255	147.2823	2.658904	0.307706	0.0746573	0.238379	0.379258	1.056032	4.922432
8784	-3803.99	-3949.028	145.0383	1.727124	0.168385	0.154476	0.484965	0.192174	0.9454743	6.579665
8790	-3788.311	-3934.52	146.2089	1.523575	0.226374	0.0611845	0.484797	0.227645	0.8938595	6.064022
8796	-3788.038	-3933.968	145.9309	1.375801	0.271636	0.0655717	0.481538	0.181254	0.8426772	6.313451
8802	-3785.257	-3930.315	145.0581	1.582679	0.247136	0.10941	0.467488	0.175965	0.9359276	6.638591
8808	-3790.553	-3936.419	145.8657	1.582679	0.1422	0.232277	0.309229	0.316295	0.9257393	6.206191
8814	-3779.45	-3926.139	146.6887	1.815921	0.12261	0.271296	0.434643	0.17145	0.9111647	5.660978
8820	-3792.425	-3937.797	145.3726	1.752692	0.227877	0.191561	0.376518	0.204045	0.8726431	6.426884
8826	-3802.289	-3947.79	145.5014	2.82906	0.252594	0.212339	0.272043	0.263024	0.8753012	5.943854
8832	-3792.018	-3937.784	145.7659	1.797302	0.0642677	0.488772	0.112362	0.334598	0.8214089	6.221836
8838	-3792.44	-3937.125	144.6849	1.603541	0.210295	0.3837	0.0929198	0.313085	0.7890572	6.909896
8844	-3785.637	-3932.346	146.7086	1.603541	0.194129	0.443012	0.0595637	0.303295	1.043914	5.671864
8850	-3789.583	-3935.378	145.7941	1.200652	0.147996	0.0557868	0.656852	0.139365	0.8262278	6.483877
8856	-3784.615	-3930.617	146.0013	1.657795	0.268012	0.194635	0.293713	0.243639	0.8479955	6.140667
8862	-3791.048	-3938.144	147.0958	1.733516	0.112828	0.471132	0.087984	0.328056	1.098658	5.370163
8868	-3797.784	-3945.457	147.6726	2.816342	0.122654	0.5798	0.0591784	0.238368	1.122044	4.611955
8874	-3794.354	-3940.712	146.3581	1.303001	0.172888	0.253063	0.336177	0.237872	0.9844074	6.039775
8880	-3794.507	-3938.825	144.3185	2.562307	0.131499	0.165503	0.215439	0.487559	0.9266507	6.65084
8886	-3786.715	-3932.456	145.7411	2.557475	0.1385	0.300191	0.152693	0.408616	0.9851446	5.847529
8892	-3791.002	-3936.163	145.1608	1.975951	0.118345	0.373975	0.159813	0.347867	0.9429714	6.409351
8898	-3790.898	-3936.139	145.2403	1.2219	0.150619	0.475961	0.167624	0.205797	0.876199	6.745614
8904	-3786.93	-3932.794	145.8644	2.14415	0.278374	0.259509	0.0610381	0.401079	0.8464658	6.01151
8910	-3782.879	-3926.937	144.0588	2.14415	0.214442	0.199909	0.198311	0.387337	0.8430245	6.991571
8916	-3799.734	-3943.418	143.6836	2.135064	0.241091	0.187785	0.207278	0.363846	0.7610309	7.240962
8922	-3801.902	-3948.057	146.1549	2.044942	0.0314245	0.59684	0.189402	0.182334	0.9548791	5.833398
8928	-3794.173	-3940.188	146.0157	2.301387	0.140385	0.430982	0.172335	0.256298	0.9096648	5.833398
8934	-3779.576	-3926.159	146.5834	2.524461	0.204029	0.231167	0.304559	0.260245	0.9699632	5.405572
8940	-3786.671	-3932.839	146.1679	2.524461	0.238501	0.206012	0.225186	0.330301	1.145072	5.537836
8946	-3785.465	-3932.024	146.5587	2.874305	0.254963	0.220232	0.248702	0.276103	1.014266	5.271763
8952	-3792.766	-3938.308	145.5424	3.113692	0.287954	0.320044	0.00703199	0.38497	0.870491	5.830381
8958	-3783.116	-3930.117	147.0007	3.113692	0.311157	0.289811	0.0444211	0.35461	1.087687	4.906389
8964	-3790.952	-3937.66	146.7079	2.865492	0.198836	0.247785	0.113382	0.439996	1.011688	5.193712
8970	-3785.872	-3932.212	146.3396	2.772394	0.246433	0.3071	0.101525	0.344941	0.970678	5.45146
8976	-3794.364	-3939.842	145.4772	2.651413	0.356601	0.18665	0.163809	0.292941	0.9352785	5.985515
8982	-3815.153	-3961.286	146.1329	2.825383	0.249525	0.270985	0.213266	0.266223	0.8482759	5.614217
8988	-3798.763	-3945.822	147.059	1.573622	0.15378	0.121717	0.589753	0.134749	0.8237599	5.614217
8994	-3802.729	-3947.773	145.044	2.517457	0.18839	0.375282	0.0228872	0.413441	0.7211001	6.385323
9000	-3790.227	-3936.487	146.2609	1.285732	0.10682	0.379215	0.381718	0.132247	0.9326633	6.129571
9006	-3789.009	-3937.064	148.0557	1.285732	0.155693	0.312701	0.418759	0.112848	1.083112	5.061176
9012	-3790.305	-3935.836	145.5314	1.597113	0.10639	0.327562	0.400135	0.165914	0.7869173	6.456433
9018	-3792.413	-3937.483	145.0704	1.166814	0.199664	0.133092	0.471669	0.195576	0.9330622	6.834678
9024	-3781.824	-3927.721	145.8969	1.149459	0.202679	0.09985	0.472994	0.224477	0.7822628	6.478345
9030	-3786.045	-3933.877	147.8322	1.548945	0.182452	0.46414	0.0876545	0.265753	1.159415	5.013671
9036	-3779.397	-3926.939	147.5422	1.938278	0.254044	0.160181	0.215744	0.370031	1.135876	5.013671
9042	-3775.864	-3922.381	146.5167	1.896928	0.175111	0.260012	0.296402	0.268475	1.096774	5.61886
9048	-3783.064	-3930.807	147.7426	1.624952	0.132178	0.259469	0.378985	0.229368	1.03752	5.095583
9054	-3786.377	-3934.678	148.3012	2.306393	0.219207	0.323364	0.128989	0.328439	1.135751	4.439316
9060	-3774.34	-3921.237	146.8971	1.972145	0.223639	0.341845	0.15537	0.279147	0.9925227	5.435416
9066	-3781.942	-3928.914	146.9719	2.030082	0.168254	0.283926	0.162238	0.385581	1.007579	5.361933
9072	-3775.809	-3923.672	147.8629	1.211191	0.069803	0.38814	0.336307	0.20575	0.9555643	5.276838
9078	-3786.762	-3935.326	148.564	1.211191	0.0486984	0.511081	0.169301	0.27092	1.032925	4.844953
9084	-3779.279	-3928.512	149.2329	1.547498	0.12671	0.343495	0.307649	0.222147	1.059224	4.285578
9090	-3788.017	-3935.033	147.0159	2.169394	0.205186	0.216427	0.433424	0.144962	1.183845	5.1839
9096	-3792.401	-3941.583	149.1819	1.509166	0.169386	0.211485	0.423527	0.195602	1.167533	4.271721
9102	-3788.523	-3936.143	147.6204	1.815155	0.23085	0.210656	0.30473	0.253764	1.048227	5.071962
9108	-3800.117	-3947.608	147.4911	2.195171	0.225884	0.119399	0.353063	0.301654	0.9565448	5.036269
9114	-3772.598	-3918.806	146.2084	1.504047	0.114656	0.340127	0.332307	0.21291	1.009778	6.010289
9120	-3780.517	-3927.021	146.5039	1.352137	0.169179	0.28223	0.321079	0.227512	0.8480452	6.010289
9126	-3793.373	-3941.58	148.2064	1.817931	0.178718	0.24176	0.339182	0.240339	0.9476761	4.800671
9132	-3808.053	-3954.216	146.1635	1.764608	0.257166	0.114915	0.344084	0.283835	0.881619	5.986722
9138	-3799.219	-3945.386	146.1672	2.285646	0.319204	0.0333815	0.427089	0.220326	0.8516064	5.788269
9144	-3799.744	-3946.187	146.4436	2.285646	0.298877	0.0949354	0.399892	0.206296	0.9555954	5.579736
9150	-3790.613	-3936.403	145.7899	3.446827	0.320212	0.142041	0.0940583	0.443689	0.9526368	5.546066
9156	-3794.471	-3939.545	145.0737	3.675285	0.0977433	0.332641	0.137043	0.432572	0.9408587	5.877431
9162	-3793.732	-3939.454	145.7214	1.498015	0.208296	0.0997421	0.524562	0.167399	1.000098	6.283453
9168	-3778.884	-3924.091	145.2067	1.498015	0.237927	0.131489	0.361966	0.268618	0.8845453	6.625008
9174	-3790.269	-3935.945	145.6767	1.661113	0.217254	0.0948792	0.476467	0.2114	0.9704208	6.249139
9180	-3790.602	-3938.944	148.3421	1.661113	0.222555	0.181549	0.30575	0.290147	1.173537	4.669161
9186	-3792.397	-3938.822	146.4247	1.831441	0.229928	0.187564	0.348617	0.233891	1.020434	5.739072
9192	-3800.813	-3949.136	148.3231	3.021953	0.202185	0.352123	0.188708	0.256984	1.059656	4.209705
9198	-3795.895	-3945.004	149.1096	2.13311	0.195761	0.284125	0.354868	0.165246	1.146177	4.044955
9204	-3786.802	-3930.432	143.6296	2.295648	0.358895	0.045244	0.269393	0.326469	0.7544058	7.212174
9210	-3774.215	-3919.691	145.4753	2.034387	0.203102	0.130657	0.378492	0.287749	0.8811849	6.248356
9216	-3780.283	-3925.217	144.9335	2.284774	0.183864	0.203424	0.311526	0.301186	0.7659237	6.506769
9222	-3781.297	-3929.193	147.8963	1.59289	0.233275	0.14571	0.416171	0.204845	1.106493	4.986851
9228	-3778.168	-3924.928	146.76	2.699239	0.111678	0.471425	0.199238	0.217658	1.077735	5.185886
9234	-3780.66	-3929.386	148.7254	1.792125	0.0595225	0.439779	0.297375	0.203324	1.090676	4.440902
9240	-3782.926	-3931.089	148.1628	1.40182	0.13621	0.307777	0.330227	0.225786	0.9539739	5.015178
9246	-3779.315	-3927.02	147.7048	1.435765	0.0928167	0.467231	0.251522	0.18843	1.058786	5.194348
9252	-3812.249	-3959.446	147.1977	4.39112	0.321574	0.101646	0.178529	0.39825	0.9937617	4.473976
9258	-3796.9	-3941.645	144.7453	2.264288	0.31149	0.110782	0.119493	0.458235	1.071444	6.450987
9264	-3777.919	-3921.723	143.8045	3.366509	0.218455	0.166707	0.350199	0.264639	0.8431261	6.711096
9270	-3785.177	-3929.415	144.2382	4.100532	0.282416	0.194981	0.220471	0.302132	0.9551412	6.206789
9276	-3774.644	-3920.625	145.9812	2.365889	0.273146	0.33393	0.133122	0.259802	0.9650695	5.797574
9282	-3774.022	-3921.163	147.1406	1.503341	0.149578	0.360292	0.3195	0.170629	1.040899	5.48303
9288	-3792.116	-3939.638	147.5223	2.120877	0.144535	0.434288	0.305081	0.116096	1.111211	4.962799
9294	-3779.226	-3926.59	147.3646	2.104934	0.369361	0.101299	0.398429	0.130911	1.01801	5.108561
9300	-3778.09	-3923.488	145.3975	1.303164	0.246021	0.143204	0.532245	0.0785302	0.8604145	6.628496
9306	-3785.064	-3933.682	148.6183	1.303164	0.160712	0.419267	0.334782	0.085239	0.9843286	4.794182
9312	-3779.576	-3927.569	147.9934	1.50172	0.0922381	0.473012	0.267876	0.166874	0.9361387	5.070566
9318	-3781.055	-3927.306	146.2515	2.225031	0.13533	0.279455	0.399612	0.185602	1.060539	5.651034
9324	-3787.249	-3933.893	146.6438	2.527809	0.286248	0.0867401	0.293498	0.333514	1.060539	5.321094
9330	-3776.199	-3923.166	146.9665	2.288953	0.32944	0.0999017	0.354124	0.216534	1.137764	5.189857
9336	-3780.786	-3927.932	147.1467	2.288953	0.335956	0.0350179	0.393438	0.235588	0.9575587	5.189857
9342	-3777.241	-3924.899	147.6576	1.964935	0.242799	0.0365954	0.372542	0.348064	1.075953	4.971618
9348	-3789.061	-3936.808	147.7468	1.964935	0.31651	0.0131045	0.399389	0.270996	0.9867164	4.971618
9354	-3778.891	-3926.495	147.6041	1.695999	0.154084	0.501718	0.13078	0.213417	1.060868	5.12698
9360	-3779.68	-3925.401	145.721	2.074617	0.140364	0.389696	0.0966075	0.373333	0.8698346	6.104602
9366	-3779.209	-3924.268	145.0585	2.089413	0.190076	0.372	0.0815448	0.356379	0.9025008	6.44091
9372	-3787.376	-3932.652	145.2756	2.497788	0.131936	0.466734	0.0620098	0.33932	1.001953	6.113904
9378	-3788.292	-3934.803	146.5107	1.93365	0.13445	0.475626	0.044139	0.345785	0.9807792	5.67028
9384	-3782.365	-3927.591	145.2256	2.226915	0.229014	0.251315	0.277526	0.242146	0.8519318	6.323874
9390	-3780.167	-3925.061	144.8942	2.085137	0.180953	0.46725	0.165669	0.186128	0.8158907	6.578499
9396	-3777.315	-3922.087	144.7717	1.632976	0.141641	0.567742	0.144926	0.145691	0.8088248	6.839173
9402	-3772.449	-3918.477	146.0281	1.403749	0.14645	0.213063	0.373365	0.267121	0.969777	6.178042
9408	-3778.28	-3923.297	145.0176	2.764225	0.301798	0.290327	0.103542	0.304333	0.969777	6.178042
9414	-3774.819	-3919.229	144.4097	2.816659	0.229882	0.190825	0.272962	0.306331	0.8896512	6.53369
9420	-3792.89	-3937.548	144.6582	1.730712	0.210007	0.273296	0.291045	0.225651	0.897529	6.809413
9426	-3793.061	-3937.727	144.6657	1.893344	0.124316	0.313894	0.316446	0.245345	0.7616186	6.809413
9432	-3794.141	-3941.978	147.837	2.309789	0.163577	0.335289	0.219935	0.281199	0.9729941	4.789568
9438	-3795.615	-3942.621	147.0053	2.190819	0.208211	0.172328	0.25993	0.359531	0.8620527	5.359017
9444	-3780.903	-3925.982	145.0789	1.555063	0.0884729	0.313351	0.255015	0.343161	0.804625	6.710895
9450	-3790.502	-3938.983	148.4813	1.644412	0.294017	0.181406	0.340499	0.184078	1.143197	4.615879
9456	-3786.649	-3935.548	148.8988	1.491159	0.292861	0.184624	0.339161	0.183354	1.115847	4.469478
9462	-3782.236	-3929.321	147.0843	2.327067	0.235921	0.208642	0.31563	0.239807	1.120022	5.119725
9468	-3780.908	-3927.903	146.9945	2.231504	0.216558	0.230591	0.181118	0.371733	1.116971	5.208203
9474	-3786.616	-3935.775	149.1585	2.001412	0.209914	0.253804	0.159275	0.377007	1.116971	4.089163
9480	-3795.282	-3941.919	146.6378	2.560445	0.193289	0.416641	0.0253524	0.364717	1.125687	5.276564
9486	-3794.062	-3939.16	145.0983	2.551942	0.087685	0.409625	0.227427	0.275263	0.9826367	6.201404
9492	-3784.353	-3930.126	145.7731	1.807345	0.149766	0.164477	0.403806	0.28195	0.8438687	6.201404
9498	-3791.361	-3938.459	147.0988	1.360363	0.159007	0.389494	0.271939	0.17956	1.067434	5.560589
9504	-3779.274	-3926.583	147.3087	1.605396	0.135045	0.477028	0.212888	0.17504	0.8907518	5.425403
9510	-3784.463	-3932.806	148.343	1.554061	0.119127	0.4208	0.182441	0.277633	0.9990963	4.816175
9516	-3786.303	-3934.66	148.3565	1.466801	0.179749	0.297624	0.341221	0.181405	0.9615466	4.871418
9522	-3785.716	-3932.407	146.6913	2.61602	0.11138	0.277211	0.394795	0.216613	1.004614	5.293839
9528	-3792.61	-3940.852	148.242	1.504092	0.148473	0.266224	0.38909	0.196213	1.070024	4.856793
9534	-3783.498	-3930.251	146.753	1.416568	0.152095	0.294806	0.371237	0.181862	1.038635	5.738599
9540	-3802.681	-3950.07	147.3889	1.642485	0.272001	0.239881	0.145142	0.342977	0.9390924	5.337534
9546	-3795.057	-3939.618	144.5615	2.150835	0.259691	0.195383	0.217471	0.327455	0.9476034	6.661299
9552	-3792.832	-3939.339	146.5071	2.150835	0.172548	0.232073	0.292922	0.302456	0.8876532	5.634816
9558	-3791.715	-3938.377	146.6619	2.134633	0.158181	0.296015	0.268532	0.277272	0.9383135	5.528403
9564	-3796.76	-3943.163	146.4035	1.849561	0.302379	0.0803948	0.381504	0.235723	0.9563181	5.77804
9570	-3778.663	-3925.838	147.1745	1.856946	0.217593	0.0931138	0.44186	0.247433	1.087194	5.279062
9576	-3783.552	-3929.103	145.551	1.372858	0.142699	0.313424	0.356981	0.186896	1.045311	6.411074
9582	-3790.415	-3938.607	148.1924	1.170646	0.202892	0.0730594	0.569404	0.154645	1.025677	5.076937
9588	-3785.971	-3931.672	145.7016	1.682308	0.287941	0.0275826	0.538283	0.146193	0.8508803	6.291089
9594	-3802.347	-3949.026	146.6785	1.314423	0.144015	0.283032	0.292388	0.280566	0.9233786	5.892523
9600	-3794.984	-3940.879	145.895	1.888389	0.189407	0.299077	0.198002	0.313515	0.9403303	6.047994
9606	-3788.855	-3935.317	146.4614	2.264094	0.142937	0.376884	0.243582	0.236596	0.9211254	5.597185
9612	-3780.013	-3926.252	146.2383	2.514559	0.181341	0.431719	0.0456553	0.341285	0.9732528	5.597185
9618	-3797.13	-3943.687	146.5569	3.507678	0.158988	0.262772	0.0682268	0.510013	0.8649569	5.152962
9624	-3792.28	-3938.63	146.3504	1.168405	0.225587	0.182629	0.558851	0.0329332	1.014495	6.096037
9630	-3788.985	-3936.623	147.638	1.384724	0.153548	0.157962	0.596707	0.0917827	1.012222	5.281987
9636	-3793.087	-3938.624	145.5362	1.730673	0.127872	0.13342	0.496926	0.241783	0.9681899	6.295879
9642	-3780.972	-3926.193	145.2215	1.855694	0.189437	0.239543	0.362079	0.208941	0.8307788	6.487287
9648	-3780.444	-3926.451	146.0066	2.184104	0.206117	0.203866	0.3276	0.262417	0.8641994	5.908522
9654	-3787.802	-3933.781	145.9786	1.993729	0.179564	0.239207	0.282544	0.298684	0.9042734	5.978285
9660	-3793.41	-3937.931	144.5206	2.622684	0.219192	0.432937	0.0919279	0.255943	0.9006919	6.534267
9666	-3797.298	-3942.214	144.9162	2.051198	0.189271	0.394804	0.0742913	0.341634	0.9006919	6.534267
9672	-3780.461	-3926.891	146.4299	1.32247	0.172113	0.213889	0.355395	0.258604	0.9998979	5.982507
9678	-3783.93	-3929.747	145.817	2.05307	0.250424	0.252652	0.214454	0.28247	0.9154423	6.036153
9684	-3795.543	-3940.395	144.8525	2.05307	0.245121	0.133866	0.344523	0.276489	0.8601415	6.589955
9690	-3809.325	-3956.747	147.4226	1.263095	0.163649	0.0472565	0.490053	0.299042	0.827485	5.563244
9696	-3790.12	-3934.336	144.2162	2.579655	0.243345	0.200103	0.284435	0.272117	0.8622277	6.734825
9702	-3787.926	-3934.433	146.5076	1.793932	0.283536	0.151608	0.247796	0.31706	0.8293468	5.814514
9708	-3782.12	-3928.128	146.0084	1.780024	0.18792	0.244849	0.268005	0.299226	0.8890877	6.060503
9714	-3781.823	-3927.475	145.6524	2.221062	0.165369	0.335471	0.235843	0.263317	0.9134719	6.060503
9720	-3780.802	-3927.099	146.2963	1.15093	0.164021	0.266232	0.467115	0.102632	0.9156658	6.188375
9726	-3777.414	-3923.186	145.7715	1.486941	0.121763	0.283883	0.484917	0.109437	0.8554846	6.339958
9732	-3786.099	-3932.066	145.9674	1.424117	0.0935439	0.273508	0.52125	0.111698	0.8850211	6.247312
9738	-3787.954	-3933.509	145.5549	1.519444	0.131938	0.360682	0.349837	0.157543	0.8329916	6.454457
9744	-3792.846	-3939.135	146.2892	1.402941	0.169666	0.251158	0.449873	0.129303	0.7797425	6.139763
9750	-3805.317	-3951.08	145.7626	2.525173	0.205443	0.315728	0.177987	0.300841	0.8694916	5.910622
9756	-3788.513	-3933.54	145.0262	1.777737	0.167856	0.367321	0.198988	0.265835	0.8486108	6.616661
9762	-3784.971	-3931.155	146.1843	2.270526	0.220405	0.383212	0.0473232	0.349059	0.936726	5.73812
9768	-3787.09	-3933.188	146.0986	1.750734	0.173125	0.362621	0.19376	0.270494	0.978817	5.975119
9774	-3784.83	-3931.176	146.3462	1.512041	0.138789	0.224806	0.419558	0.216847	0.9294998	5.975119
9780	-3779.835	-3924.622	144.7865	1.994733	0.304541	0.215646	0.250747	0.229066	0.9663554	6.591764
9786	-3774.278	-3921.958	147.6797	1.765365	0.209646	0.194739	0.370094	0.225521	0.9650909	5.107088
9792	-3783.526	-3930.611	147.0855	2.014378	0.156385	0.297016	0.200133	0.346466	0.9601851	5.331872
9798	-3778.301	-3922.218	143.9166	2.014378	0.176998	0.336165	0.226928	0.259909	0.8466458	7.117573
9804	-3784.503	-3930.077	145.5734	2.014378	0.218004	0.414045	0.0478282	0.320123	0.7874585	6.254084
9810	-3784.612	-3929.405	144.7934	3.169929	0.335495	0.222871	0.0270299	0.414604	0.8095273	6.254084
9816	-3787.624	-3932.634	145.0101	3.024779	0.236994	0.285324	0.159912	0.317771	0.7837849	6.196622
9822	-3782.658	-3927.422	144.7641	1.855022	0.218231	0.304901	0.224363	0.252506	0.695569	6.807977
9828	-3791.963	-3936.336	144.3728	1.834906	0.189531	0.290578	0.213823	0.306068	0.875331	6.930521
9834	-3776.989	-3923.359	146.3696	2.030327	0.22612	0.287657	0.255103	0.231121	0.9923603	5.701298
9840	-3788.197	-3934.769	146.5717	2.030327	0.330783	0.223701	0.182396	0.26312	0.8743957	5.655163
9846	-3788.55	-3933.56	145.0096	1.712422	0.207539	0.197697	0.378788	0.215975	0.8119421	6.673846
9852	-3786.507	-3931.898	145.3911	1.319498	0.224524	0.213877	0.409789	0.15181	0.8182259	6.646749
9858	-3795.655	-3941.215	145.5597	1.693674	0.174747	0.390316	0.292508	0.142429	0.8705885	6.35243
9864	-3789.454	-3935.147	145.6937	1.227667	0.118361	0.282742	0.377482	0.221415	0.7324368	6.575309
9870	-3791.569	-3936.778	145.2084	2.790493	0.21581	0.0693297	0.435437	0.279422	0.9021954	6.101998
9876	-3784.475	-3932.715	148.2407	2.349064	0.247531	0.0377315	0.499439	0.215299	1.010876	4.526995
9882	-3789.673	-3937.908	148.2346	2.442852	0.253725	0.0136506	0.511938	0.220686	1.025966	4.485983
9888	-3775.132	-3921.82	146.6877	1.698982	0.253725	0.0136506	0.511938	0.220686	0.9239651	5.70592
9894	-3779.452	-3926.407	146.9552	1.665277	0.264582	0.0510989	0.503311	0.181008	0.9007774	5.587009
9900	-3778.841	-3925.747	146.9063	1.665277	0.322598	0.0341531	0.39032	0.252929	0.9799545	5.570391
9906	-3784.241	-3930.822	146.5813	1.832135	0.153259	0.0399762	0.620761	0.186004	0.9582817	5.687056
9912	-3777.743	-3925.991	148.2485	1.523104	0.144942	0.34037	0.288064	0.226625	1.150117	4.799363
9918	-3776.607	-3922.255	145.6486	1.824577	0.227092	0.351893	0.186718	0.234297	0.8091544	6.28053
9924	-3771.551	-3916.957	145.4057	1.482469	0.180141	0.235903	0.366278	0.217679	0.8078414	6.566117
9930	-3781	-3928.847	147.8466	1.432146	0.166551	0.366102	0.281132	0.186214	0.8741295	5.219786
9936	-3787.704	-3935.091	147.387	1.642419	0.125796	0.387036	0.290305	0.196862	0.8490895	5.388262
9942	-3780.669	-3928.337	147.6676	1.185881	0.14974	0.28103	0.383131	0.186099	0.9728505	5.388262
9948	-3791.629	-3939.319	147.6907	1.185881	0.0243059	0.464426	0.359108	0.152161	0.9497392	5.388262
9954	-3798.662	-3945.926	147.2641	2.271794	0.211256	0.303054	0.191855	0.293835	1.084243	5.061238
9960	-3787.788	-3936.282	148.4942	1.608842	0.154865	0.290787	0.217164	0.337184	1.034591	4.686083
9966	-3783.973	-3931.186	147.2126	1.713665	0.171298	0.324462	0.242314	0.261926	1.034591	5.349943
9972	-3778.598	-3925.737	147.1392	1.428449	0.116107	0.224036	0.483122	0.176735	0.928731	5.581275
9978	-3789.244	-3937.312	148.0678	1.521306	0.080134	0.388396	0.194082	0.337388	1.007671	4.980199
9984	-3786.641	-3933.498	146.8574	1.872048	0.161903	0.214212	0.255241	0.368644	1.030354	5.478727
9990	-3789.974	-3935.108	145.134	2.336938	0.181883	0.305456	0.174996	0.337666	0.878478	6.317363
9996	-3785.155	-3931.568	146.4127	1.909598	0.156709	0.174724	0.380326	0.288241	1.032485	5.705791
10002	-3783.88	-3929.709	145.8289	1.891252	0.178604	0.274432	0.246487	0.300477	0.9145392	6.096849
10008	-3787.282	-3934.024	146.7425	1.935564	0.124763	0.209584	0.450593	0.21506	0.9607762	5.55321
10014	-3800.611	-3946.027	145.4157	2.027774	0.124872	0.177739	0.520184	0.177205	0.9330596	6.255223
10020	-3785.636	-3931.736	146.0997	2.243504	0.21358	0.195914	0.395181	0.195325	0.9175327	5.805364
10026	-3787.872	-3932.254	144.3814	1.544778	0.146041	0.225958	0.402723	0.225279	0.7884193	7.100318
10032	-3793.356	-3936.598	143.2417	2.115001	0.158147	0.419497	0.29945	0.122906	0.7884193	7.471165
10038	-3783.512	-3929.731	146.219	1.47374	0.221041	0.260434	0.200112	0.318413	0.8072246	6.129152
10044	-3784.814	-3928.296	143.4823	3.55043	0.340624	0.14557	0.0957173	0.418089	0.9039691	6.797702
10050	-3796.38	-3942.365	145.9853	3.124798	0.320834	0.194736	0.190155	0.294275	1.008335	5.508382
10056	-3793.3	-3938.174	144.8742	1.988984	0.190614	0.222064	0.398653	0.188669	0.8744881	6.596321
10062	-3781.441	-3928.254	146.8128	1.592946	0.211258	0.382728	0.0974747	0.30854	0.8632957	5.718612
10068	-3773.213	-3919.216	146.0033	3.42285	0.1779	0.367368	0.0551215	0.399611	1.074322	5.368882
10074	-3777.007	-3923.742	146.7348	2.927051	0.154994	0.320067	0.0778243	0.447115	1.107179	5.10507
10080	-3771.602	-3917.603	146.0012	1.971176	0.176165	0.375525	0.178033	0.270277	1.137296	5.847921
10086	-3776.738	-3923.478	146.7408	1.971176	0.160361	0.380624	0.212984	0.24603	0.9945843	5.520716
10092	-3768.731	-3915.579	146.8481	1.900957	0.129249	0.373644	0.171997	0.32511	0.9408954	5.520716
10098	-3774.898	-3921.94	147.0418	1.317238	0.130758	0.378008	0.320149	0.171084	0.9788063	5.661916
10104	-3778.757	-3925.731	146.974	1.22802	0.109221	0.493084	0.259188	0.138507	0.9668821	5.750732
10110	-3795.448	-3943.608	148.1602	1.488738	0.124353	0.2902	0.484293	0.101154	1.05516	4.918027
10116	-3808.786	-3957.053	148.2671	1.33982	0.12294	0.300031	0.502192	0.0748374	0.88743	5.025077
10122	-3774.745	-3920.203	145.4577	1.542357	0.103077	0.358255	0.300417	0.238251	0.8730768	6.474783
10128	-3782.309	-3927.276	144.967	2.193272	0.241639	0.310112	0.234446	0.213803	0.8562555	6.474783
10134	-3795.708	-3943.172	147.4643	0.7746638	0.126798	0.33628	0.482029	0.0548927	0.9795634	5.723027
10140	-3798.462	-3945.834	147.3717	1.293186	0.121862	0.231784	0.496903	0.149452	0.9498918	5.5087
10146	-3790.253	-3937.952	147.6983	1.005004	0.127606	0.24271	0.473187	0.156497	0.8994091	5.5087
10152	-3793.246	-3939.568	146.3218	1.831793	0.176446	0.335604	0.271556	0.216394	1.053374	5.777264
10158	-3786.871	-3932.18	145.3091	1.42434	0.162058	0.193989	0.445203	0.198749	0.8881132	6.602464
10164	-3790.413	-3937.322	146.909	1.366976	0.128667	0.34125	0.353471	0.176612	0.9802678	5.709308
10170	-3792.022	-3940.68	148.6579	1.516192	0.190556	0.258485	0.305853	0.245106	1.061678	4.623157
10176	-3785.446	-3932.844	147.3972	1.516192	0.216263	0.125506	0.493547	0.164683	0.9656135	5.377041
10182	-3790.486	-3935.723	145.2373	1.633324	0.246345	0.247419	0.224795	0.281441	0.9015513	6.537305
10188	-3781.238	-3929.622	148.3846	1.613298	0.225269	0.34533	0.219331	0.21007	1.106377	4.705139
10194	-3785.173	-3932.014	146.8412	1.857608	0.249076	0.216368	0.176727	0.357828	1.083335	5.464639
10200	-3778.537	-3924.62	146.0837	1.803155	0.160866	0.243298	0.384151	0.211685	0.9849419	5.957102
10206	-3785.828	-3930.709	144.8806	1.731141	0.0726259	0.360101	0.37162	0.195653	0.9097172	6.682552
10212	-3777.999	-3922.602	144.6036	1.731141	0.169105	0.335862	0.36705	0.127983	0.8960605	6.839467
10218	-3783.074	-3927.672	144.5974	2.171497	0.172717	0.343035	0.353531	0.130716	0.9091186	6.654673
10224	-3795.445	-3942.04	146.5945	2.333784	0.351881	0.176184	0.143742	0.328192	1.007436	5.44985
10230	-3783.297	-3930.058	146.7616	2.287075	0.305484	0.106425	0.293875	0.294216	0.8728787	5.44985
10236	-3777.169	-3922.976	145.8068	2.855166	0.232684	0.290411	0.0967438	0.380162	0.9152668	5.746196
10242	-3781.052	-3926.286	145.2342	2.631012	0.254004	0.19602	0.320776	0.2292	0.8363887	6.178944
10248	-3778.218	-3923.884	145.6655	2.831931	0.260735	0.174713	0.329277	0.235275	0.923899	5.826636
10254	-3777.26	-3922.6	145.3403	3.092429	0.177208	0.32494	0.290165	0.207687	0.9393661	5.910017
10260	-3789.88	-3935.086	145.2058	1.63672	0.196847	0.360952	0.211497	0.230704	0.9393661	6.53238
10266	-3793.091	-3940.563	147.4725	1.802879	0.140346	0.331198	0.307488	0.220968	0.9950083	5.188747
10272	-3795.17	-3941.305	146.1355	1.38401	0.0687197	0.370577	0.357333	0.20337	0.9133672	6.159853
10278	-3796.461	-3942.976	146.5143	1.796586	0.185387	0.269688	0.410506	0.13442	0.976359	5.729192
10284	-3788.574	-3936.532	147.9588	1.638819	0.248508	0.179042	0.392263	0.180187	0.9891409	4.996055
10290	-3785.872	-3933.733	147.8608	1.761897	0.177652	0.165851	0.430165	0.226333	1.190507	4.882765
10296	-3783.448	-3928.884	145.4358	1.930372	0.257709	0.154389	0.333387	0.254515	1.03082	6.23115
10302	-3786.549	-3933.583	147.0343	1.967268	0.226793	0.137662	0.412339	0.223206	1.051078	5.32955
10308	-3780.29	-3926.929	146.6388	2.033055	0.225302	0.0760197	0.444987	0.253691	0.9629267	5.568627
10314	-3778.895	-3925.562	146.6669	2.187884	0.277312	0.0121896	0.438783	0.271715	0.9244693	5.512155
10320	-3789.109	-3938.138	149.0287	0.8602829	0.159221	0.10185	0.595762	0.143167	1.149777	4.714035
10326	-3781.119	-3928.878	147.7582	1.547263	0.18528	0.118519	0.532318	0.163883	0.9283042	5.183608
10332	-3788.368	-3935.123	146.7551	1.455037	0.20047	0.0175154	0.557255	0.22476	1.064316	5.704847
10338	-3789.406	-3937.443	148.037	2.322567	0.281953	0.0148041	0.425749	0.277494	1.106963	4.597696
10344	-3788.288	-3936.884	148.5961	2.127237	0.288245	0.0231478	0.40492	0.283687	1.153935	4.334565
10350	-3796.622	-3943.442	146.8203	2.778583	0.350388	0.0612215	0.357584	0.230806	1.07762	5.124819
10356	-3798.451	-3942.109	143.6586	2.29341	0.277826	0.203417	0.335748	0.183009	0.8726057	7.1339
10362	-3797.026	-3939.433	142.4064	3.290633	0.437666	0.0957952	0.179293	0.287247	0.8079874	7.504978
10368	-3797.342	-3941.374	144.0319	5.236086	0.374298	0.0612572	0.0422036	0.522241	0.7890554	6.128632
10374	-3788.44	-3933.938	145.4979	1.732432	0.259707	0.062042	0.469163	0.209088	0.876822	6.365487
10380	-3789.447	-3934.526	145.079	1.902753	0.231224	0.0733793	0.464791	0.230605	0.8477592	6.535515
10386	-3791.182	-3939.297	148.1148	2.337961	0.250721	0.0795665	0.419663	0.250049	1.038846	4.586332
10392	-3782.858	-3929.191	146.3328	1.899793	0.23112	0.179002	0.296797	0.293081	0.9638827	5.791255
10398	-3802.692	-3948.145	145.4531	2.417971	0.194156	0.210508	0.299544	0.295793	0.9309501	6.085124
10404	-3807.745	-3954.53	146.7849	1.677954	0.273064	0.216452	0.378074	0.13241	0.8340723	5.711283
10410	-3789.903	-3936.354	146.4515	2.316483	0.189781	0.155983	0.379889	0.274347	0.9443816	5.569784
10416	-3787.868	-3934.755	146.8873	1.667289	0.186796	0.225455	0.405238	0.18251	0.9095392	5.618547
10422	-3780.212	-3926.188	145.9762	1.69942	0.113345	0.218612	0.325141	0.342901	0.9068768	6.103731
10428	-3772.54	-3918.208	145.668	1.873835	0.146086	0.385042	0.197817	0.271054	0.9068768	6.195966
10434	-3777.259	-3923.211	145.9517	1.283958	0.119311	0.314471	0.344842	0.221375	0.9279857	6.3011
10440	-3792.563	-3938.862	146.2992	1.893448	0.107465	0.344386	0.333838	0.214311	1.03936	5.771003
10446	-3791.931	-3939.777	147.8459	1.293434	0.0992071	0.275751	0.427199	0.197843	1.04177	5.196359
10452	-3784.241	-3928.629	144.388	2.713605	0.298877	0.143494	0.233621	0.324008	0.8818572	6.584667
10458	-3793.162	-3937.427	144.265	3.882659	0.253245	0.20067	0.0722745	0.47381	0.8885937	6.287804
10464	-3779.403	-3924.321	144.9183	2.757777	0.223	0.254855	0.0691061	0.453039	0.8193742	6.315964
10470	-3777.023	-3921.454	144.4308	1.759438	0.177698	0.437131	0.0509774	0.334193	0.9270701	6.903639
10476	-3778.995	-3924.686	145.6903	2.748129	0.219788	0.25221	0.0891811	0.43882	0.7978415	5.91061
10482	-3785.047	-3928.418	143.3713	3.222049	0.231866	0.198226	0.112171	0.457737	0.7175452	7.05643
10488	-3786.276	-3931.072	144.7958	2.353785	0.183125	0.26173	0.0768966	0.478249	0.9085024	6.47822
10494	-3780.692	-3926.559	145.8665	1.829459	0.0641928	0.355213	0.203398	0.377196	0.8444455	6.140799
10500	-3770.157	-3916.681	146.5243	2.10451	0.0944243	0.41347	0.0530473	0.439058	1.004023	5.579956
10506	-3771.557	-3918.888	147.3312	1.701789	0.187491	0.369298	0.256514	0.186697	0.9304037	5.347306
10512	-3785.61	-3929.993	144.3828	1.68635	0.280739	0.316673	0.239564	0.163024	0.9135811	6.968676
10518	-3794.259	-3939.134	144.8749	1.201213	0.234902	0.264969	0.363723	0.136406	0.8474408	6.968676
10524	-3771.641	-3917.67	146.0283	1.781285	0.170397	0.282699	0.244975	0.301929	0.8930748	6.046935
10530	-3786.156	-3931.87	145.7143	1.274296	0.147787	0.34961	0.238614	0.26399	0.8119083	6.497632
10536	-3787.465	-3933.219	145.7545	1.248618	0.214643	0.191653	0.448988	0.144716	0.7955065	6.497632
10542	-3798.399	-3944.495	146.0952	2.037686	0.137501	0.4512	0.0427072	0.368592	1.039658	5.822622
10548	-3799.205	-3944.746	145.5408	1.872981	0.107824	0.316927	0.357122	0.218127	0.9609305	6.236097
10554	-3794.693	-3939.062	144.3689	2.425952	0.20746	0.337268	0.240102	0.21517	0.8248366	6.727738
10560	-3788.113	-3933.766	145.6535	2.288254	0.264252	0.0902187	0.392278	0.253251	0.9202559	6.030379
10566	-3785.518	-3933.06	147.5418	1.99184	0.251395	0.308889	0.097643	0.342073	1.048362	5.039973
10572	-3782.478	-3926.716	144.2387	2.636685	0.286689	0.277352	0.0458598	0.390098	0.8636765	6.701857
10578	-3792.652	-3940.126	147.474	1.651329	0.235879	0.228197	0.214964	0.320961	0.9502001	5.280409
10584	-3791.17	-3937.391	146.221	1.963247	0.200128	0.0694704	0.533964	0.196438	0.9872543	5.81308
10590	-3800.727	-3946.271	145.5441	1.472582	0.0684145	0.296529	0.290449	0.344608	0.9363616	6.42618
10596	-3793.392	-3939.344	145.9528	1.164117	0.0829904	0.492751	0.238929	0.18533	0.8086853	6.42618
10602	-3781.954	-3926.214	144.2604	2.234508	0.105734	0.418992	0.0981812	0.377093	0.8481507	6.845272
10608	-3786.33	-3930.301	143.9711	2.217499	0.102402	0.48378	0.0945681	0.31925	0.8383242	7.012951
10614	-3787.963	-3932.185	144.2224	2.053277	0.13042	0.430191	0.155503	0.283886	0.8377498	6.942159
10620	-3791.488	-3938.372	146.8832	1.114881	0.0577653	0.39311	0.368116	0.181009	0.9250387	5.882192
10626	-3788.341	-3934.551	146.2109	1.540696	0.134807	0.282486	0.373892	0.208816	0.8542715	6.07658
10632	-3781.52	-3926.963	145.4423	1.086215	0.134807	0.282486	0.373892	0.208816	0.7995083	6.747986
10638	-3782.859	-3927.406	144.5468	1.382024	0.161308	0.194274	0.553998	0.0904206	0.760189	7.102877
10644	-3788.038	-3932.963	144.925	1.612033	0.156614	0.271433	0.49673	0.0752234	0.8284411	6.755288
10650	-3788.715	-3934.238	145.5232	1.376111	0.120109	0.333758	0.42223	0.123903	1.003637	6.447203
10656	-3780.581	-3925.096	144.5158	1.900998	0.151019	0.175979	0.515406	0.157596	0.7488724	6.893924
10662	-3784.822	-3931.375	146.5529	1.728803	0.0979519	0.338256	0.0947467	0.469046	0.9669051	5.74294
10668	-3778.459	-3925.198	146.7393	2.561945	0.0752703	0.42855	0.135746	0.360434	1.012407	5.282508
10674	-3779.517	-3925.169	145.6518	1.496436	0.0973426	0.426096	0.147325	0.329237	0.9015457	6.375436
10680	-3779.92	-3924.751	144.831	2.020124	0.163157	0.327154	0.167088	0.342601	0.9044844	6.590831
10686	-3791.468	-3938.317	146.8495	1.96854	0.126526	0.400589	0.0533815	0.419504	0.919067	5.503535
10692	-3787.851	-3933.347	145.4962	3.306699	0.262482	0.181653	0.0717825	0.484083	0.9087058	5.774036
10698	-3788.225	-3935.569	147.3438	2.513629	0.294312	0.226675	0.14103	0.337984	0.9768879	4.985004
10704	-3781.893	-3928.1	146.2065	1.617233	0.0963728	0.247865	0.349885	0.305877	0.8893238	6.024699
10710	-3783.202	-3930.404	147.2019	1.50533	0.0884211	0.407664	0.233966	0.269949	0.9861296	5.478463
10716	-3790.48	-3937.721	147.241	1.845212	0.15716	0.221753	0.477003	0.144084	1.148272	5.213622
10722	-3795.938	-3944.604	148.6653	1.47065	0.174704	0.266721	0.380184	0.17839	1.069089	4.636915
10728	-3790.973	-3937.545	146.5718	1.561978	0.113019	0.226047	0.430589	0.230345	0.9611494	5.811311
10734	-3785.338	-3932.231	146.8932	2.09318	0.147131	0.289978	0.415036	0.147855	0.9457318	5.413678
10740	-3785.871	-3932.746	146.8746	1.707349	0.11581	0.504924	0.121815	0.257452	0.9457318	5.587674
10746	-3776.243	-3923.183	146.9396	1.740134	0.108155	0.509295	0.12287	0.259681	0.8541913	5.587674
10752	-3781.887	-3926.725	144.838	4.462988	0.292425	0.105552	0.195475	0.406549	0.8588323	5.837395
10758	-3777.784	-3923.867	146.0827	2.129444	0.291233	0.228725	0.241919	0.238123	0.9577387	5.837395
10764	-3781.535	-3928.136	146.6012	1.554254	0.1797	0.199522	0.375281	0.245498	1.005464	5.774534
10770	-3785.46	-3931.819	146.3584	1.982354	0.140385	0.171736	0.26834	0.419539	0.8949166	5.780516
10776	-3773.954	-3920.311	146.3567	1.93087	0.176745	0.346241	0.129067	0.347947	0.9356849	5.780516
10782	-3789.01	-3935.404	146.3944	1.939026	0.156639	0.217133	0.317862	0.308366	0.9002134	5.77592
10788	-3784.665	-3930.36	145.6959	2.966377	0.110872	0.429998	0.188796	0.270333	0.9040664	5.77592
10794	-3785.665	-3931.613	145.9478	1.963164	0.0790731	0.403957	0.312488	0.204482	0.8419717	6.041603
10800	-3789.791	-3933.619	143.8281	2.230178	0.0796669	0.432405	0.105735	0.382194	0.7859734	7.113255
10806	-3787.319	-3931.742	144.4228	1.588536	0.112558	0.442143	0.158696	0.286603	0.8651392	7.016874
10812	-3795.213	-3943.398	148.1853	1.588203	0.210187	0.382917	0.158683	0.248212	1.089545	4.837588
10818	-3791.717	-3938.064	146.3471	2.208738	0.233149	0.314193	0.17653	0.276129	0.8790523	5.704452
10824	-3786.562	-3932.351	145.7888	2.387987	0.305937	0.0718747	0.293739	0.328449	0.9730443	5.890111
10830	-3794.035	-3940.797	146.762	1.061322	0.16669	0.383083	0.247208	0.20302	0.8571394	6.013975
10836	-3783.103	-3930.34	147.2373	1.328739	0.149418	0.290857	0.384056	0.17567	1.00669	5.533573
10842	-3785.992	-3932.013	146.0213	2.191635	0.087363	0.321439	0.325457	0.26574	0.8794197	5.889253
10848	-3794.118	-3940.287	146.1695	2.837619	0.213421	0.0901548	0.403794	0.292631	1.031359	5.489346
10854	-3793.271	-3940.331	147.0594	2.146748	0.245799	0.249867	0.240963	0.263372	0.9962869	5.27258
10860	-3786.054	-3932.576	146.5213	2.580223	0.26291	0.112926	0.342458	0.281706	0.9735815	5.417588
10866	-3775.568	-3923.798	148.2299	2.589658	0.20147	0.258626	0.0597487	0.480155	1.1415	4.368661
10872	-3791.496	-3941.011	149.515	1.486235	0.213107	0.330765	0.130107	0.326021	1.087947	4.139093
10878	-3793.077	-3940.66	147.5836	2.09385	0.125366	0.385623	0.133223	0.355788	1.123093	4.933107
10884	-3784.833	-3931.2	146.3665	2.11109	0.151935	0.352403	0.118993	0.376669	0.989381	5.671976
10890	-3791.277	-3937.939	146.6622	1.746601	0.20014	0.176231	0.115981	0.507647	0.8977734	5.713093
10896	-3780.233	-3924.996	144.7632	2.67354	0.165581	0.354001	0.0604306	0.419988	0.8628913	6.405556
10902	-3794.11	-3938.269	144.1591	1.948016	0.300101	0.289585	0.0729786	0.337336	0.8908418	6.9902
10908	-3786.831	-3932.194	145.3622	1.443986	0.194886	0.328778	0.216107	0.260229	0.7587726	6.634356
10914	-3793.591	-3936.856	143.2655	2.159792	0.1997	0.142017	0.311968	0.346315	0.7663018	7.452848
10920	-3781.788	-3926.847	145.0588	2.755624	0.325637	0.0908553	0.198259	0.385248	0.8624912	6.216946
10926	-3785.592	-3930.536	144.9435	2.070346	0.222133	0.0805372	0.397547	0.299783	0.9844356	6.466465
10932	-3784.341	-3927.97	143.6294	3.119609	0.269434	0.0306857	0.336261	0.363619	0.9929559	6.800907
10938	-3782.531	-3927.574	145.0424	2.371143	0.306062	0.0291472	0.319402	0.345389	1.030132	6.271943
10944	-3783.847	-3930.816	146.9686	1.97273	0.299051	0.0140835	0.488673	0.198192	0.987837	5.398362
10950	-3775.094	-3921.891	146.7961	1.97164	0.208521	0.0204445	0.535903	0.235131	0.9429621	5.518496
10956	-3787.882	-3933.284	145.4016	1.592322	0.196342	0.0367664	0.446174	0.320717	0.8006651	6.521482
10962	-3786.285	-3933.836	147.5506	1.889757	0.234117	0.159825	0.247773	0.358285	1.098017	5.050759
10968	-3778.533	-3924.922	146.3887	3.137104	0.21056	0.115745	0.353361	0.320335	0.9699275	5.303334
10974	-3799.95	-3945.275	145.3259	1.903714	0.158377	0.183146	0.392251	0.266226	0.9123206	6.366274
10980	-3776.803	-3922.687	145.8846	1.682449	0.173994	0.274858	0.349679	0.201468	0.9088455	6.160059
10986	-3789.95	-3937.53	147.5797	1.078546	0.0730266	0.406513	0.371255	0.149205	0.9997007	5.478787
10992	-3785.378	-3933.122	147.7434	1.327872	0.117363	0.159699	0.475394	0.247545	0.9514142	5.285613
10998	-3780.626	-3927.489	146.863	1.725345	0.256001	0.125152	0.341961	0.276886	0.9728628	5.571123
11004	-3783.788	-3930.254	146.4658	2.101554	0.144696	0.0583831	0.709404	0.0875169	0.9244988	5.656945
11010	-3783.525	-3929.665	146.1405	1.997679	0.208895	0.0899787	0.62413	0.0769968	0.8946553	5.893521
11016	-3777.997	-3922.834	144.8368	2.010161	0.172475	0.232837	0.515317	0.0793714	0.8946553	6.597031
11022	-3790.599	-3937.252	146.6526	1.882608	0.196217	0.0842562	0.496548	0.222979	0.9505459	5.630561
11028	-3794.226	-3941.121	146.8953	2.955327	0.278955	0.011569	0.42616	0.283316	1.038653	5.044562
11034	-3784.692	-3931.262	146.5703	2.884426	0.330216	0.0120782	0.280178	0.377527	1.001535	5.268963
11040	-3786.079	-3931.404	145.3251	3.873777	0.213623	0.0125495	0.397032	0.376796	1.048047	5.62455
11046	-3793.611	-3938.441	144.8294	2.64911	0.178416	0.0309215	0.453096	0.337566	0.957781	6.326622
11052	-3806.674	-3950.585	143.9109	3.649546	0.269923	0.144012	0.365663	0.220403	0.8737766	6.553662
11058	-3795.964	-3940.495	144.5319	1.530433	0.187559	0.152633	0.382753	0.277055	0.9893305	6.917736
11064	-3779.687	-3927.384	147.6965	2.600309	0.219166	0.0816305	0.313526	0.385678	1.174646	4.646062
11070	-3783.399	-3928.865	145.4662	3.608972	0.264319	0.160243	0.206991	0.368447	0.9388023	5.683064
11076	-3792.431	-3938.912	146.4816	2.046929	0.178556	0.40116	0.171386	0.248898	0.9012836	5.683064
11082	-3781.082	-3926.513	145.4308	1.553664	0.12702	0.426749	0.271382	0.174849	0.9334333	6.451459
11088	-3776.091	-3923.014	146.9228	1.553664	0.105212	0.475696	0.260374	0.158718	1.017805	5.59176
11094	-3778.294	-3924.188	145.8945	2.231047	0.213866	0.217803	0.245703	0.322628	0.902605	5.930513
11100	-3771.653	-3918.115	146.4613	1.737499	0.156944	0.312183	0.309246	0.221627	0.8843356	5.834451
11106	-3785.673	-3929.802	144.1288	2.197151	0.221026	0.324442	0.112848	0.341683	0.8554749	6.926621
11112	-3786.117	-3929.425	143.3079	2.951296	0.11344	0.274533	0.395929	0.216098	0.8070842	7.128115
11118	-3783.881	-3931.79	147.9083	2.880172	0.0926621	0.302386	0.346084	0.258868	1.136433	4.449274
11124	-3790.361	-3937.423	147.062	2.884823	0.139296	0.33738	0.299386	0.223938	1.161549	4.907402
11130	-3778.949	-3926.461	147.5113	1.902039	0.219843	0.151286	0.359768	0.269103	1.109037	5.061177
11136	-3786.341	-3932.92	146.5784	1.889056	0.15077	0.103753	0.560924	0.184553	1.017958	5.631587
11142	-3793.447	-3940.579	147.1314	1.400898	0.146656	0.193303	0.444653	0.215388	0.9439858	5.590608
11148	-3789.827	-3935.421	145.5937	1.933871	0.189714	0.178962	0.360975	0.270349	0.9703194	6.176708
11154	-3787.973	-3931.322	143.3491	2.538709	0.368272	0.0972416	0.256553	0.277934	0.8373222	7.229718
11160	-3781.918	-3926.891	144.9732	2.176751	0.0696203	0.320834	0.332995	0.276551	0.9670761	6.417789
11166	-3780.401	-3927.25	146.8487	1.507411	0.209995	0.344534	0.227958	0.217513	1.01161	5.657538
11172	-3789.577	-3935.768	146.1911	2.377829	0.288759	0.19277	0.260422	0.258049	1.125695	5.589995
11178	-3795.865	-3940.792	144.927	2.377829	0.219243	0.293586	0.291246	0.195925	0.8922047	6.406973
11184	-3784.37	-3931.218	146.8473	2.207368	0.24811	0.145822	0.41453	0.191538	1.046245	5.338085
11190	-3781.751	-3927.655	145.9038	1.481601	0.227579	0.173642	0.409544	0.189234	0.8482421	6.274566
11196	-3785.429	-3931.341	145.9119	1.481601	0.184222	0.142323	0.532544	0.140911	0.8400719	6.274566
11202	-3797.482	-3943.069	145.5874	1.876598	0.230036	0.0266808	0.446272	0.297011	0.8407477	6.274566
11208	-3785.439	-3931.042	145.603	2.473102	0.285269	0.194684	0.252664	0.267382	0.9329474	5.982042
11214	-3779.639	-3926.061	146.4215	1.868623	0.129317	0.298826	0.279515	0.292342	0.8308757	5.828692
11220	-3780.826	-3927.437	146.6112	1.752438	0.148886	0.219224	0.300115	0.331775	0.9166586	5.728131
11226	-3788.139	-3934.585	146.4464	1.366691	0.156886	0.231003	0.272717	0.339395	0.8453352	6.036
11232	-3786.543	-3932.569	146.0258	1.2896	0.288896	0.0827406	0.508324	0.120039	0.905961	6.270019
11238	-3787.542	-3934.848	147.3057	1.546172	0.2289	0.225827	0.402759	0.142515	1.041623	5.371461
11244	-3783.077	-3929.372	146.2957	1.980709	0.195802	0.192848	0.306989	0.30436	0.860695	5.834197
11250	-3780.656	-3926.351	145.6954	1.438348	0.259509	0.291309	0.225556	0.223625	1.003042	6.324192
11256	-3785.543	-3931.238	145.6948	3.463123	0.338546	0.160391	0.237914	0.26315	0.931527	5.604955
11262	-3789.306	-3935.277	145.971	2.471021	0.286782	0.315291	0.188943	0.208985	0.9678531	5.76257
11268	-3788.84	-3936.441	147.6012	1.656565	0.160935	0.425465	0.219	0.194601	1.025023	5.16631
11274	-3773.021	-3920.036	147.0155	1.895911	0.14396	0.359169	0.169201	0.32767	0.9414474	5.430465
11280	-3795.797	-3943.529	147.7317	1.655256	0.250808	0.16019	0.368762	0.220239	0.8714595	5.179702
11286	-3792.507	-3937.547	145.0404	1.922091	0.228273	0.300468	0.299421	0.171838	0.7571082	6.597404
11292	-3782.509	-3927.742	145.2331	1.585531	0.135856	0.32381	0.1782	0.362133	0.831081	6.599341
11298	-3792.056	-3938.354	146.299	1.670155	0.105328	0.424464	0.278174	0.192035	0.9723198	5.905031
11304	-3795.247	-3941.359	146.1114	1.848135	0.236019	0.266975	0.324478	0.172528	0.924567	5.955667
11310	-3791.801	-3938.435	146.6341	1.702581	0.295132	0.161764	0.254578	0.288526	0.9177441	5.737074
11316	-3787.579	-3933.814	146.2357	2.658199	0.302116	0.215648	0.226046	0.256189	0.9307271	5.570461
11322	-3803.811	-3948.946	145.1348	2.352112	0.187501	0.292111	0.330302	0.190086	0.953428	6.2705
11328	-3802.417	-3945.994	143.5771	2.179312	0.220802	0.186084	0.365421	0.227692	0.7459899	7.289073
11334	-3785.095	-3930.093	144.9979	2.518083	0.185564	0.362097	0.219424	0.232914	0.763714	6.386988
11340	-3796.754	-3943.24	146.4854	1.853104	0.0849586	0.525292	0.161782	0.227968	0.9985753	5.708536
11346	-3786.467	-3934.173	147.7056	1.57795	0.171471	0.477621	0.149919	0.200989	0.9985753	5.159462
11352	-3780.155	-3925.114	144.959	2.632298	0.272624	0.322379	0.143069	0.261929	0.786235	6.355291
11358	-3786.283	-3931.182	144.8986	2.632298	0.292142	0.119655	0.214606	0.373598	0.8466082	6.355291
11364	-3788.831	-3936.047	147.2157	1.247985	0.147971	0.332231	0.284808	0.23499	0.8959598	5.646962
11370	-3786.522	-3932.763	146.241	1.840397	0.0649972	0.364263	0.313092	0.257647	0.8633901	5.921597
11376	-3779.275	-3926.01	146.7351	1.26021	0.0700104	0.392358	0.312508	0.225124	0.8633901	5.921597
11382	-3797.558	-3944.627	147.0692	2.026087	0.191234	0.227039	0.352232	0.229496	0.9623886	5.334836
11388	-3791.35	-3937.264	145.9142	2.396374	0.25843	0.333289	0.107103	0.301179	0.9074813	5.85429
11394	-3799.7	-3949.039	149.3387	1.187749	0.133789	0.307958	0.385664	0.172588	1.040714	4.418727
11400	-3793.987	-3943.399	149.4121	2.384542	0.185403	0.433914	0.0886711	0.292012	1.221344	3.726628
11406	-3791.089	-3937.891	146.8023	1.963256	0.190085	0.2311	0.340686	0.238129	1.011963	5.480642
11412	-3783.748	-3929.771	146.0231	2.695002	0.244624	0.239383	0.166695	0.349297	1.01861	5.62599
11418	-3795.259	-3941.187	145.9284	2.215516	0.230293	0.225359	0.223091	0.321258	0.830551	5.957359
11424	-3796.919	-3944.335	147.4162	1.657312	0.201014	0.265509	0.332137	0.201341	0.9131292	5.330079
11430	-3800.298	-3947.737	147.4389	1.680538	0.254483	0.255922	0.234698	0.254897	1.013083	5.251825
11436	-3793.292	-3940.036	146.7437	2.904071	0.134218	0.400983	0.123783	0.341016	0.9519717	5.193817
11442	-3790.32	-3937.216	146.896	2.588327	0.299879	0.180021	0.0958949	0.424206	0.9204176	5.23725
11448	-3794.301	-3939.181	144.8805	5.342708	0.327341	0.0672765	0.104677	0.500706	0.9494503	5.552538
11454	-3788.252	-3936.072	147.8204	1.979575	0.222186	0.316867	0.207855	0.253092	0.9161081	4.963796
11460	-3789.729	-3935.588	145.8585	1.880497	0.245689	0.350386	0.0620052	0.34192	0.8316505	6.130437
11466	-3797.802	-3944.862	147.0601	1.838448	0.238012	0.313507	0.183585	0.264896	0.8726508	5.468348
11472	-3794.288	-3942.07	147.7825	1.636127	0.214127	0.360249	0.174229	0.251396	0.9383814	5.123246
11478	-3786.103	-3931.863	145.7594	1.292845	0.178981	0.340948	0.167312	0.312759	0.9241707	6.403101
11484	-3790.65	-3936.392	145.7427	2.51744	0.18499	0.352396	0.172929	0.289685	0.8813921	5.917814
11490	-3779.182	-3924.826	145.644	2.492329	0.15717	0.260748	0.161467	0.420615	0.891309	5.975352
11496	-3793.785	-3941.041	147.2568	1.108801	0.261406	0.24417	0.268553	0.225872	0.9518374	5.666263
11502	-3784.101	-3930.573	146.4714	1.879914	0.181262	0.386817	0.196366	0.235554	0.887369	5.765682
11508	-3785.887	-3932.65	146.7627	1.541522	0.0896115	0.376965	0.191364	0.342059	0.8945534	5.752798
11514	-3786.305	-3931.85	145.5448	1.270434	0.0778361	0.233616	0.517192	0.171356	0.927006	6.529022
11520	-3802.801	-3951.153	148.3514	1.914838	0.181103	0.185496	0.24666	0.386741	1.140278	4.569491
11526	-3813.555	-3959.741	146.1858	2.013478	0.174215	0.309271	0.201141	0.315372	1.09116	5.754771
11532	-3790.057	-3935.766	145.7083	2.355795	0.170767	0.272606	0.227305	0.329322	1.155581	5.846432
11538	-3781.218	-3927.472	146.2546	2.338947	0.149609	0.22221	0.275563	0.352618	1.045057	5.614068
11544	-3796.652	-3942.89	146.2385	2.410853	0.223788	0.223389	0.198335	0.354489	1.006885	5.616821
11550	-3794.922	-3940.122	145.2004	2.886976	0.236585	0.0695977	0.383643	0.310174	0.8923042	6.079231
11556	-3785.131	-3931.469	146.3378	2.025058	0.183383	0.0567534	0.483536	0.276328	0.8864413	5.778867
11562	-3792.124	-3937.044	144.92	2.165403	0.176128	0.397667	0.0389127	0.387292	0.8936639	6.490828
11568	-3791.386	-3937.736	146.3507	2.027794	0.210909	0.278722	0.046597	0.463773	0.8639175	5.783035
11574	-3789.979	-3936.338	146.359	2.10071	0.178832	0.239546	0.188384	0.393238	0.9064446	5.725722
11580	-3803.717	-3950.194	146.4775	2.297406	0.285455	0.189124	0.0782707	0.44715	0.8932225	5.590901
11586	-3799.405	-3945.349	145.9445	3.111282	0.430456	0.0887744	0.118029	0.36274	0.9084491	5.590041
11592	-3799.106	-3946.857	147.7517	1.653424	0.16328	0.440543	0.110209	0.285969	0.9670871	5.116468
11598	-3787.211	-3934.683	147.4721	1.653424	0.156873	0.215543	0.319874	0.30771	1.050938	5.224866
11604	-3789.503	-3936.77	147.2671	1.653424	0.0875128	0.371613	0.235693	0.305181	1.065482	5.330058
11610	-3792.141	-3939.75	147.6098	1.258487	0.11021	0.383206	0.290824	0.21576	0.8692279	5.439715
11616	-3799.265	-3944.679	145.4135	1.968485	0.0872882	0.552079	0.181993	0.17864	0.8565966	6.322143
11622	-3799.407	-3946.058	146.6516	1.111696	0.0814925	0.341702	0.320724	0.256081	0.9826619	5.978904
11628	-3790.148	-3938.233	148.0846	1.512879	0.0789762	0.353588	0.310821	0.256615	1.068555	4.941009
11634	-3790.389	-3938.52	148.1315	1.446309	0.119906	0.359564	0.316075	0.204454	1.079452	4.941009
11640	-3794.655	-3942.212	147.5565	0.9667703	0.0303038	0.301079	0.578717	0.0898997	0.9238889	5.594267
11646	-3779.451	-3927.298	147.8477	1.411409	0.166627	0.241228	0.304721	0.287425	0.9862866	5.167256
11652	-3783.63	-3928.952	145.3222	2.50624	0.195201	0.310255	0.1159	0.378643	0.9862866	6.093962
11658	-3792.417	-3938.555	146.1388	2.337709	0.141566	0.280834	0.152576	0.425024	1.016982	5.693449
11664	-3785.883	-3929.188	143.3051	2.887485	0.189776	0.305549	0.0422449	0.46243	0.9445046	7.076626
11670	-3789.525	-3936.234	146.7086	1.904753	0.131693	0.291265	0.316145	0.260897	1.024829	5.549666
11676	-3785.873	-3931.341	145.4685	1.60267	0.236876	0.240333	0.260862	0.26193	0.9384557	6.405865
11682	-3798.521	-3942.249	143.7287	1.734762	0.122777	0.307479	0.234634	0.33511	0.9859811	7.260356
11688	-3795.711	-3942.105	146.3939	1.603691	0.137331	0.430515	0.109178	0.322975	0.8901494	5.928169
11694	-3793.194	-3939.919	146.7252	1.586294	0.141638	0.309809	0.279398	0.269154	0.8751731	5.763187
11700	-3798.197	-3944.802	146.6055	2.078246	0.108003	0.433377	0.185462	0.273158	0.8401876	5.635913
11706	-3795.873	-3941.302	145.4295	2.166072	0.108849	0.393712	0.20803	0.289409	0.9322091	6.193078
11712	-3786.01	-3930.764	144.7533	2.308452	0.111738	0.404162	0.144745	0.339356	0.9311989	6.505909
11718	-3781.47	-3928.414	146.9444	1.634355	0.103679	0.375013	0.206426	0.314881	0.9484844	5.580772
11724	-3790.507	-3936.716	146.2086	1.634355	0.10257	0.371001	0.248204	0.278225	0.938994	5.988705
11730	-3785.799	-3932.19	146.3909	1.840802	0.108579	0.334154	0.262744	0.294524	0.8929351	5.823335
11736	-3784.564	-3933.068	148.5042	1.963772	0.148617	0.307716	0.230286	0.313381	1.098315	4.486178
11742	-3777.388	-3922.373	144.9854	2.130825	0.145298	0.248667	0.251175	0.354861	1.002717	6.40979
11748	-3777.103	-3921.238	144.1354	2.685441	0.189331	0.282328	0.125444	0.402897	0.881083	6.731318
11754	-3783.04	-3930.42	147.3795	2.658708	0.124586	0.47902	0.122556	0.273837	1.015936	4.890699
11760	-3786.792	-3931.04	144.2477	2.520939	0.172374	0.138879	0.404684	0.284064	0.9321936	6.700889
11766	-3785.864	-3932.432	146.5681	2.627301	0.245873	0.047877	0.387142	0.319108	0.9321936	5.397718
11772	-3778.735	-3924.024	145.2888	1.825395	0.0904329	0.298028	0.317965	0.293574	0.8725891	6.441049
11778	-3779.04	-3924.617	145.5766	2.172777	0.11043	0.320379	0.253601	0.315591	0.8492101	6.155595
11784	-3785.91	-3930.384	144.4741	2.037144	0.104825	0.399211	0.240728	0.255236	0.9190785	6.76897
11790	-3789.428	-3935.621	146.1928	2.032598	0.152007	0.311381	0.391485	0.145127	0.9089374	5.842837
11796	-3798.211	-3942.594	144.3824	2.19895	0.250868	0.229081	0.387233	0.132817	0.8892834	6.770889
11802	-3789.172	-3936.998	147.8269	1.379546	0.21214	0.317307	0.288135	0.182418	0.8486858	5.270524
11808	-3794.503	-3941.28	146.7765	1.609438	0.139432	0.352863	0.2512	0.256504	0.8866999	5.718136
11814	-3797.419	-3943.973	146.554	1.527235	0.146513	0.449114	0.111173	0.2932	0.8012795	5.924569
11820	-3796.329	-3942.676	146.3462	1.495834	0.184819	0.245128	0.358906	0.211148	0.9538746	5.969478
11826	-3793.612	-3939.754	146.1413	2.268767	0.256313	0.0873994	0.351662	0.304626	0.8615755	5.803501
11832	-3780.231	-3928.441	148.2105	1.402679	0.255982	0.0534662	0.522511	0.168041	0.9721121	4.978156
11838	-3782.373	-3928.089	145.716	1.724669	0.242289	0.132305	0.507352	0.118054	0.9087094	6.23316
11844	-3788.61	-3935.114	146.5032	1.51328	0.145823	0.44369	0.150724	0.259763	0.9350465	5.885801
11850	-3784.19	-3927.664	143.4743	1.84001	0.137221	0.435403	0.182937	0.24444	0.764194	7.47093
11856	-3784.559	-3930.432	145.8727	1.568567	0.0937417	0.381409	0.271566	0.253284	0.8405253	6.255194
11862	-3777.363	-3923.603	146.2398	1.683459	0.124241	0.298396	0.35992	0.217443	0.984848	5.924545
11868	-3780.676	-3925.659	144.9825	1.889372	0.156936	0.362253	0.291077	0.189734	0.9002347	6.564951
11874	-3802.413	-3947.513	145.0999	1.854758	0.136039	0.354152	0.275331	0.234479	0.7706292	6.586087
11880	-3783.657	-3929.827	146.1702	2.003258	0.155603	0.2625	0.240957	0.34094	0.8242863	5.913415
11886	-3781.461	-3929.513	148.0517	1.10127	0.129364	0.218236	0.615408	0.0369918	0.9541907	5.231359
11892	-3784.538	-3932.535	147.997	1.501868	0.222819	0.18247	0.530995	0.0637151	1.065128	4.996928
11898	-3788.549	-3936.367	147.8183	1.448614	0.158615	0.304502	0.3387	0.198183	0.8505453	5.24048
11904	-3778.153	-3923.858	145.7047	1.167525	0.120952	0.232197	0.495727	0.151124	0.8305269	6.546964
11910	-3783.19	-3930.06	146.8697	1.422669	0.126732	0.204377	0.512618	0.156273	0.8841971	5.756323
11916	-3786.917	-3934.327	147.4101	1.265239	0.112867	0.340199	0.424678	0.122257	0.9903978	5.479455
11922	-3778.737	-3926.029	147.2914	1.148539	0.0944085	0.354611	0.327224	0.223756	0.9729663	5.614668
11928	-3780.518	-3926.213	145.6951	1.257234	0.110323	0.342199	0.382382	0.165096	1.043189	6.39126
11934	-3776.316	-3923.033	146.7173	1.157205	0.103748	0.329681	0.407515	0.159056	0.9100474	5.958747
11940	-3778.852	-3925.79	146.9384	1.325799	0.166079	0.265997	0.458927	0.108997	1.012701	5.695789
11946	-3775.972	-3923.289	147.3168	1.325799	0.162142	0.259691	0.471755	0.106413	0.8435238	5.580986
11952	-3801.811	-3949.108	147.2974	1.329636	0.248983	0.182564	0.474702	0.0937514	0.8869391	5.565891
11958	-3810.298	-3956.837	146.5386	1.870227	0.182014	0.123987	0.530384	0.163616	0.8533996	5.751582
11964	-3782.051	-3928.879	146.8286	2.059691	0.219097	0.159578	0.350055	0.27127	0.9283277	5.472452
11970	-3795.161	-3939.308	144.1467	1.567972	0.257797	0.193787	0.316676	0.23174	0.7050915	7.26066
11976	-3804.393	-3951.696	147.3025	2.532173	0.14474	0.298048	0.310878	0.246335	1.034194	4.969302
11982	-3800.286	-3946.004	145.7181	1.611096	0.0881905	0.43983	0.22492	0.24706	0.8085768	6.337099
11988	-3794.989	-3941.766	146.7765	1.448902	0.122758	0.240701	0.474614	0.161928	0.905426	5.783086
11994	-3797.46	-3942.727	145.267	1.732074	0.158081	0.309963	0.323433	0.208523	0.7777585	6.544506
12000	-3794.011	-3940.15	146.139	2.118346	0.158357	0.252365	0.412435	0.176842	0.961818	5.808783
12006	-3789.749	-3935.863	146.1136	1.635904	0.112903	0.178262	0.419773	0.289062	0.8584167	6.083684
12012	-3785.128	-3931.256	146.1283	1.572722	0.123279	0.251237	0.305998	0.319486	0.8966255	6.083684
12018	-3790.197	-3938.291	148.0948	1.343414	0.130384	0.399622	0.203977	0.266017	1.009729	5.051016
12024	-3803.842	-3950.816	146.9739	1.060294	0.138257	0.395198	0.231316	0.235229	0.9585709	5.843381
12030	-3783.408	-3928.784	145.3762	1.812682	0.0904445	0.339117	0.372705	0.197733	0.832501	6.420824
12036	-3775.402	-3922.383	146.9807	1.611779	0.159346	0.277496	0.389783	0.173375	0.8669352	5.615922
12042	-3789.445	-3934.869	145.4235	1.694184	0.151695	0.24001	0.371068	0.237227	0.9104134	6.404497
12048	-3784.001	-3931.259	147.2583	1.373399	0.180133	0.285004	0.44063	0.094233	0.9494691	5.531342
12054	-3790.426	-3936.463	146.0366	1.284769	0.195633	0.279617	0.214172	0.310577	0.8468072	6.298706
12060	-3786.726	-3933.345	146.6186	0.8675971	0.1115	0.300168	0.460824	0.127507	0.8468072	6.204124
12066	-3792.142	-3936.611	144.4693	1.063968	0.157202	0.166603	0.584596	0.0915987	0.678419	7.348584
12072	-3790.064	-3935.873	145.8085	1.484739	0.198061	0.211533	0.443343	0.147062	0.7139673	6.397721
12078	-3784.081	-3931.173	147.0913	1.347989	0.25765	0.123958	0.458192	0.160199	0.9868998	5.615068
12084	-3796.005	-3939.922	143.9168	2.389396	0.131396	0.43724	0.220991	0.210373	0.932715	6.92689
12090	-3781.625	-3925.818	144.1935	1.829045	0.213403	0.115341	0.468547	0.202709	0.7776024	7.082174
12096	-3793.316	-3939.388	146.0726	2.049998	0.154345	0.422639	0.210372	0.212644	0.991879	5.856127
12102	-3803.047	-3947.022	143.9752	2.601116	0.294219	0.205248	0.178844	0.321689	0.952062	6.808837
12108	-3798.312	-3945.329	147.0173	1.860036	0.22862	0.254857	0.154757	0.361766	0.9460154	5.442238
12114	-3791.988	-3937.109	145.121	1.927963	0.148816	0.27935	0.0805704	0.491264	0.9460154	6.449033
12120	-3797.223	-3944.079	146.8568	2.546206	0.210549	0.231833	0.221507	0.336111	1.00201	5.229074
12126	-3793.372	-3937.438	144.0661	3.285568	0.239679	0.323548	0.0508215	0.385952	0.814878	6.609572
12132	-3790.344	-3937.156	146.8123	1.722783	0.276981	0.220889	0.212223	0.289908	0.8176151	5.685285
12138	-3785.425	-3929.652	144.2273	2.157801	0.197269	0.210462	0.379701	0.212567	0.9586735	6.833109
12144	-3782.045	-3927.515	145.4699	2.171268	0.109167	0.34053	0.0663678	0.483936	0.9166318	6.17753
12150	-3779.779	-3926.606	146.8273	1.768129	0.110071	0.37527	0.131366	0.383294	1.057066	5.525578
12156	-3776.189	-3924.554	148.3651	1.623174	0.0769364	0.391737	0.237235	0.294092	1.024135	4.757428
12162	-3794.169	-3940.55	146.3813	1.908353	0.19123	0.0174787	0.447682	0.343609	0.9269735	5.781281
12168	-3791.608	-3937.579	145.9714	2.558701	0.215401	0.019688	0.377872	0.387039	0.8751146	5.781281
12174	-3788.988	-3937.066	148.0782	1.30919	0.158145	0.192369	0.440808	0.208678	0.9571709	5.106624
12180	-3790.401	-3936.093	145.692	1.589494	0.275693	0.35402	0.20734	0.162947	0.8289809	6.349993
12186	-3782.835	-3928.594	145.7588	2.712465	0.238399	0.387589	0.0581859	0.315827	0.9930606	5.778745
12192	-3775.759	-3923.892	148.1325	1.814768	0.183538	0.543684	0.0352142	0.237563	0.9930606	4.817942
12198	-3781.798	-3927.478	145.6805	2.645333	0.244747	0.442698	0.109379	0.203176	0.9848168	5.849615
12204	-3805.235	-3952.729	147.4936	1.679029	0.198177	0.271938	0.429166	0.100719	1.128732	5.15827
12210	-3784.81	-3931.594	146.7843	1.91709	0.167755	0.279075	0.321375	0.231795	1.035741	5.496843
12216	-3794.306	-3942.248	147.942	1.232567	0.116712	0.400677	0.389039	0.0935714	0.9686914	5.214803
12222	-3799.41	-3946.928	147.5172	1.543274	0.135143	0.319738	0.468174	0.0769446	1.138007	5.202827
12228	-3777.741	-3926.167	148.4257	1.651488	0.08981	0.465016	0.271658	0.173516	1.176515	4.625112
12234	-3776.904	-3922.197	145.293	1.810772	0.0546547	0.393872	0.299263	0.252211	1.037801	6.355383
12240	-3769.385	-3915.501	146.1163	1.353935	0.1829	0.284863	0.383854	0.148383	0.8637478	6.211964
12246	-3788.559	-3934.604	146.0446	1.434447	0.110335	0.301019	0.488672	0.0999742	0.8637478	6.211964
12252	-3792.899	-3938.954	146.0547	1.43653	0.184847	0.390694	0.294702	0.129757	0.9031711	6.184065
12258	-3791.77	-3936.639	144.869	1.614976	0.269055	0.0754336	0.522373	0.133138	0.8182493	6.78969
12264	-3802.792	-3947.03	144.2378	2.712228	0.251287	0.138213	0.502543	0.107957	0.830535	6.69412
12270	-3785.243	-3931.055	145.8116	1.533771	0.329913	0.00781937	0.544946	0.117321	0.8389314	6.305324
12276	-3783.409	-3928.315	144.9059	1.533771	0.218127	0.0270244	0.676873	0.0779756	0.8257891	6.802688
12282	-3790.315	-3935.227	144.9126	1.640792	0.163113	0.0938706	0.543582	0.199434	0.8395404	6.743069
12288	-3796.678	-3942.139	145.4611	1.640792	0.182863	0.105236	0.609398	0.102503	0.9483854	6.387308
12294	-3792.855	-3940.478	147.6228	2.22108	0.267074	0.00986342	0.527027	0.196036	0.9796828	4.939964
12300	-3802.213	-3948.647	146.4342	1.832925	0.0992039	0.347434	0.245937	0.307426	0.9495635	5.772059
12306	-3798.781	-3942.392	143.611	2.364598	0.11437	0.489042	0.0670017	0.329586	0.7826799	7.181306
12312	-3784.633	-3932.601	147.9682	1.718781	0.141863	0.495789	0.0934868	0.268861	1.092242	4.897034
12318	-3783.611	-3929.593	145.9813	2.541127	0.318623	0.135704	0.0846124	0.461061	0.9073158	5.764566
12324	-3786.919	-3933.001	146.0817	1.950531	0.212256	0.265064	0.158752	0.363929	0.7920287	6.001075
12330	-3795.675	-3939.927	144.2518	3.851211	0.37701	0.129915	0.148426	0.34465	0.811798	6.345439
12336	-3797.83	-3943.655	145.8248	3.481132	0.22151	0.208599	0.175185	0.394706	0.9021189	5.544284
12342	-3791.675	-3938.755	147.0799	1.515757	0.191241	0.182212	0.482242	0.144306	0.8828095	5.597356
12348	-3784.051	-3930.915	146.8633	1.515757	0.219852	0.210944	0.402143	0.167061	0.8566004	5.730548
12354	-3789.283	-3934.953	145.6703	1.785466	0.241007	0.228858	0.348887	0.181248	1.004407	6.179421
12360	-3797.611	-3944.855	147.2446	2.067006	0.244693	0.014091	0.316159	0.425057	1.008933	5.195439
12366	-3799.399	-3943.832	144.4332	2.808041	0.285953	0.0217304	0.268705	0.423612	0.8508624	6.544845
12372	-3788.083	-3932.854	144.7707	2.51866	0.321885	0.0526517	0.302541	0.322922	0.8930281	6.439838
12378	-3792.415	-3937.016	144.6013	2.781682	0.20612	0.168474	0.330455	0.29495	0.8930281	6.439838
12384	-3788.267	-3935.249	146.9818	1.649881	0.333553	0.119463	0.356966	0.190018	0.8461392	5.609391
12390	-3798.798	-3942.413	143.6151	3.2809	0.359871	0.133448	0.0830761	0.423605	0.9089011	6.803844
12396	-3793.439	-3940.214	146.7752	1.833926	0.210387	0.216961	0.117954	0.454698	0.8897926	5.617485
12402	-3780.695	-3925.263	144.5679	1.656864	0.26604	0.128105	0.375201	0.230654	0.8070276	6.939362
12408	-3774.316	-3919.956	145.6406	1.93202	0.314602	0.0569432	0.478686	0.149768	0.8172754	6.235186
12414	-3787.525	-3933.07	145.5442	1.93202	0.375731	0.0900702	0.307534	0.226664	0.9137339	6.235186
12420	-3793.39	-3937.528	144.1378	2.52966	0.222559	0.112566	0.381599	0.283276	0.9297558	6.758423
12426	-3782.684	-3929.887	147.2029	2.317761	0.239267	0.128847	0.410245	0.221641	0.9693232	5.141082
12432	-3780.935	-3927.2	146.2646	1.47837	0.239934	0.116041	0.446607	0.197418	0.8670507	6.069563
12438	-3780.98	-3926.977	145.9972	1.690178	0.192966	0.195153	0.550248	0.0616331	0.9443528	6.075977
12444	-3784.042	-3931.276	147.2338	1.690178	0.15176	0.243859	0.441517	0.162863	0.9555936	5.392366
12450	-3782.844	-3925.28	142.4363	2.410137	0.231019	0.291573	0.304477	0.172931	0.8058516	7.781694
12456	-3780.296	-3926.298	146.0016	1.467918	0.178954	0.339579	0.222354	0.259112	0.753935	6.279135
12462	-3784.128	-3929.106	144.9781	1.793083	0.138477	0.26277	0.409377	0.189377	0.9128299	6.601316
12468	-3783.232	-3931.325	148.0935	1.234913	0.137328	0.303693	0.450909	0.10807	1.037901	5.091411
12474	-3794.094	-3941.832	147.7374	1.318995	0.154938	0.239861	0.499555	0.105646	1.013675	5.258977
12480	-3784.7	-3932.018	147.3184	1.082899	0.128888	0.350783	0.403563	0.116766	0.8899577	5.680219
12486	-3777.898	-3924.569	146.6719	1.38415	0.128888	0.350783	0.403563	0.116766	0.9547344	5.844645
12492	-3780.754	-3928.639	147.8852	1.605448	0.0973639	0.47199	0.28912	0.141525	1.095452	4.993324
12498	-3787.153	-3932.177	145.0242	2.443227	0.101392	0.491517	0.163397	0.243694	1.02273	6.259237
12504	-3786.539	-3932.278	145.739	1.69179	0.0712034	0.569458	0.189307	0.170032	0.8644419	6.259237
12510	-3783.175	-3929.962	146.7871	1.147575	0.0537201	0.429633	0.388364	0.128282	0.8644419	5.950574
12516	-3786.076	-3930.728	144.6526	1.34954	0.201498	0.326337	0.273783	0.198381	0.6619672	7.114478
12522	-3784.594	-3931.569	146.9751	1.601873	0.115421	0.416024	0.318234	0.150321	0.9380932	5.58445
12528	-3787.967	-3935.101	147.1334	1.608879	0.25028	0.387724	0.107977	0.25402	0.9472494	5.489234
12534	-3788.027	-3933.851	145.8238	1.608879	0.218662	0.313099	0.202323	0.265915	0.9117064	6.224642
12540	-3786.929	-3933.003	146.074	1.709397	0.132885	0.220922	0.356225	0.289969	0.8659334	6.068335
12546	-3792.057	-3938.022	145.9653	2.054565	0.0958903	0.253818	0.373626	0.276665	0.9377145	5.942496
12552	-3788.72	-3936.255	147.5344	2.289638	0.156589	0.286317	0.311772	0.245322	0.9897023	4.956725
12558	-3779.891	-3927.121	147.2304	1.366682	0.111526	0.361147	0.382316	0.14501	0.9212786	5.565458
12564	-3787.046	-3931.639	144.5925	1.535377	0.13465	0.451965	0.157359	0.256027	0.8234274	6.972168
12570	-3791.32	-3935.906	144.5868	1.402058	0.124236	0.438673	0.188593	0.248498	0.9452141	6.972168
12576	-3787.579	-3934.317	146.7371	1.205265	0.05124	0.38983	0.304036	0.254894	0.799894	5.983186
12582	-3789.169	-3934.496	145.3269	1.927763	0.0641277	0.384014	0.232854	0.319004	0.9098251	6.35708
12588	-3796.131	-3941.134	145.0024	1.903211	0.149113	0.512935	0.084406	0.253546	1.002963	6.492776
12594	-3792.638	-3938.669	146.0317	1.856052	0.114503	0.352264	0.245534	0.287699	0.8319008	6.046293
12600	-3797.054	-3944.312	147.2576	2.032017	0.14046	0.48769	0.0117725	0.360077	0.9533443	5.233343
12606	-3779.469	-3923.15	143.6815	2.67709	0.182253	0.418451	0.0033303	0.395966	0.8321017	7.005426
12612	-3785.8	-3929.563	143.7635	2.522928	0.123393	0.450157	0.00779984	0.41865	0.8559161	7.002442
12618	-3786.786	-3934.632	147.8465	2.114963	0.162944	0.493879	0.0120101	0.331167	0.9532463	4.872697
12624	-3787.512	-3936.734	149.2219	1.842881	0.130209	0.323705	0.272768	0.273318	1.104918	4.12913
12630	-3783.397	-3930.251	146.8536	2.148923	0.214555	0.435091	0.0427486	0.307605	1.124363	5.314659
12636	-3789.077	-3934.715	145.638	2.148923	0.196464	0.398406	0.123461	0.281669	0.8842739	6.112449
12642	-3780.817	-3928.353	147.5365	2.119194	0.158095	0.283006	0.184483	0.374415	1.104825	4.959166
12648	-3790.185	-3937.91	147.7253	1.784022	0.149873	0.291032	0.294984	0.264111	0.9632241	5.074613
12654	-3783.275	-3929.924	146.6493	1.569149	0.115536	0.377879	0.322729	0.183856	0.8935736	5.802583
12660	-3787.096	-3935.177	148.0814	1.504174	0.121844	0.376187	0.288532	0.213436	0.9671763	5.003359
12666	-3800.885	-3946.759	145.874	2.913724	0.27649	0.0417255	0.357871	0.323914	1.128783	5.572546
12672	-3789.087	-3934.669	145.5812	1.517042	0.138552	0.46917	0.192883	0.199394	0.859347	6.427019
12678	-3778.943	-3923.951	145.0073	2.20456	0.0978303	0.497695	0.136193	0.268282	0.8479	6.453111
12684	-3784.785	-3929.872	145.0872	2.216133	0.0448141	0.288854	0.462521	0.203811	0.7597328	6.453111
12690	-3781.44	-3926.503	145.0624	1.398786	0.0511713	0.32983	0.366415	0.252584	0.848906	6.769189
12696	-3784.324	-3931.152	146.8284	2.691648	0.104739	0.476979	0.114013	0.304269	0.9644444	5.213436
12702	-3785.992	-3933.246	147.2531	1.834895	0.115209	0.523628	0.026481	0.334683	0.9315467	5.33108
12708	-3777.547	-3925.292	147.745	1.834895	0.0893269	0.500354	0.0398048	0.370514	1.02928	5.004679
12714	-3793.773	-3942.617	148.8438	1.709589	0.173623	0.438606	0.114361	0.27341	1.189753	4.355615
12720	-3790.565	-3936.826	146.2613	1.59599	0.0783525	0.473421	0.17301	0.275216	1.021958	5.932102
12726	-3794.297	-3942.414	148.1172	1.240267	0.0503456	0.47462	0.166187	0.308847	0.9855258	5.104542
12732	-3789.63	-3937.651	148.021	1.346839	0.0792698	0.413917	0.253673	0.25314	1.051283	5.067203
12738	-3792.069	-3940.675	148.6064	1.887698	0.151804	0.421852	0.139528	0.286816	1.063341	4.481155
12744	-3788.619	-3936.241	147.6219	3.108907	0.284786	0.280719	0.0247814	0.409713	1.029653	4.59319
12750	-3797.39	-3945.864	148.4733	1.845785	0.139217	0.562454	0.0862981	0.21203	1.029653	4.59319
12756	-3789.48	-3937.471	147.9908	2.500491	0.139266	0.535283	0.126199	0.199251	1.040356	4.59319
12762	-3788.38	-3935.218	146.8379	2.109816	0.0608966	0.582442	0.139855	0.216806	0.9185073	5.452455
12768	-3783.422	-3931.558	148.1364	1.562005	0.0768133	0.495346	0.111107	0.316733	0.9185073	4.972372
12774	-3786.021	-3932.022	146.001	3.366425	0.243883	0.186463	0.16386	0.405794	1.061874	5.394289
12780	-3783.223	-3927.926	144.7026	3.366425	0.207715	0.351568	0.0964173	0.344299	0.9265362	6.179057
12786	-3773.617	-3919.972	146.3554	2.200467	0.160626	0.381403	0.068378	0.389593	0.9091709	5.686629
12792	-3777.409	-3924.755	147.3456	1.724704	0.15731	0.394175	0.0669662	0.381549	0.9297693	5.329499
12798	-3778.641	-3922.284	143.6432	1.965285	0.16635	0.379887	0.1225	0.331263	0.9288783	7.240165
12804	-3773.396	-3919.245	145.849	2.31462	0.211032	0.430337	0.10614	0.252492	0.8954324	5.927231
12810	-3777.233	-3922.973	145.7393	1.533695	0.0834891	0.590405	0.111499	0.214607	0.9584646	6.279662
12816	-3777.37	-3921.175	143.8058	2.070087	0.260311	0.272216	0.0966216	0.370851	0.9647634	7.091339
12822	-3776.336	-3922.801	146.4654	2.224558	0.160897	0.168256	0.373342	0.297505	1.116161	5.503198
12828	-3775.954	-3922.936	146.9819	2.224558	0.150736	0.326419	0.238313	0.284532	1.07684	5.24012
12834	-3783.307	-3929.298	145.9909	1.667722	0.0881145	0.442517	0.213939	0.25543	0.9917973	6.063543
12840	-3796.111	-3940.918	144.8076	1.800392	0.055862	0.517176	0.128438	0.298525	0.8485899	6.725083
12846	-3796.025	-3940.829	144.8045	1.800392	0.0952406	0.565195	0.0334228	0.306142	0.8408752	6.730913
12852	-3798.95	-3941.882	142.932	2.317279	0.119648	0.386377	0.10938	0.384596	0.8862174	7.507608
12858	-3808.169	-3952.683	144.5139	3.092137	0.193692	0.278355	0.0669632	0.46099	0.7799249	6.446476
12864	-3790.798	-3936.642	145.8445	1.726001	0.129733	0.391675	0.144308	0.334284	0.7925756	6.225855
12870	-3794.349	-3942.154	147.8049	1.936394	0.182693	0.183951	0.229182	0.404174	0.9954559	4.946551
12876	-3787.361	-3935.669	148.3073	1.888598	0.131761	0.215946	0.236035	0.416259	1.085605	4.636225
12882	-3782.793	-3927.464	144.6709	2.308028	0.303667	0.218544	0.0630303	0.414759	0.8007858	6.621278
12888	-3788.864	-3933.896	145.0319	2.531188	0.291837	0.211293	0.098269	0.398601	0.8356669	6.324756
12894	-3788.319	-3933.604	145.2848	2.155585	0.291837	0.211293	0.098269	0.398601	0.8420972	6.324756
12900	-3806.719	-3953.532	146.8131	1.457257	0.191133	0.243465	0.292887	0.272515	0.8793864	5.77332
12906	-3808.7	-3953.493	144.7931	1.529656	0.0860325	0.407263	0.190139	0.316566	0.9003922	6.825192
12912	-3790.607	-3934.402	143.7951	3.465371	0.198441	0.357573	0.107819	0.336166	0.8633115	6.675711
12918	-3798.667	-3944.745	146.0784	2.322393	0.312203	0.138141	0.219733	0.329923	0.815373	5.842661
12924	-3792.973	-3939.817	146.8445	3.109305	0.296343	0.109667	0.240896	0.353093	0.8966112	5.1007
12930	-3795.53	-3941.109	145.579	1.45189	0.13049	0.336607	0.312001	0.220902	0.7706226	6.506859
12936	-3793.077	-3938.645	145.5673	1.365411	0.157246	0.335279	0.241277	0.266197	0.8590015	6.506859
12942	-3789.063	-3933.543	144.4798	1.993049	0.157246	0.335279	0.241277	0.266197	0.8267105	6.833541
12948	-3790.214	-3938.406	148.192	1.7458	0.16735	0.33889	0.251543	0.242216	1.022713	4.798855
12954	-3791.492	-3937.507	146.0152	1.637015	0.182663	0.266222	0.347688	0.203427	0.8097266	6.163262
12960	-3792.703	-3938.294	145.5903	1.823153	0.228216	0.199784	0.25529	0.31671	0.9044199	6.261075
12966	-3801.185	-3946.355	145.1702	1.966315	0.234219	0.40449	0.122254	0.239038	0.8850033	6.439597
12972	-3790.762	-3936.944	146.1817	3.029043	0.185354	0.355309	0.0641741	0.395164	0.9522854	5.462206
12978	-3789.342	-3936.334	146.9921	1.766022	0.215671	0.412288	0.0122332	0.359808	0.8267549	5.562499
12984	-3803.632	-3953.651	150.0195	1.403426	0.19519	0.189734	0.597396	0.0176792	1.029977	3.925626
12990	-3795.636	-3945.344	149.708	1.539037	0.145755	0.278852	0.334209	0.241184	1.092214	4.000735
12996	-3787.373	-3936.131	148.7581	1.394746	0.129417	0.359401	0.297032	0.21415	1.072775	4.62024
13002	-3782.377	-3931.112	148.7348	1.148127	0.0636693	0.386543	0.319464	0.230323	0.9953274	4.804014
13008	-3794.212	-3941.453	147.2405	1.671894	0.0918176	0.359678	0.183148	0.365357	0.9953274	5.375034
13014	-3799.246	-3944.434	145.1874	4.636823	0.153877	0.223473	0.138875	0.483775	0.9953274	5.527079
13020	-3797.171	-3945.477	148.3064	1.46972	0.191817	0.315847	0.200825	0.291512	0.9664522	4.895202
13026	-3806.95	-3955.342	148.3914	1.845693	0.154387	0.294351	0.290631	0.260631	1.03158	4.638092
13032	-3800.768	-3944.619	143.8504	2.152496	0.188291	0.270201	0.217515	0.323993	0.8774929	7.081951
13038	-3797.25	-3943.182	145.9325	2.039302	0.218172	0.2494	0.227853	0.304575	0.8670257	6.005126
13044	-3794.48	-3940.032	145.5518	2.579662	0.260341	0.190435	0.226065	0.32316	0.8713242	6.005126
13050	-3787.986	-3933.268	145.2821	2.016328	0.22975	0.297978	0.31997	0.152303	0.8870827	6.357375
13056	-3788.047	-3936.144	148.0968	1.694312	0.162543	0.405602	0.145826	0.286029	1.016182	4.878831
13062	-3791.042	-3938.2	147.1578	2.334666	0.252242	0.329201	0.172634	0.245923	1.163602	5.051914
13068	-3790.742	-3937.431	146.6884	1.851782	0.0883192	0.485314	0.150535	0.275831	1.051347	5.568758
13074	-3796.918	-3942.889	145.9711	2.211229	0.0901926	0.473874	0.166604	0.269329	0.9351562	5.878587
13080	-3802.352	-3948.111	145.7593	1.804584	0.220322	0.181535	0.317837	0.280306	0.8292883	6.218016
13086	-3791.884	-3939.044	147.1594	1.909831	0.216144	0.209085	0.315934	0.258838	0.9142248	5.360239
13092	-3791.886	-3941.695	149.8094	2.506004	0.237879	0.428673	0.0615916	0.271857	1.115957	3.509727
13098	-3782.508	-3931.602	149.0944	2.273096	0.313476	0.216358	0.093948	0.376218	1.085446	4.031283
13104	-3777.857	-3925.713	147.8554	3.197418	0.234658	0.174824	0.0842791	0.506239	1.171784	4.352775
13110	-3786.39	-3934.036	147.6455	1.701525	0.246297	0.282962	0.136637	0.334104	1.123039	5.067033
13116	-3778.574	-3925.646	147.0728	1.263773	0.132296	0.311711	0.380875	0.175117	1.003741	5.658162
13122	-3777.668	-3924.576	146.9076	2.024834	0.135892	0.29763	0.386602	0.179876	0.95635	5.427774
13128	-3787.899	-3934.798	146.8986	1.33789	0.192163	0.420874	0.234417	0.152546	0.8629921	5.793545
13134	-3780.157	-3927.368	147.2113	1.24954	0.0953523	0.264406	0.376649	0.263592	0.8402711	5.679096
13140	-3776.786	-3922.716	145.9301	1.529679	0.0861665	0.297948	0.340364	0.275521	0.8291918	6.24811
13146	-3783.09	-3928.128	145.0382	2.00387	0.104889	0.362688	0.306205	0.226218	0.8599709	6.509342
13152	-3775.691	-3922.617	146.9266	1.693695	0.0852545	0.374828	0.337412	0.202505	1.008641	5.530688
13158	-3782.719	-3929.316	146.5971	1.750975	0.0587732	0.406368	0.211098	0.323761	0.9484551	5.719098
13164	-3778.67	-3924.511	145.8413	2.717936	0.064824	0.498323	0.033688	0.403165	1.01605	5.719098
13170	-3780.814	-3925.958	145.1441	2.057467	0.0914668	0.476161	0.082844	0.349528	0.8711646	6.424282
13176	-3783.716	-3929.081	145.3651	1.52274	0.095437	0.308359	0.258284	0.33792	0.874014	6.533483
13182	-3785.995	-3932.234	146.2386	1.952754	0.0707496	0.394211	0.284532	0.250507	0.9044622	5.853057
13188	-3790.41	-3937.747	147.3373	1.616952	0.106446	0.429291	0.230882	0.233381	1.112393	5.282112
13194	-3781.271	-3928.225	146.9544	1.44744	0.150675	0.295245	0.331886	0.222195	0.9646429	5.653857
13200	-3777.281	-3923.75	146.469	1.933562	0.134747	0.340078	0.28821	0.236965	0.9617311	5.703615
13206	-3772.123	-3919.08	146.9569	1.357997	0.102465	0.350041	0.267007	0.280487	0.950769	5.703615
13212	-3767.641	-3913.962	146.3212	2.453089	0.131042	0.24945	0.222828	0.39668	0.9037676	5.612342
13218	-3776.062	-3922.426	146.3637	2.147905	0.18785	0.333773	0.2405	0.237877	1.067161	5.616184
13224	-3779	-3925.011	146.0112	2.512056	0.143012	0.254104	0.421787	0.181098	0.9407106	5.740441
13230	-3786.935	-3932.029	145.0941	2.512056	0.189875	0.472313	0.029433	0.308378	0.8201157	6.306288
13236	-3792.949	-3937.949	144.9997	2.553482	0.354442	0.229382	0.0546443	0.361531	0.8871947	6.306288
13242	-3779.538	-3924.4	144.862	2.139851	0.102123	0.338757	0.134551	0.424569	0.7725561	6.597784
13248	-3779.009	-3923.286	144.2772	1.6561	0.0666817	0.450325	0.176899	0.306094	0.808503	7.095402
13254	-3795.453	-3940.877	145.4242	1.84265	0.199037	0.0627379	0.559667	0.178558	0.9568604	6.314514
13260	-3785.004	-3932.226	147.2228	1.925648	0.204252	0.0739319	0.57433	0.147486	1.009716	5.265839
13266	-3795.122	-3939.503	144.3802	1.765047	0.185227	0.0963186	0.588484	0.12997	0.7539937	7.021695
13272	-3795.538	-3942.007	146.4686	2.124186	0.19101	0.0576129	0.588062	0.163315	0.7766501	5.72739
13278	-3789.397	-3935.329	145.9329	1.206002	0.213569	0.169023	0.438275	0.179132	0.8094019	6.415056
13284	-3787.713	-3931.407	143.6935	1.916891	0.174925	0.156108	0.505292	0.163675	0.7601605	7.323521
13290	-3790.637	-3937.283	146.6461	1.077354	0.194867	0.305223	0.390128	0.109782	0.908424	6.040633
13296	-3795.987	-3942.417	146.43	2.341571	0.258497	0.199349	0.252749	0.289406	1.031152	5.524336
13302	-3795.618	-3940.722	145.1039	1.791686	0.267293	0.196545	0.287599	0.248562	0.9558589	6.510516
13308	-3788.602	-3933.67	145.0677	1.998315	0.219714	0.182438	0.39353	0.204317	0.8325441	6.510516
13314	-3794.561	-3940.835	146.2739	2.335369	0.204672	0.251351	0.117707	0.42627	0.9905388	5.634728
13320	-3787.76	-3932.153	144.3932	1.931119	0.118527	0.338563	0.187364	0.355546	0.8267725	6.905532
13326	-3780.292	-3925.589	145.2974	1.997368	0.140607	0.385871	0.157509	0.316014	0.8046687	6.401484
13332	-3780.037	-3925.536	145.4987	1.737425	0.178661	0.345205	0.193423	0.28271	0.8056279	6.401484
13338	-3785.408	-3933.151	147.7432	1.294625	0.111354	0.387029	0.229123	0.272493	0.9134007	5.323455
13344	-3780.694	-3926.921	146.2278	1.674323	0.129485	0.338361	0.307852	0.224302	0.9760846	5.93995
13350	-3778.94	-3924.167	145.2271	1.630504	0.117822	0.315167	0.358084	0.208926	0.9698165	6.507157
13356	-3775.526	-3921.614	146.088	1.780233	0.102915	0.389288	0.268881	0.238916	0.9556365	5.980705
13362	-3781.111	-3925.427	144.3159	2.913504	0.123793	0.197797	0.345155	0.333255	0.8296699	6.58464
13368	-3783.237	-3930.281	147.0441	2.884599	0.0874059	0.23718	0.243703	0.431711	0.9645033	5.026982
13374	-3784.127	-3931.011	146.8843	2.099889	0.0805029	0.276233	0.224456	0.418807	1.153658	5.301205
13380	-3794.862	-3939.799	144.9369	1.984065	0.285275	0.226604	0.144557	0.343563	1.033843	6.478096
13386	-3794.94	-3941.085	146.145	2.371241	0.196183	0.0658399	0.408958	0.329019	0.8412223	5.773684
13392	-3798.816	-3942.867	144.0512	6.264359	0.421644	0.0693397	0.00712783	0.501888	0.7964516	5.892611
13398	-3789.505	-3934.146	144.6409	3.532292	0.29131	0.187731	0.00729507	0.513664	0.7721843	6.246968
13404	-3792.918	-3938.835	145.9169	3.347931	0.306977	0.188662	0.00620988	0.498151	0.9794964	5.491665
13410	-3790.547	-3936.686	146.1394	3.347931	0.232156	0.30103	0.0169501	0.449864	0.9575593	5.381235
13416	-3791.221	-3937.864	146.6425	2.458151	0.202942	0.388985	0.0148172	0.393256	0.9347364	5.416803
13422	-3790.854	-3937.418	146.5633	3.108004	0.168645	0.296135	0.0117221	0.523498	1.091021	5.14924
13428	-3798.618	-3944.829	146.2112	3.206038	0.199183	0.292199	0.0111984	0.49742	0.8958577	5.420043
13434	-3788.886	-3934.329	145.4429	2.47179	0.172943	0.444129	0.00292082	0.380007	0.9665185	6.051532
13440	-3790.682	-3935.769	145.0873	2.415891	0.172943	0.444129	0.00292082	0.380007	1.027797	6.232253
13446	-3787.807	-3933.429	145.6225	2.604841	0.235144	0.204623	0.0435545	0.516679	0.8196978	5.985769
13452	-3789.176	-3933.375	144.1992	2.588836	0.293802	0.223487	0.147688	0.335023	0.8045722	6.771887
13458	-3787.418	-3931.603	144.1849	2.548353	0.161281	0.42877	0.147081	0.262868	0.8453665	6.771887
13464	-3795.42	-3941.401	145.9807	2.409778	0.203356	0.375067	0.0516205	0.369956	0.9423666	5.793836
13470	-3789.068	-3935.69	146.6225	1.706043	0.203541	0.375409	0.0694026	0.351647	1.040245	5.674748
13476	-3780.4	-3927.752	147.3516	2.143445	0.165038	0.274081	0.10044	0.46044	1.071922	5.070335
13482	-3783.426	-3927.787	144.3611	2.720419	0.180805	0.282389	0.357317	0.179488	0.8376327	6.620823
13488	-3782.074	-3927.189	145.1153	1.73811	0.152366	0.292193	0.369722	0.18572	0.7835669	6.620823
13494	-3770.805	-3917.976	147.171	1.165132	0.146987	0.37515	0.35667	0.121193	0.9459853	5.686796
13500	-3786.225	-3933.666	147.441	1.65979	0.0961705	0.563097	0.0237895	0.316943	0.8503455	5.349895
13506	-3788.706	-3933.655	144.9482	1.98593	0.0842241	0.485673	0.0300293	0.400074	0.9610317	6.510661
13512	-3780.579	-3925.807	145.2275	2.0078	0.133305	0.215143	0.373679	0.277873	0.9709177	6.344948
13518	-3777.571	-3925.997	148.4258	1.048153	0.155764	0.157359	0.473212	0.213665	0.9707543	5.043754
13524	-3778.956	-3925.709	146.7533	1.08801	0.161309	0.18604	0.55946	0.0931913	0.8802628	5.991842
13530	-3781.621	-3926.297	144.6759	1.754175	0.119238	0.181509	0.519878	0.179374	0.7870817	6.849235
13536	-3784.771	-3931.032	146.2617	1.2873	0.202604	0.0826048	0.504832	0.209959	0.864961	6.165174
13542	-3781.422	-3928.304	146.8821	1.318296	0.204841	0.0835171	0.553457	0.158184	0.8704008	5.808263
13548	-3780.678	-3929.129	148.4507	1.21274	0.18625	0.166698	0.503225	0.143827	0.9844387	4.934216
13554	-3784.35	-3933.585	149.2344	1.21274	0.228405	0.320934	0.282358	0.168304	1.080698	4.44165
13560	-3790.375	-3936.944	146.5686	2.835139	0.152086	0.475669	0.0381248	0.334121	1.004843	5.284816
13566	-3790.286	-3937.218	146.9318	2.852121	0.15896	0.483431	0.00838693	0.349222	0.9798809	5.091868
13572	-3791.386	-3939.258	147.8721	2.596487	0.224925	0.259442	0.0522598	0.463374	0.9357547	4.682926
13578	-3784.387	-3932.485	148.0977	2.107991	0.136236	0.408105	0.136159	0.3195	1.046958	4.682926
13584	-3789.002	-3938.138	149.1359	1.799205	0.217897	0.256328	0.370894	0.154882	1.122441	4.187609
13590	-3801.076	-3943.964	142.8883	1.729959	0.184449	0.294754	0.270297	0.2505	0.7180932	7.855852
13596	-3792.326	-3937.263	144.9372	1.629056	0.181238	0.311361	0.261261	0.24614	0.7178524	6.800745
13602	-3787.247	-3932.643	145.396	1.913711	0.18876	0.125996	0.528929	0.156316	0.8478424	6.359062
13608	-3773.649	-3918.748	145.0992	1.810597	0.220117	0.240877	0.240013	0.298993	0.9654001	6.499771
13614	-3779.36	-3924.911	145.551	2.137529	0.219805	0.240096	0.242076	0.298023	1.035784	6.081758
13620	-3794.662	-3940.648	145.9868	3.049846	0.177623	0.238087	0.263222	0.321067	0.8302638	5.629588
13626	-3797.517	-3944.019	146.5022	2.369767	0.164204	0.344111	0.21358	0.278105	0.8290848	5.58504
13632	-3794.832	-3941.486	146.6538	3.659006	0.149882	0.225575	0.370694	0.253849	0.8254847	5.076102
13638	-3786.985	-3934.019	147.034	3.048649	0.187442	0.134882	0.40223	0.275446	0.9143889	5.005509
13644	-3799.8	-3945.818	146.0175	1.789962	0.150292	0.297033	0.325037	0.227638	0.727566	6.139211
13650	-3790.812	-3938.129	147.3174	2.016464	0.215857	0.264994	0.192204	0.326945	0.9094968	5.230949
13656	-3785.557	-3931.218	145.6608	2.359003	0.257119	0.0942624	0.406053	0.242566	0.9213262	5.999053
13662	-3780.17	-3926.543	146.373	2.353455	0.235438	0.213594	0.255156	0.295812	0.933457	5.604837
13668	-3786.036	-3932.263	146.2262	1.87621	0.248781	0.326784	0.197782	0.226653	0.8703321	5.91065
13674	-3798.92	-3945.013	146.0934	2.538452	0.19505	0.149059	0.229116	0.426775	1.120143	5.587398
13680	-3785.616	-3931.427	145.8115	1.430695	0.091598	0.332508	0.400957	0.174937	1.00701	6.262587
13686	-3778.996	-3926.252	147.2561	1.430695	0.149616	0.311337	0.371936	0.167111	1.066396	5.440219
13692	-3789.524	-3937.449	147.9249	1.875209	0.0792443	0.507226	0.215419	0.198111	1.101395	4.846961
13698	-3791.262	-3939.268	148.0057	1.875209	0.147588	0.429214	0.114888	0.30831	1.02058	4.846961
13704	-3796.117	-3944.27	148.1528	1.861322	0.200483	0.298605	0.252498	0.248414	1.027265	4.767141
13710	-3790.497	-3937.327	146.8301	3.780977	0.310226	0.213781	0.18324	0.292754	1.140357	4.767141
13716	-3786.405	-3933.223	146.8179	2.930732	0.12017	0.313891	0.21516	0.350779	1.062716	5.082406
13722	-3796.916	-3945.005	148.0886	2.643072	0.197931	0.281171	0.05727	0.463629	1.240914	4.372746
13728	-3794.777	-3943.021	148.2438	3.0411	0.322295	0.208846	0.0151025	0.453757	1.220886	4.15669
13734	-3789.026	-3935.944	146.9178	2.327072	0.324155	0.213149	0.00714977	0.455546	1.020303	5.267013
13740	-3784.958	-3930.016	145.0576	4.329946	0.351474	0.203978	0.00860246	0.435946	0.9223822	5.716746
13746	-3791.881	-3937.362	145.481	3.428743	0.310799	0.180372	0.00388052	0.504948	0.9973934	5.696505
13752	-3798.685	-3944.452	145.7675	3.491398	0.268037	0.234828	0.022176	0.474959	1.048282	5.492325
13758	-3796.815	-3942.576	145.7605	4.064736	0.331245	0.113003	0.0274056	0.528347	0.9036475	5.411715
13764	-3784.818	-3928.842	144.0244	3.400734	0.247443	0.331274	0.0201319	0.401151	0.7918013	6.609654
13770	-3787.902	-3932.016	144.1135	4.490612	0.231502	0.307998	0.0244014	0.436098	0.8868044	6.210207
13776	-3781.297	-3927.193	145.8956	3.583323	0.267335	0.217041	0.0120267	0.503598	0.9228611	5.463508
13782	-3788.839	-3935.534	146.6947	2.657225	0.397203	0.0779961	0.0461936	0.478608	0.9228611	5.322417
13788	-3786.985	-3929.995	143.0108	3.382024	0.293904	0.178539	0.0323683	0.495189	0.882758	7.112905
13794	-3790.133	-3935.085	144.9512	1.788445	0.299859	0.091302	0.280348	0.32849	0.7535884	6.703922
13800	-3781.092	-3926.043	144.9513	2.27307	0.169075	0.154175	0.414111	0.26264	0.819039	6.472791
13806	-3789.547	-3935.956	146.4095	1.68336	0.138774	0.168902	0.543919	0.148405	0.9138542	5.87065
13812	-3806.312	-3951.484	145.1722	1.592309	0.261932	0.0827379	0.337719	0.317611	0.9089445	6.587087
13818	-3813.699	-3958.026	144.3274	2.133138	0.167541	0.116137	0.40274	0.313582	0.7980507	6.875349
13824	-3791.868	-3937.824	145.9555	1.716712	0.229472	0.0532107	0.405825	0.311493	0.8788854	6.122563
13830	-3803.626	-3948.431	144.8046	2.158101	0.213562	0.046981	0.429289	0.310168	0.8055645	6.6038
13836	-3804.053	-3953.648	149.5949	1.486759	0.132375	0.0344539	0.667144	0.166028	1.018049	4.13312
13842	-3788.308	-3935.456	147.1475	2.205368	0.107928	0.27719	0.0617925	0.553089	0.9906245	5.203771
13848	-3784.25	-3931.171	146.9208	2.440336	0.169271	0.381515	0.0279031	0.421312	1.054319	5.203771
13854	-3789.131	-3936.387	147.2563	1.651019	0.300606	0.101904	0.446379	0.15111	0.8376252	5.462657
13860	-3795.464	-3941.905	146.441	1.44559	0.165282	0.0843037	0.459041	0.291374	0.8799731	5.981921
13866	-3789.049	-3935.235	146.1858	1.292581	0.119772	0.331499	0.332646	0.216083	0.7382054	6.272756
13872	-3782.234	-3928.059	145.8245	2.116294	0.181269	0.325799	0.326927	0.166004	0.7858647	6.077348
13878	-3783.771	-3930.92	147.149	1.627831	0.232038	0.165615	0.38985	0.212497	0.8940797	5.501203
13884	-3789.525	-3937.118	147.593	1.172061	0.182203	0.302624	0.201918	0.313256	0.8554319	5.501203
13890	-3793.212	-3940.833	147.6216	1.641787	0.210985	0.350428	0.075848	0.362739	0.8545715	5.256041
13896	-3799.441	-3945.03	145.5892	1.587592	0.168428	0.192411	0.366928	0.272232	0.7739557	6.436509
13902	-3785.797	-3933.331	147.534	2.594441	0.305364	0.244657	0.107186	0.342793	1.00945	4.831404
13908	-3789.595	-3936.072	146.4767	2.063304	0.305284	0.126145	0.213642	0.354928	0.9983988	5.625825
13914	-3781.487	-3929.831	148.3444	1.189308	0.226015	0.214056	0.354562	0.205367	1.016458	4.987826
13920	-3780.065	-3927.523	147.4581	2.528943	0.271623	0.0554622	0.426108	0.246808	0.9936467	4.90643
13926	-3782.085	-3928.478	146.3932	1.946668	0.225982	0.046143	0.471353	0.256522	0.8309875	5.811236
13932	-3798.11	-3941.547	143.4373	5.892741	0.171048	0.121278	0.258673	0.449002	0.9117357	6.241209
13938	-3787.69	-3934.097	146.4074	2.706328	0.247116	0.331432	0.0395749	0.381877	0.9130477	5.468825
13944	-3790.026	-3936.421	146.3949	2.318776	0.290405	0.366768	0.0743796	0.268447	0.9840009	5.578242
13950	-3799.816	-3945.462	145.6458	2.505483	0.235023	0.152694	0.293689	0.318593	0.9626622	5.930673
13956	-3798.112	-3943.775	145.6629	1.896898	0.336209	0.145477	0.263716	0.254598	0.8923702	6.196931
13962	-3802.963	-3951.885	148.9217	1.031631	0.0955015	0.281362	0.37485	0.248287	0.9111344	4.810047
13968	-3790.65	-3938.34	147.6902	1.718968	0.16696	0.256184	0.341306	0.235549	1.10066	5.046795
13974	-3785.285	-3932.337	147.0516	1.718968	0.242816	0.279275	0.219951	0.257959	0.9530441	5.481214
13980	-3794.174	-3938.977	144.8031	2.478278	0.301879	0.0546656	0.380493	0.262962	0.8311582	6.470395
13986	-3796.938	-3943.066	146.1276	2.249981	0.289449	0.0538838	0.397465	0.259202	0.9555371	5.766779
13992	-3788.942	-3935.539	146.597	1.920387	0.215883	0.061971	0.433354	0.288791	1.015149	5.609632
13998	-3786.101	-3934.08	147.9783	1.530437	0.142593	0.185966	0.502521	0.16892	1.116823	4.964954
14004	-3791.815	-3940.771	148.9555	1.643418	0.1803	0.158282	0.447827	0.21359	1.046393	4.40409
14010	-3789.39	-3935.861	146.4714	1.697728	0.156139	0.245058	0.387816	0.210986	1.074479	5.742481
14016	-3793.546	-3942.298	148.7515	1.353254	0.11621	0.190229	0.47711	0.216451	0.9448779	4.716375
14022	-3790.104	-3938.499	148.3953	1.353254	0.0767616	0.302261	0.451699	0.169278	1.132572	4.810496
14028	-3780.468	-3927.204	146.7355	1.674223	0.138889	0.234825	0.327723	0.298563	0.9813952	5.659283
14034	-3796.603	-3941.648	145.0453	2.336685	0.109746	0.302885	0.258957	0.328413	0.9015789	6.353067
14040	-3783.776	-3928.801	145.0254	2.455653	0.0956509	0.443405	0.17471	0.286234	0.8846852	6.329001
14046	-3785.111	-3929.915	144.8034	2.501456	0.162476	0.446549	0.14819	0.242785	0.9843248	6.378772
14052	-3787.58	-3934.435	146.8555	1.982873	0.119758	0.464314	0.172365	0.243563	0.9172153	5.495325
14058	-3789.803	-3933.71	143.9073	1.647117	0.119758	0.464314	0.172365	0.243563	0.9231771	7.236568
14064	-3785.213	-3932.529	147.3165	2.368336	0.12278	0.49035	0.0629994	0.32387	1.231931	4.912822
14070	-3782.757	-3930.697	147.9395	2.212115	0.160895	0.448983	0.0302143	0.359908	1.143952	4.675127
14076	-3778.307	-3926.305	147.9987	2.415685	0.165299	0.379629	0.0853123	0.369759	1.049737	4.615457
14082	-3778.591	-3924.585	145.9937	2.233547	0.212714	0.322462	0.150746	0.314078	0.9394116	5.855226
14088	-3787.477	-3932.498	145.0212	2.247593	0.194531	0.294899	0.243258	0.267312	0.787336	6.461845
14094	-3786.787	-3934.561	147.7741	2.375986	0.150271	0.504132	0.0708142	0.274783	1.068722	4.745718
14100	-3779.107	-3924.845	145.7381	2.533144	0.220288	0.264532	0.12096	0.39422	0.9744185	5.863777
14106	-3794.593	-3940.103	145.5106	2.549074	0.219058	0.0753794	0.271356	0.434206	0.7830476	6.086652
14112	-3788.771	-3935.574	146.8022	2.338252	0.321479	0.0811626	0.292175	0.305183	0.9768162	5.350586
14118	-3795.438	-3941.722	146.283	2.345876	0.184008	0.0709064	0.543136	0.201949	0.9605639	5.642192
14124	-3785.515	-3931.929	146.4142	2.51714	0.258094	0.217036	0.217856	0.307014	0.9923451	5.489055
14130	-3784.415	-3931.617	147.2021	2.51714	0.217084	0.256426	0.194428	0.332062	1.099398	4.994386
14136	-3772.495	-3918.943	146.4483	1.74739	0.213229	0.148193	0.420824	0.217754	0.9027591	5.82713
14142	-3786.101	-3933.218	147.1174	1.386358	0.244336	0.0545551	0.528629	0.17248	0.9274282	5.614453
14148	-3780.44	-3927.259	146.8185	2.258597	0.324421	0.0200986	0.366874	0.288606	0.9379259	5.393666
14154	-3778.637	-3925.038	146.4009	1.805709	0.280228	0.0833674	0.387112	0.249292	0.9626466	5.794846
14160	-3780.133	-3927.913	147.78	1.884624	0.273747	0.0814391	0.357686	0.287128	0.8342937	5.071976
14166	-3774.591	-3920.703	146.1115	2.547994	0.170754	0.337495	0.121165	0.370586	0.8894661	5.700549
14172	-3781.49	-3926.021	144.5308	2.327315	0.206766	0.255199	0.0892934	0.448742	0.8415009	6.667748
14178	-3790.702	-3937.749	147.0473	2.072782	0.191706	0.420736	0.0542206	0.333337	1.090896	5.256853
14184	-3782.5	-3926.911	144.4111	2.168011	0.122531	0.482073	0.0864024	0.308993	0.9741573	6.721518
14190	-3791.503	-3939.165	147.6623	2.137768	0.0871898	0.541323	0.0237304	0.347757	1.016192	4.930957
14196	-3790.988	-3937.363	146.375	2.123276	0.117507	0.467498	0.0155505	0.399445	0.9748196	5.670402
14202	-3800.659	-3947.113	146.4537	1.785311	0.13733	0.38062	0.0544022	0.427648	0.9738501	5.76869
14208	-3794.621	-3940.105	145.484	2.013913	0.137994	0.346253	0.160514	0.35524	0.7799981	6.30689
14214	-3789.944	-3936.679	146.7346	2.319787	0.181641	0.22988	0.0546403	0.533838	1.01387	5.374481
14220	-3793.418	-3940.862	147.4443	2.907194	0.156634	0.358603	0.0244213	0.460342	1.013711	4.769037
14226	-3790.939	-3936.636	145.6969	2.501605	0.259696	0.318519	0.0449202	0.376864	0.9512982	5.910371
14232	-3789.733	-3935.767	146.034	2.098969	0.298219	0.262686	0.0063296	0.432766	0.8951348	5.910371
14238	-3784.444	-3929.697	145.2531	2.351599	0.247956	0.265813	0.11345	0.372781	0.8278119	6.274714
14244	-3780.667	-3925.036	144.369	3.883625	0.310908	0.206312	0.115541	0.367238	0.8082131	6.274714
14250	-3780.934	-3929.672	148.7389	2.058376	0.0913618	0.445299	0.197462	0.265877	1.079197	4.324626
14256	-3774.606	-3923.353	148.7465	1.70497	0.233068	0.307073	0.153528	0.306331	1.071406	4.479329
14262	-3779.742	-3928.417	148.6752	1.424812	0.229789	0.258131	0.264433	0.247647	0.8906935	4.753677
14268	-3789.29	-3937.859	148.5689	1.505015	0.103263	0.418029	0.2366	0.242108	1.131245	4.639406
14274	-3791.356	-3939.928	148.5717	1.571923	0.128688	0.206501	0.455349	0.209462	0.9843964	4.688156
14280	-3778.592	-3926.539	147.9473	1.773217	0.203582	0.299206	0.272455	0.224757	1.068804	4.897318
14286	-3780.84	-3928.953	148.1122	1.662618	0.172931	0.222097	0.405482	0.199489	0.9452914	4.924173
14292	-3804.416	-3949.936	145.52	2.146994	0.298942	0.0775088	0.288152	0.335396	0.8710131	6.184613
14298	-3795.316	-3939.771	144.4547	3.02867	0.317209	0.100227	0.286726	0.295838	0.8473123	6.462405
14304	-3806.704	-3950.457	143.7522	3.609959	0.410879	0.0547796	0.172103	0.362239	0.9371516	6.616684
14310	-3788.111	-3932.759	144.6477	2.24848	0.100479	0.374621	0.152228	0.372672	0.7493721	6.684184
14316	-3794.238	-3939.22	144.982	1.732383	0.14618	0.422773	0.223246	0.207802	0.8042135	6.684184
14322	-3784.922	-3930.024	145.1023	1.601116	0.156431	0.262643	0.275797	0.305128	0.9081586	6.621299
14328	-3795.604	-3940.726	145.1222	1.675352	0.234428	0.298781	0.312125	0.154666	0.8268046	6.621299
14334	-3789.308	-3934.135	144.8266	3.255869	0.297741	0.126	0.0818686	0.49439	0.9312444	6.142982
14340	-3791.217	-3935.792	144.5756	4.327735	0.342794	0.0418569	0.046148	0.569201	0.9357659	5.973537
14346	-3799.189	-3945.905	146.716	5.397602	0.316395	0.0458095	0.0395802	0.598216	1.145029	4.410508
14352	-3793.245	-3939.603	146.3581	6.605242	0.347365	0.0551942	0.105585	0.491856	1.22829	4.303919
14358	-3797.133	-3945.621	148.4881	2.473007	0.234009	0.301045	0.0540529	0.410893	1.074878	4.303919
14364	-3794.41	-3939.607	145.1974	2.315583	0.366254	0.169188	0.239768	0.22479	0.9181692	6.269398
14370	-3800.125	-3948.964	148.8385	1.921917	0.191481	0.401766	0.166401	0.240352	1.259873	4.224146
14376	-3781.21	-3929.872	148.6617	1.454505	0.122725	0.305021	0.34171	0.230545	1.034869	4.665966
14382	-3792.319	-3938.219	145.9005	2.394293	0.265378	0.0409791	0.515012	0.17863	0.9412827	5.844096
14388	-3790.698	-3935.402	144.7047	1.586448	0.165415	0.222875	0.414198	0.197512	0.7764346	6.913748
14394	-3806.941	-3953.699	146.7577	2.186721	0.169151	0.444008	0.170448	0.216392	0.9042727	5.473778
14400	-3795.185	-3942.073	146.8888	1.892641	0.14976	0.370318	0.213793	0.266128	0.9919969	5.473778
14406	-3796.842	-3942.241	145.3991	2.993214	0.160373	0.390928	0.163713	0.284986	0.999499	5.877203
14412	-3790.968	-3938.093	147.1251	1.675755	0.190671	0.341836	0.17278	0.294713	1.038523	5.413051
14418	-3794.565	-3939.9	145.3352	1.35661	0.191507	0.210885	0.301604	0.296004	0.8713947	6.630045
14424	-3791.938	-3938.912	146.9745	2.372303	0.241801	0.121682	0.256823	0.379694	1.013333	5.222347
14430	-3783.245	-3929.729	146.4834	1.90134	0.12865	0.456994	0.160903	0.253453	1.101981	5.632369
14436	-3781.537	-3925.586	144.0484	2.074954	0.138745	0.487154	0.103921	0.27018	0.8711616	7.009243
14442	-3782.401	-3927.649	145.2477	3.588565	0.174169	0.42665	0.111946	0.287234	0.9057042	5.826795
14448	-3789.158	-3934.978	145.8204	1.898219	0.25341	0.219977	0.181787	0.344826	0.8816332	6.116466
14454	-3784.049	-3927.909	143.8604	2.282458	0.331703	0.193756	0.144756	0.329786	0.9604632	6.982152
14460	-3785.872	-3930.331	144.4596	2.082948	0.156703	0.348099	0.131249	0.36395	0.8662552	6.787056
14466	-3798.424	-3944.436	146.0113	1.997468	0.258082	0.247931	0.144452	0.349534	0.9857713	5.914363
14472	-3782.425	-3927.269	144.8444	2.953867	0.339656	0.0348578	0.319277	0.306209	0.8847714	6.254927
14478	-3799.615	-3944.205	144.5895	2.721559	0.179084	0.0184551	0.59342	0.209041	0.8847714	6.471261
14484	-3790.173	-3936.122	145.9486	2.333174	0.300702	0.0927771	0.35939	0.247131	0.8945112	5.866304
14490	-3788.044	-3934.182	146.1373	2.282639	0.237791	0.110599	0.312197	0.339413	0.8508237	5.806244
14496	-3785.541	-3931.183	145.6426	3.063738	0.236477	0.262681	0.255036	0.245806	1.001642	5.719838
14502	-3783.7	-3931.498	147.7984	1.764896	0.194589	0.227506	0.262766	0.315139	1.01605	5.013164
14508	-3789.41	-3936.791	147.3812	1.507232	0.288299	0.119509	0.396949	0.195243	0.9856962	5.37908
14514	-3793.207	-3940.901	147.6937	1.133117	0.131104	0.317474	0.422873	0.128549	0.8901147	5.447184
14520	-3785.819	-3930.437	144.6178	2.23573	0.091333	0.474959	0.057427	0.376281	0.8491202	6.651269
14526	-3786.854	-3931.313	144.4587	2.875843	0.123916	0.450443	0.168536	0.257105	0.7461861	6.564995
14532	-3785.766	-3929.925	144.1595	3.277514	0.181092	0.304051	0.201099	0.313759	0.8084395	6.564995
14538	-3787.01	-3933.872	146.8623	1.599216	0.155337	0.469898	0.105628	0.269137	0.8562469	5.692483
14544	-3774.369	-3920.617	146.2482	1.708941	0.101877	0.507152	0.0905601	0.300411	0.8723212	5.970049
14550	-3780.61	-3927.976	147.3658	2.35534	0.114531	0.362373	0.101809	0.421288	1.024403	5.005797
14556	-3781.951	-3926.83	144.8781	2.868018	0.162689	0.439859	0.123578	0.273874	0.9165451	6.247763
14562	-3786.044	-3933.714	147.6699	1.616758	0.320463	0.135886	0.377521	0.166129	1.017408	5.15078
14568	-3786.844	-3933.772	146.9283	1.793782	0.160965	0.177274	0.41167	0.250091	1.046515	5.46463
14574	-3783.96	-3927.735	143.7746	2.623162	0.191525	0.273336	0.289453	0.245686	0.9639805	6.9029
14580	-3783.54	-3927.505	143.9656	2.623162	0.191484	0.190457	0.356365	0.261694	0.7729504	6.9029
14586	-3787.368	-3932.856	145.4878	2.223112	0.208411	0.250307	0.228661	0.312621	0.8153667	6.202704
14592	-3784.899	-3933.422	148.5237	1.583893	0.163781	0.381773	0.208769	0.245676	0.9816276	4.710879
14598	-3788.922	-3933.865	144.9426	3.079858	0.287139	0.0998142	0.21782	0.395227	0.8194689	6.196172
14604	-3783.14	-3928.787	145.6477	2.13735	0.298833	0.094007	0.431345	0.175815	0.7290488	6.196172
14610	-3781.676	-3927.693	146.0171	1.479125	0.241456	0.060983	0.540882	0.156679	0.8812542	6.196172
14616	-3779.604	-3923.651	144.0471	1.906245	0.226447	0.270811	0.355803	0.14694	0.8175997	7.107102
14622	-3777.738	-3920.601	142.8636	2.041248	0.203124	0.150997	0.300098	0.345782	0.8397413	7.67517
14628	-3778.414	-3924.602	146.188	1.929052	0.22321	0.151214	0.295844	0.329732	0.8200798	5.936693
14634	-3782.721	-3927.859	145.1372	1.646884	0.184311	0.248949	0.388163	0.178577	0.781366	6.650422
14640	-3795.62	-3943.739	148.1185	1.153165	0.256882	0.147858	0.480575	0.114685	0.9434348	5.172652
14646	-3786.094	-3933.83	147.7361	1.566368	0.215937	0.00752098	0.620251	0.156292	0.9735281	5.161843
14652	-3798.103	-3946.37	148.2665	1.250625	0.101747	0.311939	0.351636	0.234677	1.009019	5.00329
14658	-3800.66	-3948.76	148.0998	1.480484	0.122092	0.22628	0.370028	0.281601	0.9693244	5.00329
14664	-3803.665	-3950.795	147.1303	1.757213	0.206994	0.154373	0.439834	0.198798	1.09397	5.343224
14670	-3792.471	-3939.107	146.6359	2.682935	0.295838	0.0388044	0.428643	0.236715	1.069745	5.264665
14676	-3795.218	-3941.312	146.0939	2.375564	0.177708	0.142694	0.397587	0.282011	0.9973656	5.714532
14682	-3790.299	-3935.92	145.6215	1.782419	0.27199	0.216011	0.202859	0.30914	0.84613	6.293311
14688	-3790.104	-3935.524	145.4201	2.081142	0.288825	0.196738	0.212763	0.301673	0.8818605	6.259173
14694	-3782.586	-3927.239	144.6529	1.89165	0.21118	0.314023	0.127576	0.347221	0.888819	6.748365
14700	-3782.191	-3927.399	145.208	2.044037	0.160696	0.238954	0.282782	0.317567	0.7744053	6.447449
14706	-3792.084	-3935.009	142.9245	2.493097	0.253072	0.188218	0.165536	0.393174	0.7628556	7.513659
14712	-3792.413	-3937.334	144.9211	1.7609	0.200177	0.265732	0.223094	0.310996	0.840928	6.684886
14718	-3788.077	-3932.681	144.6044	1.730225	0.107265	0.284004	0.332314	0.276417	0.8465107	6.866171
14724	-3786.268	-3933.952	147.6839	1.731169	0.116314	0.295997	0.287881	0.299808	1.112331	5.038348
14730	-3774.781	-3921.895	147.1144	1.558368	0.15179	0.22943	0.301327	0.317453	1.12919	5.422946
14736	-3779.914	-3924.755	144.8404	1.962102	0.284451	0.0763569	0.335932	0.30326	0.9464535	6.586676
14742	-3773.772	-3921.854	148.0815	1.610037	0.183394	0.101529	0.519556	0.195521	0.979254	4.946665
14748	-3779.396	-3926.088	146.6921	1.577376	0.213187	0.00746315	0.66515	0.1142	0.8697953	5.788362
14754	-3783.86	-3930.021	146.161	2.02475	0.354456	0.00963921	0.434321	0.201584	1.04616	5.788362
14760	-3787.056	-3932.619	145.5624	1.465871	0.153869	0.19451	0.369428	0.282193	0.9650343	6.403872
14766	-3790.346	-3935.248	144.9016	1.845904	0.166376	0.305639	0.399456	0.128529	0.9633992	6.592843
14772	-3796.82	-3941.387	144.5671	2.367568	0.261038	0.185684	0.354816	0.198461	1.026246	6.53317
14778	-3791.917	-3936.978	145.0604	1.961769	0.219	0.146357	0.391238	0.243405	0.8944376	6.495897
14784	-3809.899	-3956.22	146.3217	2.495547	0.146694	0.352527	0.38419	0.11659	0.9591436	5.566072
14790	-3797.739	-3944.643	146.9039	2.332842	0.254339	0.0216068	0.352141	0.371913	1.083385	5.237632
14796	-3792.715	-3939.69	146.9742	2.427507	0.320067	0.0244293	0.369196	0.286308	1.026133	5.194595
14802	-3791.034	-3937.147	146.1123	2.427507	0.205765	0.197291	0.115288	0.481656	1.11241	5.621949
14808	-3779.767	-3925.192	145.425	3.189823	0.333339	0.0752344	0.192802	0.398625	0.8317827	5.891515
14814	-3789.696	-3935.211	145.5157	3.248436	0.293793	0.204654	0.0752426	0.42631	0.9335323	5.767901
14820	-3785.227	-3934.541	149.3132	2.206841	0.200487	0.205997	0.131152	0.462364	1.072848	3.940188
14826	-3779.136	-3926.671	147.5349	2.206841	0.14637	0.29091	0.259939	0.302781	0.9729367	4.998198
14832	-3781.73	-3929.811	148.0813	1.392056	0.129878	0.32974	0.365474	0.174909	1.133606	4.965487
14838	-3780.839	-3928.94	148.1006	1.387652	0.146373	0.325957	0.162958	0.364712	1.05986	4.997904
14844	-3777.97	-3926.491	148.5203	1.758434	0.15987	0.434014	0.177984	0.228133	1.046203	4.596337
14850	-3779.859	-3927.074	147.2149	2.213461	0.127786	0.346914	0.238438	0.286862	1.064286	5.122468
14856	-3781.483	-3930.099	148.6156	1.647314	0.112831	0.376567	0.174928	0.335674	1.173896	4.521867
14862	-3789.095	-3933.723	144.6276	2.675615	0.318959	0.213079	0.0835667	0.384395	0.982915	6.413243
14868	-3786.753	-3931.063	144.3102	3.420847	0.415778	0.101887	0.0952054	0.38713	0.8575293	6.413243
14874	-3785.259	-3932.947	147.6882	1.812385	0.302917	0.100329	0.304617	0.292137	0.997869	5.063489
14880	-3780.276	-3923.442	143.1655	2.520056	0.342113	0.0916731	0.307624	0.25859	0.7729584	7.369447
14886	-3788.306	-3935.031	146.7251	2.211679	0.209511	0.269583	0.356617	0.164289	0.8363837	5.51927
14892	-3789.434	-3937.305	147.8711	2.039561	0.104266	0.364008	0.316869	0.214857	1.027478	4.848571
14898	-3780.664	-3925.612	144.9478	1.568286	0.124044	0.411256	0.221954	0.242746	0.9136497	6.7168
14904	-3788.676	-3934.966	146.2898	1.860432	0.189254	0.241209	0.228914	0.340623	0.7967532	5.922768
14910	-3793.285	-3939.106	145.8202	1.367391	0.128476	0.243913	0.447594	0.180017	0.8585553	6.369028
14916	-3789.006	-3935.696	146.6898	1.721289	0.159519	0.275446	0.241087	0.323948	0.8997108	5.708112
14922	-3783.954	-3931.023	147.069	1.948951	0.192295	0.29455	0.122645	0.39051	0.8782737	5.41338
14928	-3789.477	-3937.105	147.6282	1.219197	0.148902	0.348889	0.199821	0.302388	0.935292	5.41338
14934	-3796.602	-3944.769	148.1673	1.219197	0.111111	0.32647	0.292207	0.270212	1.0035	5.077718
14940	-3798.184	-3945.424	147.2401	1.700888	0.125077	0.318509	0.238425	0.317989	0.812289	5.46298
14946	-3797.399	-3945.072	147.6723	1.823919	0.116165	0.346925	0.0964123	0.440498	0.905829	5.118319
14952	-3787.376	-3934.651	147.2758	1.742294	0.152952	0.456791	0.0894177	0.300839	1.061468	5.287489
14958	-3790.114	-3935.911	145.7973	1.864927	0.156242	0.34916	0.172363	0.322235	1.006969	6.074883
14964	-3786.293	-3933.125	146.8322	1.637306	0.168064	0.302569	0.119507	0.40986	1.010254	5.607102
14970	-3784.875	-3929.745	144.8701	1.84453	0.13148	0.484645	0.0756404	0.308234	0.8410913	6.676575
14976	-3789.865	-3935.54	145.6754	2.15166	0.251791	0.380339	0.107819	0.260051	1.025998	6.013721
14982	-3784.875	-3933.235	148.3596	1.3778	0.0944981	0.430565	0.15732	0.317617	0.9580682	4.915369
14988	-3777.429	-3924.86	147.4315	1.397805	0.0937283	0.38772	0.232541	0.286011	0.9733553	5.410916
14994	-3783.173	-3931.118	147.9449	1.209832	0.0774242	0.377897	0.35583	0.188849	0.8981018	5.263989
15000	-3784.767	-3932.899	148.1322	1.101645	0.113926	0.361243	0.374911	0.14992	0.9411673	5.193828
15006	-3795.645	-3943.973	148.3279	1.731138	0.255428	0.388756	0.195782	0.160034	1.104861	4.683614
15012	-3783.039	-3929.805	146.7669	2.152428	0.179422	0.256304	0.271596	0.292678	0.9872241	5.436639
15018	-3776.885	-3923.203	146.318	2.903204	0.193115	0.275864	0.238396	0.292625	0.938265	5.436639
15024	-3792.672	-3940.672	147.9997	1.892033	0.14056	0.20079	0.297498	0.361152	1.007739	4.850188
15030	-3791.819	-3938.131	146.3122	2.610192	0.171659	0.228593	0.23253	0.367218	1.072967	5.467209
15036	-3783.559	-3929.811	146.2517	1.701075	0.0949642	0.310064	0.391822	0.20315	0.9728845	5.916712
15042	-3788.821	-3931.571	142.75	1.266123	0.0695684	0.311475	0.364322	0.254635	0.8105927	8.094078
15048	-3780.277	-3926.421	146.1439	1.789388	0.189613	0.377576	0.301305	0.131506	0.9393591	5.955096
15054	-3801.147	-3949.069	147.9222	1.424352	0.0328365	0.393827	0.171173	0.402164	0.9421737	5.144075
15060	-3785	-3933.562	148.5611	2.265343	0.243377	0.251532	0.253068	0.252023	0.9935659	4.389132
15066	-3784.961	-3930.998	146.0361	4.256923	0.288392	0.172456	0.230429	0.308723	0.9768252	5.167242
15072	-3779.418	-3926.301	146.883	2.870462	0.188998	0.175975	0.281981	0.353046	0.8812918	5.167242
15078	-3785.531	-3932.517	146.9859	2.560942	0.246503	0.229518	0.210814	0.313165	1.073712	5.112529
15084	-3796.704	-3943.864	147.1601	2.514683	0.224447	0.272432	0.217976	0.285144	0.9300911	5.112529
15090	-3784.023	-3931.495	147.4713	1.817456	0.111968	0.371442	0.223812	0.292778	1.101755	5.123936
15096	-3790.974	-3940.098	149.1237	1.638915	0.125178	0.392076	0.250219	0.232527	1.176051	4.237786
15102	-3786.243	-3933.36	147.1177	1.940307	0.109731	0.486699	0.11523	0.288341	1.182542	5.222232
15108	-3786.242	-3931.669	145.427	2.562993	0.158568	0.378406	0.181678	0.281348	1.024069	5.995816
15114	-3777.715	-3923.621	145.9058	1.80106	0.175227	0.195518	0.290937	0.338319	1.093599	5.995816
15120	-3811.8	-3958.233	146.433	3.444966	0.324322	0.0070613	0.251454	0.417163	1.089086	5.116492
15126	-3807.113	-3954.767	147.6537	3.040242	0.344877	0.00195644	0.26739	0.385776	1.012411	4.607752
15132	-3792.801	-3938.645	145.8446	1.999512	0.0385327	0.423159	0.309958	0.22835	0.9727981	6.011582
15138	-3791.792	-3940.603	148.8109	1.09523	0.102461	0.154398	0.480291	0.26285	0.9271624	4.828107
15144	-3789.642	-3937.099	147.4567	2.8565	0.246163	0.305053	0.145887	0.302898	1.030814	4.76992
15150	-3791.526	-3938.749	147.2231	1.600108	0.189048	0.258262	0.352595	0.200095	0.9350722	5.450574
15156	-3786.197	-3933.488	147.2911	1.526182	0.161321	0.23414	0.437977	0.166563	1.117989	5.346817
15162	-3789.812	-3936.194	146.3822	1.313981	0.179639	0.32563	0.289339	0.205392	0.8898698	6.072707
15168	-3785.859	-3932.194	146.3348	1.937021	0.166765	0.209277	0.38746	0.236497	1.008785	5.749906
15174	-3783.738	-3929.267	145.5294	1.913178	0.0857361	0.430748	0.11946	0.364055	0.8439144	6.288975
15180	-3788.867	-3936.938	148.0709	1.728467	0.103555	0.460617	0.125301	0.310527	1.083446	4.840353
15186	-3798.514	-3944.025	145.5113	2.055513	0.126237	0.237013	0.258208	0.378542	1.070006	6.117523
15192	-3790.366	-3936.868	146.5016	1.761447	0.132526	0.35018	0.256112	0.261182	0.9373031	5.772883
15198	-3802.442	-3947.274	144.8313	2.587907	0.140343	0.31848	0.264591	0.276586	0.7815846	6.442702
15204	-3790.919	-3937.22	146.3004	1.982407	0.218452	0.257557	0.101692	0.422299	0.915683	5.80088
15210	-3786.406	-3932.83	146.4247	2.067996	0.219392	0.200953	0.299953	0.279701	1.012577	5.64467
15216	-3792.017	-3939.697	147.6799	1.291911	0.1711	0.319301	0.43683	0.0727692	0.9001828	5.367013
15222	-3787.377	-3935.24	147.8626	0.9920696	0.195925	0.126099	0.606785	0.0711903	1.005333	5.367013
15228	-3794.935	-3942.811	147.8766	0.9195856	0.104921	0.293533	0.542851	0.0586954	1.064691	5.367013
15234	-3792.209	-3938.774	146.5645	1.95362	0.0450819	0.460729	0.209744	0.284445	0.858649	5.699426
15240	-3788.563	-3933.74	145.1769	1.745193	0.190093	0.260947	0.336012	0.212948	0.9009228	6.520841
15246	-3794.332	-3941.116	146.7838	2.555434	0.251432	0.18947	0.308607	0.250491	0.9518872	5.293765
15252	-3787.341	-3932.813	145.4725	2.527807	0.216678	0.266487	0.24007	0.276765	0.8844842	6.059751
15258	-3792.799	-3938.743	145.9444	2.086514	0.220204	0.174978	0.213136	0.391682	0.8972264	5.963137
15264	-3791.006	-3938.041	147.0352	2.196381	0.327039	0.00072132	0.474018	0.198221	0.8969957	5.321049
15270	-3789.561	-3936.271	146.7099	2.045844	0.238625	0.00098226	0.49755	0.262843	0.9370757	5.538548
15276	-3791.178	-3938.339	147.161	1.818375	0.251692	0.00103605	0.513219	0.234053	1.000653	5.350956
15282	-3786.804	-3932.076	145.2716	1.888468	0.228417	0.118818	0.481965	0.1708	0.9073572	6.404837
15288	-3783.637	-3928.569	144.9323	1.45213	0.230543	0.173427	0.440075	0.155955	0.8404205	6.818623
15294	-3797.942	-3942.732	144.7902	1.7895	0.173128	0.341084	0.151531	0.334257	0.7793335	6.776539
15300	-3794.389	-3939.509	145.1194	1.982203	0.233927	0.300125	0.190188	0.27576	0.9511327	6.424776
15306	-3787.761	-3932.636	144.8753	2.324512	0.0716367	0.53633	0.0472796	0.344753	0.9478071	6.424776
15312	-3797.091	-3942.14	145.0493	1.986112	0.170297	0.345305	0.168912	0.315486	0.9521493	6.460662
15318	-3785.468	-3930.252	144.7847	2.179368	0.169151	0.387322	0.167775	0.275752	0.8063342	6.605906
15324	-3783.171	-3929.436	146.2647	2.197547	0.165025	0.307928	0.128595	0.398451	0.9743633	5.701785
15330	-3780.922	-3926.773	145.8513	2.196965	0.274644	0.212048	0.125243	0.388065	0.9024029	5.967449
15336	-3781.488	-3927.456	145.968	2.092165	0.140679	0.284801	0.140178	0.434342	0.8907339	5.951529
15342	-3781.674	-3926.506	144.8322	1.981611	0.199222	0.365975	0.143284	0.291519	0.850102	6.635265
15348	-3784.977	-3930.704	145.7271	2.203416	0.197415	0.362654	0.208467	0.231463	0.9176339	6.024364
15354	-3779.928	-3926.342	146.4135	1.961409	0.265859	0.252383	0.119206	0.362552	1.02136	5.68976
15360	-3778.278	-3925.394	147.116	1.71717	0.141607	0.17371	0.411645	0.273039	0.9921612	5.425013
15366	-3774.52	-3920.367	145.8465	1.483695	0.130856	0.436485	0.180348	0.25231	0.8854471	6.284469
15372	-3780.102	-3926.061	145.9585	1.483695	0.184607	0.361262	0.23054	0.223592	1.000975	6.160797
15378	-3776.793	-3924.034	147.2405	1.822797	0.137466	0.313766	0.278582	0.270186	1.05173	5.276953
15384	-3780.981	-3926.458	145.4772	1.835799	0.177232	0.502629	0.0982737	0.221866	0.9004463	6.319258
15390	-3780.689	-3925.735	145.046	1.297099	0.171678	0.48688	0.126528	0.214914	0.8067228	6.850344
15396	-3789.063	-3932.306	143.2432	2.119256	0.170174	0.274959	0.145191	0.409676	0.9407853	7.387022
